Player ID,Full Name,Season,Primary Club,Secondary Club,Appearances,Wins,Losses,Goals,Yellow cards,Red cards,Fouls,Penalties scored,Freekicks scored,Shots,Shots on target,Shooting accuracy %,Assists,Passes per match,Big chances missed,Big Chances Created,Tackles,Offsides
2,Tammy Abraham,2021/2022,Chelsea,No Club,0,0,0,0,0,0,0,0,0,0,0,0,0,0.0,0,0,0,0
2,Tammy Abraham,2020/2021,Chelsea,No Club,22,11,5,6,0,0,22,0,0,32,13,41,1,9.32,4,1,7,4
2,Tammy Abraham,2019/2020,Aston Villa,Chelsea,34,19,10,15,2,0,17,0,0,88,40,45,3,11.97,22,3,8,23
2,Tammy Abraham,2018/2019,Chelsea,No Club,0,0,0,0,0,0,0,0,0,0,0,0,0,0.0,0,0,0,0
3,Adam Armstrong,2021/2022,Southampton,No Club,23,4,11,2,1,0,13,0,0,47,14,30,2,13.17,4,1,10,2
4,Che Adams,2021/2022,Southampton,No Club,30,7,13,7,0,0,29,0,0,49,24,49,3,15.37,9,6,13,7
4,Che Adams,2020/2021,Southampton,No Club,36,11,18,9,1,0,30,0,0,55,31,56,5,16.94,17,9,25,19
4,Che Adams,2019/2020,Southampton,No Club,30,13,12,4,0,0,17,0,0,36,10,28,2,8.27,8,5,6,10
7,Sergio Agüero,2021/2022,Manchester City,No Club,0,0,0,0,0,0,0,0,0,0,0,0,0,0.0,0,0,0,0
7,Sergio Agüero,2020/2021,Manchester City,No Club,12,9,1,4,0,0,2,1,0,19,12,63,1,14.25,2,3,4,1
7,Sergio Agüero,2019/2020,Manchester City,No Club,24,16,6,16,1,0,9,2,0,76,28,37,3,14.75,12,4,7,6
7,Sergio Agüero,2018/2019,Manchester City,No Club,33,28,3,21,3,0,21,2,0,118,43,36,8,23.36,10,6,17,26
26,Julián Álvarez,2021/2022,Manchester City,No Club,0,0,0,0,0,0,0,0,0,0,0,0,0,0.0,0,0,0,0
28,William Alves,2021/2022,Leicester City,No Club,0,0,0,0,0,0,0,0,0,0,0,0,0,0.0,0,0,0,0
34,Florin Andone,2021/2022,Brighton and Hove Albion,No Club,0,0,0,0,0,0,0,0,0,0,0,0,0,0.0,0,0,0,0
34,Florin Andone,2020/2021,Brighton and Hove Albion,No Club,0,0,0,0,0,0,0,0,0,0,0,0,0,0.0,0,0,0,0
34,Florin Andone,2019/2020,Brighton and Hove Albion,No Club,3,1,1,1,0,1,2,0,0,1,1,100,0,4.0,0,0,1,0
34,Florin Andone,2018/2019,Brighton and Hove Albion,No Club,23,4,13,3,5,0,28,0,0,19,8,42,0,7.17,3,0,10,4
40,Michail Antonio,2021/2022,West Ham United,No Club,36,16,12,10,6,1,50,0,0,83,29,35,8,17.08,10,7,23,13
40,Michail Antonio,2020/2021,West Ham United,No Club,26,14,6,10,3,0,29,0,0,63,25,40,5,17.42,9,3,7,15
40,Michail Antonio,2019/2020,West Ham United,No Club,24,7,12,10,3,0,41,1,0,68,31,46,3,18.58,14,7,13,11
40,Michail Antonio,2018/2019,West Ham United,No Club,33,12,14,6,3,0,34,0,0,65,25,38,4,20.24,5,6,23,10
43,Cameron Archer,2021/2022,Aston Villa,No Club,3,1,2,0,0,0,3,0,0,1,0,0,0,1.33,0,0,0,0
43,Cameron Archer,2020/2021,Aston Villa,No Club,0,0,0,0,0,0,0,0,0,0,0,0,0,0.0,0,0,0,0
43,Cameron Archer,2019/2020,Aston Villa,No Club,0,0,0,0,0,0,0,0,0,0,0,0,0,0.0,0,0,0,0
51,Pierre-Emerick Aubameyang,2021/2022,Arsenal,No Club,14,7,5,4,3,0,15,0,0,35,18,51,1,13.86,6,0,11,10
51,Pierre-Emerick Aubameyang,2020/2021,Arsenal,No Club,29,13,11,10,2,0,13,2,0,57,22,39,3,21.52,7,3,12,17
51,Pierre-Emerick Aubameyang,2019/2020,Arsenal,No Club,36,14,10,22,3,1,14,2,1,93,42,45,3,22.69,10,7,31,20
51,Pierre-Emerick Aubameyang,2018/2019,Arsenal,No Club,36,20,9,22,0,0,13,4,0,94,40,43,5,19.22,23,8,21,23
55,Taiwo Awoniyi,2021/2022,Liverpool,No Club,0,0,0,0,0,0,0,0,0,0,0,0,0,0.0,0,0,0,0
55,Taiwo Awoniyi,2020/2021,Liverpool,No Club,0,0,0,0,0,0,0,0,0,0,0,0,0,0.0,0,0,0,0
55,Taiwo Awoniyi,2019/2020,Liverpool,No Club,0,0,0,0,0,0,0,0,0,0,0,0,0,0.0,0,0,0,0
55,Taiwo Awoniyi,2018/2019,Liverpool,No Club,0,0,0,0,0,0,0,0,0,0,0,0,0,0.0,0,0,0,0
56,Jordan Ayew,2021/2022,Crystal Palace,No Club,31,8,12,3,2,0,38,0,0,35,8,23,3,21.58,4,4,47,2
56,Jordan Ayew,2020/2021,Crystal Palace,No Club,33,10,17,1,4,0,45,0,0,26,11,42,3,19.18,2,0,38,5
56,Jordan Ayew,2019/2020,Crystal Palace,No Club,37,11,16,9,6,0,59,0,0,58,24,41,2,22.0,5,4,48,9
56,Jordan Ayew,2018/2019,Crystal Palace,No Club,20,8,8,1,3,0,31,0,0,27,3,11,2,13.25,1,1,38,9
63,Leon Bailey,2021/2022,Aston Villa,No Club,18,5,12,1,3,0,12,0,0,21,8,38,2,10.44,0,1,17,4
70,Gareth Bale,2021/2022,Tottenham Hotspur,No Club,0,0,0,0,0,0,0,0,0,0,0,0,0,0.0,0,0,0,0
70,Gareth Bale,2020/2021,Tottenham Hotspur,No Club,20,9,9,11,1,0,9,0,0,38,19,50,2,18.3,2,2,17,5
71,Folarin Balogun,2021/2022,Arsenal,No Club,2,0,2,0,0,0,0,0,0,3,0,0,0,4.5,0,0,1,1
71,Folarin Balogun,2020/2021,Arsenal,No Club,0,0,0,0,0,0,0,0,0,0,0,0,0,0.0,0,0,0,0
71,Folarin Balogun,2019/2020,Arsenal,No Club,0,0,0,0,0,0,0,0,0,0,0,0,0,0.0,0,0,0,0
73,Patrick Bamford,2021/2022,Leeds United,No Club,9,2,3,2,2,0,5,0,0,20,5,25,2,11.56,2,2,1,5
73,Patrick Bamford,2020/2021,Leeds United,No Club,38,18,15,17,3,0,36,2,0,107,48,45,7,13.39,21,5,21,18
80,Ashley Barnes,2021/2022,Burnley,No Club,23,4,13,1,4,0,21,1,0,16,6,38,0,8.26,1,1,11,9
80,Ashley Barnes,2020/2021,Burnley,No Club,22,6,10,3,4,0,46,1,0,38,13,34,0,13.82,3,0,12,17
80,Ashley Barnes,2019/2020,Burnley,No Club,19,7,9,6,4,0,35,1,0,40,12,30,0,13.21,7,0,10,13
80,Ashley Barnes,2018/2019,Burnley,No Club,37,10,20,12,8,0,54,2,0,65,30,46,2,14.0,13,6,28,22
82,Louie Barry,2021/2022,Aston Villa,No Club,0,0,0,0,0,0,0,0,0,0,0,0,0,0.0,0,0,0,0
82,Louie Barry,2020/2021,Aston Villa,No Club,0,0,0,0,0,0,0,0,0,0,0,0,0,0.0,0,0,0,0
84,Michy Batshuayi,2021/2022,Crystal Palace,Chelsea,0,0,0,0,0,0,0,0,0,0,0,0,0,0.0,0,0,0,0
84,Michy Batshuayi,2020/2021,Crystal Palace,Chelsea,18,5,11,2,0,0,12,0,0,12,6,50,1,9.28,3,2,5,11
84,Michy Batshuayi,2019/2020,Crystal Palace,Chelsea,16,7,6,1,0,0,4,0,0,15,2,13,1,4.88,4,0,4,7
84,Michy Batshuayi,2018/2019,Crystal Palace,Chelsea,11,7,3,5,0,0,7,0,0,27,10,37,0,14.82,3,0,2,12
94,J'Neil Bennett,2021/2022,Tottenham Hotspur,No Club,0,0,0,0,0,0,0,0,0,0,0,0,0,0.0,0,0,0,0
95,Saïd Benrahma,2021/2022,West Ham United,No Club,32,14,11,8,0,0,9,0,0,63,22,35,6,23.81,4,5,28,9
95,Saïd Benrahma,2020/2021,West Ham United,No Club,30,16,9,1,0,0,14,0,0,35,12,34,6,16.13,3,5,24,2
98,Christian Benteke,2021/2022,Crystal Palace,No Club,25,6,8,4,3,0,16,0,0,39,13,33,1,11.92,8,2,3,10
98,Christian Benteke,2020/2021,Crystal Palace,No Club,30,8,14,10,1,1,35,0,0,71,34,48,1,19.17,5,0,15,14
98,Christian Benteke,2019/2020,Crystal Palace,No Club,24,8,11,2,4,1,25,0,0,41,19,46,1,14.04,3,4,9,12
98,Christian Benteke,2018/2019,Crystal Palace,No Club,16,6,8,1,1,0,18,0,0,26,8,31,1,15.06,6,3,5,10
101,Steven Bergwijn,2021/2022,Tottenham Hotspur,No Club,25,16,8,3,1,0,9,0,0,19,10,53,1,6.6,3,1,3,1
101,Steven Bergwijn,2020/2021,Tottenham Hotspur,No Club,21,10,6,1,3,0,20,0,0,15,6,40,3,19.81,5,0,15,1
101,Steven Bergwijn,2019/2020,Tottenham Hotspur,No Club,14,7,3,3,2,0,7,0,0,9,4,44,1,17.43,0,1,10,0
103,Bernard,2021/2022,Everton,No Club,0,0,0,0,0,0,0,0,0,0,0,0,0,0.0,0,0,0,0
103,Bernard,2020/2021,Everton,No Club,12,2,10,1,2,0,6,0,0,6,2,33,0,21.0,0,0,8,0
103,Bernard,2019/2020,Everton,No Club,27,9,10,3,2,0,19,0,0,12,5,42,2,20.0,1,3,32,0
103,Bernard,2018/2019,Everton,No Club,34,14,13,1,5,0,17,0,0,23,5,22,3,23.71,4,4,49,2
110,Mika Biereth,2021/2022,Arsenal,No Club,0,0,0,0,0,0,0,0,0,0,0,0,0,0.0,0,0,0,0
113,Harvey Blair,2021/2022,Liverpool,No Club,0,0,0,0,0,0,0,0,0,0,0,0,0,0.0,0,0,0,0
122,Jarrod Bowen,2021/2022,West Ham United,No Club,36,15,13,12,6,0,25,0,0,79,34,43,10,19.83,13,9,36,14
122,Jarrod Bowen,2020/2021,West Ham United,No Club,38,19,11,8,0,0,15,0,0,55,16,29,5,16.32,7,11,26,15
122,Jarrod Bowen,2019/2020,West Ham United,No Club,13,4,6,1,0,0,4,0,0,24,7,29,4,16.38,2,4,19,1
126,Mungo Bridge,2021/2022,Aston Villa,No Club,0,0,0,0,0,0,0,0,0,0,0,0,0,0.0,0,0,0,0
126,Mungo Bridge,2020/2021,Aston Villa,No Club,0,0,0,0,0,0,0,0,0,0,0,0,0,0.0,0,0,0,0
127,Nathan Broadhead,2021/2022,Everton,No Club,0,0,0,0,0,0,0,0,0,0,0,0,0,0.0,0,0,0,0
127,Nathan Broadhead,2020/2021,Everton,No Club,1,0,0,0,0,0,0,0,0,0,0,0,0,2.0,0,0,1,0
127,Nathan Broadhead,2018/2019,Everton,No Club,0,0,0,0,0,0,0,0,0,0,0,0,0,0.0,0,0,0,0
128,Armando Broja,2021/2022,Southampton,Chelsea,32,8,12,6,2,0,29,0,0,45,21,47,0,12.38,5,2,12,13
128,Armando Broja,2020/2021,Chelsea,No Club,0,0,0,0,0,0,0,0,0,0,0,0,0,0.0,0,0,0,0
128,Armando Broja,2019/2020,Chelsea,No Club,1,1,0,0,0,0,0,0,0,0,0,0,0,1.0,0,0,0,0
144,Dominic Calvert-Lewin,2021/2022,Everton,No Club,17,6,9,5,2,0,17,2,0,33,13,39,2,16.29,3,3,11,4
144,Dominic Calvert-Lewin,2020/2021,Everton,No Club,33,16,11,16,3,0,37,0,0,83,46,55,0,20.45,17,1,17,18
144,Dominic Calvert-Lewin,2019/2020,Everton,No Club,36,12,14,13,9,0,57,0,0,85,38,45,1,15.36,17,1,7,13
144,Dominic Calvert-Lewin,2018/2019,Everton,No Club,35,14,14,6,3,0,34,0,0,52,16,31,2,12.29,7,2,13,6
145,Leonardo Campana,2021/2022,Wolverhampton Wanderers,No Club,0,0,0,0,0,0,0,0,0,0,0,0,0,0.0,0,0,0,0
145,Leonardo Campana,2020/2021,Wolverhampton Wanderers,No Club,0,0,0,0,0,0,0,0,0,0,0,0,0,0.0,0,0,0,0
145,Leonardo Campana,2019/2020,Wolverhampton Wanderers,No Club,0,0,0,0,0,0,0,0,0,0,0,0,0,0.0,0,0,0,0
147,Sergi Canós,2021/2022,Brentford,No Club,31,9,16,3,6,1,28,0,0,33,13,39,2,21.55,2,3,56,5
150,Carlos Vinícius,2021/2022,Tottenham Hotspur,No Club,0,0,0,0,0,0,0,0,0,0,0,0,0,0.0,0,0,0,0
150,Carlos Vinícius,2020/2021,Tottenham Hotspur,No Club,9,5,2,1,2,0,11,0,0,7,4,57,0,5.11,1,0,3,2
151,Andy Carroll,2021/2022,Newcastle United,No Club,0,0,0,0,0,0,0,0,0,0,0,0,0,0.0,0,0,0,0
151,Andy Carroll,2020/2021,Newcastle United,No Club,18,4,10,1,1,0,12,0,0,14,2,14,0,7.56,0,0,3,4
151,Andy Carroll,2019/2020,Newcastle United,West Ham United,19,8,6,0,1,0,17,0,0,16,3,19,4,10.95,2,2,5,6
151,Andy Carroll,2018/2019,West Ham United,No Club,12,5,5,0,2,0,11,0,0,14,6,43,0,11.33,4,0,4,3
158,Edinson Cavani,2021/2022,Manchester United,No Club,15,6,5,2,0,0,7,0,0,18,8,44,1,15.33,6,1,4,6
158,Edinson Cavani,2020/2021,Manchester United,No Club,26,13,4,10,4,0,21,0,0,34,15,44,3,12.92,7,5,12,6
168,Chiquinho,2021/2022,Wolverhampton Wanderers,No Club,8,2,4,0,0,0,9,0,0,5,2,40,3,9.38,1,2,9,0
187,Aaron Connolly,2021/2022,Brighton and Hove Albion,No Club,4,1,1,0,0,0,0,0,0,2,0,0,0,4.75,1,1,0,0
187,Aaron Connolly,2020/2021,Brighton and Hove Albion,No Club,17,3,8,2,0,0,6,0,0,23,9,39,1,5.41,5,0,6,8
187,Aaron Connolly,2019/2020,Brighton and Hove Albion,No Club,24,7,11,3,0,0,16,0,0,38,14,37,1,6.08,5,1,7,14
187,Aaron Connolly,2018/2019,Brighton and Hove Albion,No Club,0,0,0,0,0,0,0,0,0,0,0,0,0,0.0,0,0,0,0
190,Theo Corbeanu,2021/2022,Wolverhampton Wanderers,No Club,0,0,0,0,0,0,0,0,0,0,0,0,0,0.0,0,0,0,0
190,Theo Corbeanu,2020/2021,Wolverhampton Wanderers,No Club,1,0,1,0,0,0,0,0,0,0,0,0,0,2.0,0,0,2,0
190,Theo Corbeanu,2019/2020,Wolverhampton Wanderers,No Club,0,0,0,0,0,0,0,0,0,0,0,0,0,0.0,0,0,0,0
192,Maxwel Cornet,2021/2022,Burnley,No Club,26,4,13,9,2,0,20,0,1,47,22,47,1,14.5,5,2,16,26
193,Dara Costelloe,2021/2022,Burnley,No Club,0,0,0,0,0,0,0,0,0,0,0,0,0,0.0,0,0,0,0
201,Cristiano Ronaldo,2021/2022,Manchester United,No Club,30,14,9,18,8,0,16,3,1,110,43,39,3,29.3,13,7,8,33
202,Cucho Hernández,2021/2022,Watford,No Club,25,5,18,5,3,0,13,0,0,34,11,32,2,13.48,1,3,13,1
204,Tiago Çukur,2021/2022,Watford,No Club,0,0,0,0,0,0,0,0,0,0,0,0,0,0.0,0,0,0,0
207,Patrick Cutrone,2021/2022,Wolverhampton Wanderers,No Club,0,0,0,0,0,0,0,0,0,0,0,0,0,0.0,0,0,0,0
207,Patrick Cutrone,2020/2021,Wolverhampton Wanderers,No Club,2,0,2,0,0,0,0,0,0,1,0,0,0,1.0,0,0,0,0
207,Patrick Cutrone,2019/2020,Wolverhampton Wanderers,No Club,12,5,2,2,0,0,5,0,0,11,4,36,0,4.92,2,1,4,4
208,Renat Dadahov,2021/2022,Wolverhampton Wanderers,No Club,0,0,0,0,0,0,0,0,0,0,0,0,0,0.0,0,0,0,0
208,Renat Dadahov,2019/2020,Wolverhampton Wanderers,No Club,0,0,0,0,0,0,0,0,0,0,0,0,0,0.0,0,0,0,0
210,Patson Daka,2021/2022,Leicester City,No Club,23,7,10,5,2,0,17,0,0,26,16,62,3,9.57,4,2,15,7
211,Sam Dalby,2021/2022,Watford,No Club,0,0,0,0,0,0,0,0,0,0,0,0,0,0.0,0,0,0,0
211,Sam Dalby,2019/2020,Watford,No Club,0,0,0,0,0,0,0,0,0,0,0,0,0,0.0,0,0,0,0
222,Keinan Davis,2021/2022,Aston Villa,No Club,1,0,1,0,0,0,0,0,0,0,0,0,0,3.0,0,0,0,0
222,Keinan Davis,2020/2021,Aston Villa,No Club,15,3,7,1,0,0,4,0,0,9,2,22,1,4.87,0,1,2,0
222,Keinan Davis,2019/2020,Aston Villa,No Club,18,3,9,0,0,0,12,0,0,17,5,29,0,7.56,3,0,1,3
228,Troy Deeney,2021/2022,Watford,No Club,2,1,1,0,0,0,0,0,0,2,0,0,0,3.5,0,0,0,0
228,Troy Deeney,2019/2020,Watford,No Club,27,7,15,10,3,0,37,5,0,45,23,51,2,26.26,9,8,19,12
228,Troy Deeney,2018/2019,Watford,No Club,32,11,14,9,4,1,42,1,0,64,30,47,5,25.84,8,8,24,13
229,Liam Delap,2021/2022,Manchester City,No Club,1,1,0,0,0,0,1,0,0,0,0,0,0,1.0,0,0,0,0
229,Liam Delap,2020/2021,Manchester City,No Club,1,0,1,0,0,0,1,0,0,1,0,0,0,6.0,0,0,0,0
232,Emmanuel Dennis,2021/2022,Watford,No Club,33,6,24,10,7,1,59,0,0,60,26,43,6,17.42,5,7,51,12
233,Halil Dervisoglu,2021/2022,Brentford,No Club,0,0,0,0,0,0,0,0,0,0,0,0,0,0.0,0,0,0,0
236,Amad Diallo,2021/2022,Manchester United,No Club,0,0,0,0,0,0,0,0,0,0,0,0,0,0.0,0,0,0,0
236,Amad Diallo,2020/2021,Manchester United,No Club,3,1,1,0,0,0,2,0,0,1,1,100,1,21.0,0,1,3,0
237,Luis Díaz,2021/2022,Liverpool,No Club,13,11,0,4,0,0,14,0,0,38,13,34,3,33.77,3,2,9,3
239,Thomas Dickson-Peters,2021/2022,Norwich City,No Club,0,0,0,0,0,0,0,0,0,0,0,0,0,0.0,0,0,0,0
244,Diogo Jota,2021/2022,Liverpool,No Club,35,25,2,15,3,0,41,0,0,90,33,37,4,21.26,14,7,39,5
244,Diogo Jota,2020/2021,Liverpool,Wolverhampton Wanderers,19,11,3,9,2,0,25,0,0,46,26,57,0,22.42,7,2,12,1
244,Diogo Jota,2019/2020,Wolverhampton Wanderers,No Club,34,12,9,7,4,0,42,0,0,69,26,38,1,24.71,12,3,28,3
244,Diogo Jota,2018/2019,Wolverhampton Wanderers,No Club,33,15,10,9,11,0,42,0,0,58,24,41,5,22.58,8,10,28,6
248,Lewis Dobbin,2021/2022,Everton,No Club,3,1,0,0,1,0,1,0,0,0,0,0,0,2.67,0,0,2,0
259,Josip Drmic,2021/2022,Norwich City,No Club,0,0,0,0,0,0,0,0,0,0,0,0,0,0.0,0,0,0,0
259,Josip Drmic,2019/2020,Norwich City,No Club,21,3,18,1,0,1,6,0,0,14,6,43,0,7.62,3,1,3,7
267,Odsonne Édouard,2021/2022,Crystal Palace,No Club,28,9,8,6,4,0,25,1,0,40,18,45,3,14.82,6,2,16,4
268,Samuel Edozie,2021/2022,Manchester City,No Club,0,0,0,0,0,0,0,0,0,0,0,0,0,0.0,0,0,0,0
270,Anwar El Ghazi,2021/2022,Everton,Aston Villa,11,4,6,1,2,0,8,1,0,8,3,38,1,10.18,0,1,5,2
270,Anwar El Ghazi,2020/2021,Aston Villa,No Club,28,10,13,10,2,0,18,4,0,64,30,47,0,18.68,4,1,16,5
270,Anwar El Ghazi,2019/2020,Aston Villa,No Club,34,7,19,4,3,0,20,1,0,52,20,38,4,14.09,7,4,20,12
271,Anthony Elanga,2021/2022,Manchester United,No Club,21,8,7,2,0,0,8,0,0,21,7,33,2,19.67,3,3,26,3
271,Anthony Elanga,2020/2021,Manchester United,No Club,2,1,1,1,0,0,2,0,0,2,1,50,0,26.5,0,0,4,1
286,Fábio Silva,2021/2022,Wolverhampton Wanderers,No Club,22,10,11,0,0,0,13,0,0,19,6,32,0,6.18,4,1,3,4
286,Fábio Silva,2020/2021,Wolverhampton Wanderers,No Club,32,9,17,4,2,0,20,1,0,48,17,35,3,10.09,4,1,6,5
294,Evan Ferguson,2021/2022,Brighton and Hove Albion,No Club,1,0,1,0,0,0,0,0,0,0,0,0,0,5.0,0,0,0,0
302,Ashley Fletcher,2021/2022,Watford,No Club,3,0,3,0,0,0,1,0,0,2,1,50,0,2.0,1,0,2,0
310,Marcus Forss,2021/2022,Brentford,No Club,7,2,5,0,0,0,3,0,0,5,0,0,1,5.14,0,1,3,0
321,Gabriel Jesus,2021/2022,Manchester City,No Club,28,21,2,8,1,0,26,1,0,64,25,39,8,26.39,7,8,18,10
321,Gabriel Jesus,2020/2021,Manchester City,No Club,29,21,5,9,2,0,28,0,0,55,16,29,4,25.24,5,5,17,17
321,Gabriel Jesus,2019/2020,Manchester City,No Club,34,23,8,14,3,0,27,0,0,101,48,48,7,17.91,24,4,17,19
321,Gabriel Jesus,2018/2019,Manchester City,No Club,29,24,3,7,1,0,12,1,0,43,25,58,3,12.31,18,4,10,13
323,Gabriel Martinelli,2021/2022,Arsenal,No Club,29,16,11,6,1,1,24,1,0,52,16,31,6,18.14,8,5,27,10
323,Gabriel Martinelli,2020/2021,Arsenal,No Club,14,8,3,2,0,0,9,0,0,20,8,40,1,10.29,2,3,7,1
323,Gabriel Martinelli,2019/2020,Arsenal,No Club,14,3,3,3,1,0,9,0,0,12,5,42,0,8.29,1,0,20,2
329,Dwight Gayle,2021/2022,Newcastle United,No Club,8,3,2,0,1,0,2,0,0,2,0,0,0,2.0,0,1,1,0
329,Dwight Gayle,2020/2021,Newcastle United,No Club,18,4,9,1,0,0,6,0,0,16,7,44,1,6.0,5,0,2,3
329,Dwight Gayle,2019/2020,Newcastle United,No Club,20,3,10,4,2,0,6,0,0,23,10,43,2,7.25,5,2,12,2
329,Dwight Gayle,2018/2019,Newcastle United,No Club,-1,-1,-1,-1,-1,-1,-1,-1,-1,-1,-1,-1,-1,-1.0,-1,-1,-1,-1
331,Joe Gelhardt,2021/2022,Leeds United,No Club,-1,-1,-1,-1,-1,-1,-1,-1,-1,-1,-1,-1,-1,-1.0,-1,-1,-1,-1
331,Joe Gelhardt,2020/2021,Leeds United,No Club,0,0,0,0,0,0,0,0,0,0,0,0,0,0.0,0,0,0,0
333,Saman Ghoddos,2021/2022,Brentford,No Club,17,3,9,1,2,0,12,0,0,8,3,38,1,11.18,1,3,17,0
338,Bryan Gil,2021/2022,Tottenham Hotspur,No Club,9,4,4,0,0,0,1,0,0,1,1,100,0,6.22,0,0,3,0
339,Alex Gilbert,2021/2022,Brentford,No Club,0,0,0,0,0,0,0,0,0,0,0,0,0,0.0,0,0,0,0
343,Olivier Giroud,2021/2022,Chelsea,No Club,-1,-1,-1,-1,-1,-1,-1,-1,-1,-1,-1,-1,-1,-1.0,-1,-1,-1,-1
343,Olivier Giroud,2020/2021,Chelsea,No Club,17,8,3,4,1,0,15,0,0,29,11,38,0,12.88,6,1,4,6
343,Olivier Giroud,2019/2020,Chelsea,No Club,18,10,6,8,1,0,17,0,0,39,19,49,0,16.61,6,1,8,9
343,Olivier Giroud,2018/2019,Chelsea,No Club,27,16,6,2,1,0,12,0,0,32,10,31,4,9.67,5,3,3,6
353,Demarai Gray,2021/2022,Everton,No Club,34,10,19,5,3,0,12,0,0,65,17,26,4,18.62,0,6,30,3
353,Demarai Gray,2020/2021,Leicester City,No Club,1,0,0,0,0,0,0,0,0,1,0,0,0,9.0,0,0,1,0
353,Demarai Gray,2019/2020,Leicester City,No Club,-1,-1,-1,-1,-1,-1,-1,-1,-1,-1,-1,-1,-1,-1.0,-1,-1,-1,-1
353,Demarai Gray,2018/2019,Leicester City,No Club,34,14,14,4,2,0,14,0,0,47,19,40,1,19.32,5,0,25,3
355,Sam Greenwood,2021/2022,Leeds United,No Club,7,3,2,0,0,0,7,0,0,4,0,0,2,10.43,0,1,8,2
355,Sam Greenwood,2020/2021,Leeds United,No Club,0,0,0,0,0,0,0,0,0,0,0,0,0,0.0,0,0,0,0
356,Jack Grieves,2021/2022,Watford,No Club,0,0,0,0,0,0,0,0,0,0,0,0,0,0.0,0,0,0,0
368,Viktor Gyökeres,2021/2022,Brighton and Hove Albion,No Club,0,0,0,0,0,0,0,0,0,0,0,0,0,0.0,0,0,0,0
368,Viktor Gyökeres,2020/2021,Brighton and Hove Albion,No Club,0,0,0,0,0,0,0,0,0,0,0,0,0,0.0,0,0,0,0
368,Viktor Gyökeres,2019/2020,Brighton and Hove Albion,No Club,0,0,0,0,0,0,0,0,0,0,0,0,0,0.0,0,0,0,0
368,Viktor Gyökeres,2018/2019,Brighton and Hove Albion,No Club,0,0,0,0,0,0,0,0,0,0,0,0,0,0.0,0,0,0,0
383,Hélder Costa,2021/2022,Leeds United,No Club,1,0,1,0,0,0,1,0,0,1,0,0,0,5.0,0,0,0,0
383,Hélder Costa,2020/2021,Leeds United,No Club,22,8,10,3,0,0,20,0,0,16,6,38,3,13.77,3,0,25,3
383,Hélder Costa,2019/2020,Wolverhampton Wanderers,No Club,0,0,0,0,0,0,0,0,0,0,0,0,0,0.0,0,0,0,0
383,Hélder Costa,2018/2019,Wolverhampton Wanderers,No Club,25,9,10,1,3,0,20,0,0,25,7,28,2,17.68,3,3,18,6
391,Thomas Hill,2021/2022,Liverpool,No Club,0,0,0,0,0,0,0,0,0,0,0,0,0,0.0,0,0,0,0
391,Thomas Hill,2020/2021,Liverpool,No Club,0,0,0,0,0,0,0,0,0,0,0,0,0,0.0,0,0,0,0
391,Thomas Hill,2019/2020,Liverpool,No Club,0,0,0,0,0,0,0,0,0,0,0,0,0,0.0,0,0,0,0
403,Joe Hugill,2021/2022,Manchester United,No Club,0,0,0,0,0,0,0,0,0,0,0,0,0,0.0,0,0,0,0
407,Hwang Hee-Chan,2021/2022,Wolverhampton Wanderers,No Club,30,12,13,5,2,0,29,0,0,27,12,44,1,20.87,4,2,27,3
409,Adam Idah,2021/2022,Norwich City,No Club,17,3,10,1,0,0,7,0,0,14,4,29,1,7.76,1,0,9,10
409,Adam Idah,2019/2020,Norwich City,No Club,12,0,11,0,0,0,2,0,0,6,2,33,0,4.0,1,0,2,1
410,Kelechi Iheanacho,2021/2022,Leicester City,No Club,26,8,13,4,1,0,17,0,0,31,12,39,5,13.42,3,5,10,7
410,Kelechi Iheanacho,2020/2021,Leicester City,No Club,-1,-1,-1,-1,-1,-1,-1,-1,-1,-1,-1,-1,-1,-1.0,-1,-1,-1,-1
410,Kelechi Iheanacho,2019/2020,Leicester City,No Club,20,7,8,5,1,0,24,0,0,36,20,56,3,13.35,5,3,3,9
410,Kelechi Iheanacho,2018/2019,Leicester City,No Club,30,9,15,1,2,0,14,0,0,18,6,33,3,9.2,3,3,6,8
411,Danny Ings,2021/2022,Aston Villa,Southampton,30,11,15,7,4,0,16,1,0,49,18,37,6,12.03,6,2,23,11
411,Danny Ings,2020/2021,Southampton,No Club,29,11,14,12,1,0,19,2,0,57,27,47,4,17.28,6,3,22,18
411,Danny Ings,2019/2020,Southampton,No Club,38,15,16,22,3,0,36,1,0,93,38,41,2,16.92,8,2,42,12
411,Danny Ings,2018/2019,Southampton,Liverpool,24,6,8,7,1,0,16,3,0,55,23,42,3,16.33,8,6,30,6
414,Alex Iwobi,2021/2022,Everton,No Club,28,11,13,2,1,0,16,0,0,24,6,25,2,24.86,3,3,40,3
414,Alex Iwobi,2020/2021,Everton,No Club,30,13,10,1,0,0,13,0,0,15,3,20,2,19.83,1,3,27,0
414,Alex Iwobi,2019/2020,Everton,Arsenal,25,7,12,1,0,0,12,0,0,23,10,43,0,22.28,3,2,25,0
414,Alex Iwobi,2018/2019,Arsenal,No Club,35,19,9,3,0,0,8,0,0,35,14,40,6,27.17,3,10,28,2
415,José Izquierdo,2021/2022,Brighton and Hove Albion,No Club,0,0,0,0,0,0,0,0,0,0,0,0,0,0.0,0,0,0,0
415,José Izquierdo,2020/2021,Brighton and Hove Albion,No Club,-1,-1,-1,-1,-1,-1,-1,-1,-1,-1,-1,-1,-1,-1.0,-1,-1,-1,-1
415,José Izquierdo,2019/2020,Brighton and Hove Albion,No Club,0,0,0,0,0,0,0,0,0,0,0,0,0,0.0,0,0,0,0
415,José Izquierdo,2018/2019,Brighton and Hove Albion,No Club,15,6,6,0,1,0,6,0,0,15,3,20,1,13.67,0,0,15,4
417,Alireza Jahanbakhsh,2021/2022,Brighton and Hove Albion,No Club,-1,-1,-1,-1,-1,-1,-1,-1,-1,-1,-1,-1,-1,-1.0,-1,-1,-1,-1
417,Alireza Jahanbakhsh,2020/2021,Brighton and Hove Albion,No Club,-1,-1,-1,-1,-1,-1,-1,-1,-1,-1,-1,-1,-1,-1.0,-1,-1,-1,-1
417,Alireza Jahanbakhsh,2019/2020,Brighton and Hove Albion,No Club,10,2,4,2,0,0,2,0,0,12,2,17,0,11.2,0,2,8,1
417,Alireza Jahanbakhsh,2018/2019,Brighton and Hove Albion,No Club,19,5,11,0,2,0,19,0,0,21,6,29,0,14.58,0,0,32,6
429,Jeong Sang-Bin,2021/2022,Wolverhampton Wanderers,No Club,-1,-1,-1,-1,-1,-1,-1,-1,-1,-1,-1,-1,-1,-1.0,-1,-1,-1,-1
430,Raúl Jiménez,2021/2022,Wolverhampton Wanderers,No Club,-1,-1,-1,-1,-1,-1,-1,-1,-1,-1,-1,-1,-1,-1.0,-1,-1,-1,-1
430,Raúl Jiménez,2020/2021,Wolverhampton Wanderers,No Club,10,5,3,4,0,0,9,0,0,26,10,38,0,25.9,2,0,3,4
430,Raúl Jiménez,2019/2020,Wolverhampton Wanderers,No Club,-1,-1,-1,-1,-1,-1,-1,-1,-1,-1,-1,-1,-1,-1.0,-1,-1,-1,-1
430,Raúl Jiménez,2018/2019,Wolverhampton Wanderers,No Club,38,16,13,13,4,0,42,2,0,111,35,32,7,27.87,10,13,30,33
433,João Pedro,2021/2022,Watford,No Club,28,3,21,3,1,0,13,0,0,47,16,34,1,19.57,6,5,20,6
433,João Pedro,2019/2020,Watford,No Club,3,0,3,0,0,0,1,0,0,1,0,0,0,3.0,0,0,0,0
435,Joelinton,2021/2022,Newcastle United,No Club,35,12,13,4,8,0,64,0,0,45,14,31,1,26.03,3,0,72,3
435,Joelinton,2020/2021,Newcastle United,No Club,31,9,13,4,3,0,24,1,0,44,21,48,2,18.77,4,4,33,6
435,Joelinton,2019/2020,Newcastle United,No Club,38,11,16,2,7,0,32,0,0,50,15,30,2,21.58,8,3,34,20
437,Tyreece John-Jules,2021/2022,Arsenal,No Club,0,0,0,0,0,0,0,0,0,0,0,0,0,0.0,0,0,0,0
437,Tyreece John-Jules,2020/2021,Arsenal,No Club,0,0,0,0,0,0,0,0,0,0,0,0,0,0.0,0,0,0,0
437,Tyreece John-Jules,2019/2020,Arsenal,No Club,0,0,0,0,0,0,0,0,0,0,0,0,0,0.0,0,0,0,0
437,Tyreece John-Jules,2018/2019,Arsenal,No Club,0,0,0,0,0,0,0,0,0,0,0,0,0,0.0,0,0,0,0
447,Samuel Kalu,2021/2022,Watford,No Club,4,0,3,0,0,0,0,0,0,4,1,25,0,15.25,1,1,2,3
448,Abu Kamara,2021/2022,Norwich City,No Club,0,0,0,0,0,0,0,0,0,0,0,0,0,0.0,0,0,0,0
449,Harry Kane,2021/2022,Tottenham Hotspur,No Club,37,21,11,17,5,0,42,4,0,133,55,41,9,23.62,18,19,15,16
449,Harry Kane,2020/2021,Tottenham Hotspur,No Club,35,17,10,23,1,0,26,4,0,137,53,39,14,25.94,13,14,22,13
449,Harry Kane,2019/2020,Tottenham Hotspur,No Club,29,13,8,18,4,0,37,2,0,81,37,46,2,19.07,7,4,18,20
449,Harry Kane,2018/2019,Tottenham Hotspur,No Club,28,17,10,17,5,0,31,4,0,102,46,45,4,19.68,11,7,9,10
455,Kayky,2021/2022,Manchester City,No Club,1,1,0,0,0,0,1,0,0,0,0,0,0,2.0,0,0,0,0
456,Moise Kean,2021/2022,Everton,No Club,1,0,0,0,0,0,0,0,0,0,0,0,0,1.0,0,0,0,0
456,Moise Kean,2020/2021,Everton,No Club,2,2,0,0,0,0,1,0,0,1,0,0,0,3.0,0,0,0,0
456,Moise Kean,2019/2020,Everton,No Club,29,7,13,2,1,0,27,0,0,30,13,43,2,4.31,4,5,6,4
461,Kenedy,2021/2022,Chelsea,No Club,1,1,0,0,0,0,0,0,0,1,0,0,1,46.0,0,1,5,0
461,Kenedy,2019/2020,Newcastle United,Chelsea,-1,-1,-1,-1,-1,-1,-1,-1,-1,-1,-1,-1,-1,-1.0,-1,-1,-1,-1
461,Kenedy,2018/2019,Newcastle United,Chelsea,25,8,12,1,1,0,19,0,0,31,6,19,1,18.48,3,1,30,5
467,Joshua King,2021/2022,Watford,Everton,-1,-1,-1,-1,-1,-1,-1,-1,-1,-1,-1,-1,-1,-1.0,-1,-1,-1,-1
467,Joshua King,2020/2021,Everton,No Club,11,4,5,0,0,0,4,0,0,3,1,33,0,4.45,1,0,4,3
467,Joshua King,2019/2020,Bournemouth,No Club,26,6,13,6,0,0,37,3,0,26,13,50,4,19.19,3,8,16,7
467,Joshua King,2018/2019,Bournemouth,No Club,35,12,17,12,3,0,53,5,0,72,23,32,3,22.91,10,9,30,7
487,Alexandre Lacazette,2021/2022,Arsenal,No Club,30,17,10,4,0,0,32,2,0,46,15,33,7,14.8,6,4,27,6
487,Alexandre Lacazette,2020/2021,Arsenal,No Club,31,14,12,13,3,0,37,3,0,45,29,64,2,16.58,9,2,18,8
487,Alexandre Lacazette,2019/2020,Arsenal,No Club,30,9,9,10,8,0,44,0,0,52,26,50,4,16.83,5,4,31,13
487,Alexandre Lacazette,2018/2019,Arsenal,No Club,35,18,10,13,2,0,51,0,1,81,30,37,8,22.03,13,6,35,24
519,Jürgen Locadia,2021/2022,Brighton and Hove Albion,No Club,1,0,0,0,0,0,1,0,0,1,0,0,0,1.0,0,0,0,0
519,Jürgen Locadia,2019/2020,Brighton and Hove Albion,No Club,2,1,1,0,0,0,0,0,0,2,1,50,0,9.5,1,0,0,0
519,Jürgen Locadia,2018/2019,Brighton and Hove Albion,No Club,26,5,15,2,1,0,22,0,0,28,10,36,0,12.73,3,1,15,11
525,Ademola Lookman,2021/2022,Leicester City,No Club,26,7,11,6,2,0,27,0,0,26,12,46,0,19.5,3,1,32,6
525,Ademola Lookman,2020/2021,Fulham,No Club,34,5,16,4,5,0,46,0,0,69,23,33,4,30.85,4,9,35,12
525,Ademola Lookman,2019/2020,Everton,No Club,0,0,0,0,0,0,0,0,0,0,0,0,0,0.0,0,0,0,0
525,Ademola Lookman,2018/2019,Everton,No Club,21,7,8,0,0,0,8,0,0,12,3,25,2,12.05,2,3,15,2
530,Lucas Moura,2021/2022,Tottenham Hotspur,No Club,34,20,10,2,4,0,20,0,0,37,12,32,6,21.32,1,11,25,3
530,Lucas Moura,2020/2021,Tottenham Hotspur,No Club,30,15,10,3,1,0,23,0,0,18,6,33,4,18.97,1,3,32,3
530,Lucas Moura,2019/2020,Tottenham Hotspur,No Club,35,15,11,4,3,0,30,0,0,56,14,25,4,22.09,6,6,57,5
530,Lucas Moura,2018/2019,Tottenham Hotspur,No Club,32,19,12,10,3,0,25,0,0,45,20,44,0,22.59,11,1,34,14
531,Romelu Lukaku,2021/2022,Chelsea,No Club,26,14,5,8,1,0,8,1,0,43,15,35,0,12.19,3,4,2,14
531,Romelu Lukaku,2019/2020,Manchester United,No Club,0,0,0,0,0,0,0,0,0,0,0,0,0,0.0,0,0,0,0
531,Romelu Lukaku,2018/2019,Manchester United,No Club,32,15,9,12,4,0,18,0,0,55,32,58,0,16.69,15,3,8,23
539,Riyad Mahrez,2021/2022,Manchester City,No Club,28,21,3,11,0,0,10,4,0,61,23,38,5,29.5,4,5,11,3
539,Riyad Mahrez,2020/2021,Manchester City,No Club,27,20,4,9,0,0,13,0,0,58,22,38,6,37.19,5,8,20,7
539,Riyad Mahrez,2019/2020,Manchester City,No Club,33,22,8,11,0,0,13,1,2,74,32,43,9,33.24,5,18,28,13
539,Riyad Mahrez,2018/2019,Manchester City,No Club,27,22,3,7,0,0,10,0,0,54,25,46,4,29.56,5,9,14,9
543,Sadio Mané,2021/2022,Liverpool,No Club,34,24,2,16,5,0,50,0,0,98,39,40,2,30.47,13,9,33,19
543,Sadio Mané,2020/2021,Liverpool,No Club,35,19,7,11,3,0,53,0,0,94,36,38,7,28.8,18,11,48,31
543,Sadio Mané,2019/2020,Liverpool,No Club,35,29,3,18,3,0,46,0,0,77,36,47,7,31.54,18,10,44,14
543,Sadio Mané,2018/2019,Liverpool,No Club,36,28,1,22,2,0,34,0,0,87,42,48,1,32.89,11,7,34,25
550,Dilan Markanday,2021/2022,Tottenham Hotspur,No Club,0,0,0,0,0,0,0,0,0,0,0,0,0,0.0,0,0,0,0
550,Dilan Markanday,2020/2021,Tottenham Hotspur,No Club,0,0,0,0,0,0,0,0,0,0,0,0,0,0.0,0,0,0,0
552,Anthony Martial,2021/2022,Manchester United,No Club,8,5,1,1,0,0,0,0,0,5,3,60,0,10.25,2,0,0,2
552,Anthony Martial,2020/2021,Manchester United,No Club,22,13,3,4,0,1,15,0,0,43,21,49,3,21.86,10,4,2,15
552,Anthony Martial,2019/2020,Manchester United,No Club,32,16,6,17,1,0,28,0,0,80,40,50,6,22.25,10,8,15,12
552,Anthony Martial,2018/2019,Manchester United,No Club,27,13,9,10,2,0,14,1,0,39,23,59,2,26.19,5,3,9,6
553,Josh Martin,2021/2022,Norwich City,No Club,0,0,0,0,0,0,0,0,0,0,0,0,0,0.0,0,0,0,0
553,Josh Martin,2019/2020,Norwich City,No Club,5,0,5,0,0,0,1,0,0,1,1,100,0,3.0,0,0,1,0
559,Jean-Philippe Mateta,2021/2022,Crystal Palace,No Club,22,6,8,5,2,0,16,0,0,37,18,49,1,10.45,4,1,8,13
559,Jean-Philippe Mateta,2020/2021,Crystal Palace,No Club,7,1,5,1,0,0,3,0,0,4,2,50,0,6.71,0,0,1,5
565,Neal Maupay,2021/2022,Brighton and Hove Albion,No Club,32,9,10,8,7,0,33,1,0,61,15,25,2,18.84,5,4,17,6
565,Neal Maupay,2020/2021,Brighton and Hove Albion,No Club,33,8,13,8,1,1,27,3,0,71,26,37,2,19.7,11,6,20,12
565,Neal Maupay,2019/2020,Brighton and Hove Albion,No Club,37,9,15,10,3,0,38,1,0,96,38,40,3,18.05,10,3,20,15
581,Joseph McGlynn,2021/2022,Burnley,No Club,0,0,0,0,0,0,0,0,0,0,0,0,0,0.0,0,0,0,0
600,Jan Mlakar,2021/2022,Brighton and Hove Albion,No Club,0,0,0,0,0,0,0,0,0,0,0,0,0,0.0,0,0,0,0
600,Jan Mlakar,2019/2020,Brighton and Hove Albion,No Club,0,0,0,0,0,0,0,0,0,0,0,0,0,0.0,0,0,0,0
600,Jan Mlakar,2018/2019,Brighton and Hove Albion,No Club,0,0,0,0,0,0,0,0,0,0,0,0,0,0.0,0,0,0,0
603,Mohamed Salah,2021/2022,Liverpool,No Club,35,25,2,23,1,0,12,5,0,139,60,43,13,30.83,17,18,17,12
603,Mohamed Salah,2020/2021,Liverpool,No Club,37,19,9,22,0,0,22,6,0,126,52,41,5,34.14,19,12,18,13
603,Mohamed Salah,2019/2020,Liverpool,No Club,34,30,3,19,1,0,17,3,0,132,59,45,10,28.79,15,13,16,20
603,Mohamed Salah,2018/2019,Liverpool,No Club,38,30,1,22,1,0,25,3,0,137,64,47,8,28.39,16,16,21,27
608,Pablo Moreno,2021/2022,Manchester City,No Club,0,0,0,0,0,0,0,0,0,0,0,0,0,0.0,0,0,0,0
608,Pablo Moreno,2020/2021,Manchester City,No Club,0,0,0,0,0,0,0,0,0,0,0,0,0,0.0,0,0,0,0
617,Joel Mumbongo,2021/2022,Burnley,No Club,0,0,0,0,0,0,0,0,0,0,0,0,0,0.0,0,0,0,0
617,Joel Mumbongo,2020/2021,Burnley,No Club,4,0,3,0,1,0,1,0,0,0,0,0,0,1.25,0,0,0,1
617,Joel Mumbongo,2019/2020,Burnley,No Club,0,0,0,0,0,0,0,0,0,0,0,0,0,0.0,0,0,0,0
621,Glenn Murray,2021/2022,Brighton and Hove Albion,No Club,0,0,0,0,0,0,0,0,0,0,0,0,0,0.0,0,0,0,0
621,Glenn Murray,2020/2021,Brighton and Hove Albion,No Club,0,0,0,0,0,0,0,0,0,0,0,0,0,0.0,0,0,0,0
621,Glenn Murray,2019/2020,Brighton and Hove Albion,No Club,23,5,8,1,0,0,15,0,0,18,5,28,1,7.26,4,2,5,10
621,Glenn Murray,2018/2019,Brighton and Hove Albion,No Club,38,9,20,13,5,0,80,4,0,54,21,39,1,15.95,6,2,17,38
623,Yoshinori Muto,2021/2022,Newcastle United,No Club,0,0,0,0,0,0,0,0,0,0,0,0,0,0.0,0,0,0,0
623,Yoshinori Muto,2020/2021,Newcastle United,No Club,0,0,0,0,0,0,0,0,0,0,0,0,0,0.0,0,0,0,0
623,Yoshinori Muto,2019/2020,Newcastle United,No Club,8,1,6,0,0,0,2,0,0,1,0,0,0,4.0,0,0,3,3
623,Yoshinori Muto,2018/2019,Newcastle United,No Club,17,2,10,1,1,0,13,0,0,6,3,50,0,6.65,2,0,8,2
626,Daniel N'Lundulu,2021/2022,Southampton,No Club,0,0,0,0,0,0,0,0,0,0,0,0,0,0.0,0,0,0,0
626,Daniel N'Lundulu,2020/2021,Southampton,No Club,13,3,7,0,0,0,6,0,0,1,0,0,0,2.23,0,0,0,1
626,Daniel N'Lundulu,2019/2020,Southampton,No Club,0,0,0,0,0,0,0,0,0,0,0,0,0,0.0,0,0,0,0
632,Reiss Nelson,2021/2022,Arsenal,No Club,1,0,1,0,0,0,0,0,0,1,0,0,0,12.0,0,0,1,0
632,Reiss Nelson,2020/2021,Arsenal,No Club,2,0,1,0,0,0,2,0,0,1,0,0,0,8.5,0,0,1,0
632,Reiss Nelson,2019/2020,Arsenal,No Club,17,8,4,1,1,0,8,0,0,11,4,36,0,12.18,0,0,11,4
632,Reiss Nelson,2018/2019,Arsenal,No Club,0,0,0,0,0,0,0,0,0,0,0,0,0,0.0,0,0,0,0
636,Eddie Nketiah,2021/2022,Arsenal,No Club,21,12,8,5,3,0,17,0,0,29,13,45,1,10.67,3,2,9,5
636,Eddie Nketiah,2020/2021,Arsenal,No Club,17,5,8,2,0,0,10,0,0,12,5,42,1,5.35,0,1,3,0
636,Eddie Nketiah,2019/2020,Arsenal,No Club,13,7,3,2,0,1,16,0,0,15,5,33,0,10.77,3,1,7,3
636,Eddie Nketiah,2018/2019,Arsenal,No Club,5,3,2,1,0,0,1,0,0,3,1,33,0,4.0,0,0,1,2
647,Michael Obafemi,2021/2022,Southampton,No Club,0,0,0,0,0,0,0,0,0,0,0,0,0,0.0,0,0,0,0
647,Michael Obafemi,2020/2021,Southampton,No Club,4,2,2,0,0,0,1,0,0,0,0,0,0,3.0,0,0,1,0
647,Michael Obafemi,2019/2020,Southampton,No Club,21,9,9,3,1,0,11,0,0,12,5,42,2,6.52,0,2,7,3
647,Michael Obafemi,2018/2019,Southampton,No Club,6,1,3,1,1,0,2,0,0,7,3,43,1,3.0,3,1,1,1
648,Ademipo Odubeko,2021/2022,West Ham United,No Club,0,0,0,0,0,0,0,0,0,0,0,0,0,0.0,0,0,0,0
648,Ademipo Odubeko,2020/2021,West Ham United,No Club,0,0,0,0,0,0,0,0,0,0,0,0,0,0.0,0,0,0,0
653,Sheyi Ojo,2021/2022,Liverpool,No Club,0,0,0,0,0,0,0,0,0,0,0,0,0,0.0,0,0,0,0
653,Sheyi Ojo,2020/2021,Liverpool,No Club,0,0,0,0,0,0,0,0,0,0,0,0,0,0.0,0,0,0,0
653,Sheyi Ojo,2019/2020,Liverpool,No Club,0,0,0,0,0,0,0,0,0,0,0,0,0,0.0,0,0,0,0
653,Sheyi Ojo,2018/2019,Fulham,Liverpool,0,0,0,0,0,0,0,0,0,0,0,0,0,0.0,0,0,0,0
655,Armstrong Oko-Flex,2021/2022,West Ham United,No Club,0,0,0,0,0,0,0,0,0,0,0,0,0,0.0,0,0,0,0
659,Kazeem Olaigbe,2021/2022,Southampton,No Club,0,0,0,0,0,0,0,0,0,0,0,0,0,0.0,0,0,0,0
665,Tyrese Omotoye,2021/2022,Norwich City,No Club,0,0,0,0,0,0,0,0,0,0,0,0,0,0.0,0,0,0,0
669,Divock Origi,2021/2022,Liverpool,No Club,7,6,1,3,0,0,2,0,0,10,5,50,0,5.29,0,0,0,0
669,Divock Origi,2020/2021,Liverpool,No Club,9,3,3,0,0,0,0,0,0,7,2,29,0,6.22,2,0,3,0
669,Divock Origi,2019/2020,Liverpool,No Club,28,23,3,4,1,0,12,0,0,14,6,43,1,7.0,0,1,12,0
669,Divock Origi,2018/2019,Liverpool,No Club,12,9,0,3,0,0,2,0,0,13,6,46,1,9.0,1,0,6,3
680,Troy Parrott,2021/2022,Tottenham Hotspur,No Club,0,0,0,0,0,0,0,0,0,0,0,0,0,0.0,0,0,0,0
680,Troy Parrott,2020/2021,Tottenham Hotspur,No Club,0,0,0,0,0,0,0,0,0,0,0,0,0,0.0,0,0,0,0
680,Troy Parrott,2019/2020,Tottenham Hotspur,No Club,2,1,1,0,0,0,0,0,0,0,0,0,0,2.0,0,0,0,0
687,Pedro Neto,2021/2022,Wolverhampton Wanderers,No Club,13,3,8,1,3,0,2,0,0,17,4,24,1,15.31,1,3,4,1
687,Pedro Neto,2020/2021,Wolverhampton Wanderers,No Club,31,10,13,5,4,0,24,0,0,61,21,34,6,32.87,4,9,16,4
687,Pedro Neto,2019/2020,Wolverhampton Wanderers,No Club,29,13,6,3,3,0,14,0,0,17,6,35,3,12.03,3,5,9,4
689,Adalberto Peñaranda,2021/2022,Watford,No Club,0,0,0,0,0,0,0,0,0,0,0,0,0,0.0,0,0,0,0
689,Adalberto Peñaranda,2019/2020,Watford,No Club,0,0,0,0,0,0,0,0,0,0,0,0,0,0.0,0,0,0,0
689,Adalberto Peñaranda,2018/2019,Watford,No Club,0,0,0,0,0,0,0,0,0,0,0,0,0,0.0,0,0,0,0
690,Nicolas Pépé,2021/2022,Arsenal,No Club,20,12,6,1,0,0,8,0,0,23,9,39,2,15.95,3,1,8,4
690,Nicolas Pépé,2020/2021,Arsenal,No Club,29,12,10,10,1,1,11,1,0,48,21,44,1,21.69,3,1,20,4
690,Nicolas Pépé,2019/2020,Arsenal,No Club,31,13,9,5,4,0,14,1,0,50,18,36,6,22.77,2,8,32,4
691,Ayoze Pérez,2021/2022,Leicester City,No Club,14,4,6,2,0,1,6,0,0,11,6,55,3,10.71,1,2,4,0
691,Ayoze Pérez,2020/2021,Leicester City,No Club,25,12,8,2,2,0,31,0,0,31,13,42,1,18.8,4,0,32,7
691,Ayoze Pérez,2019/2020,Leicester City,Newcastle United,33,15,12,8,0,0,30,1,0,47,22,47,4,22.24,3,6,45,6
691,Ayoze Pérez,2018/2019,Newcastle United,No Club,37,12,16,12,2,0,46,0,0,55,28,51,2,21.05,7,5,60,9
692,Stipe Perica,2021/2022,Watford,No Club,0,0,0,0,0,0,0,0,0,0,0,0,0,0.0,0,0,0,0
693,Sonny Perkins,2021/2022,West Ham United,No Club,1,0,1,0,0,0,0,0,0,0,0,0,0,1.0,0,0,0,0
703,Luke Plange,2021/2022,Crystal Palace,No Club,0,0,0,0,0,0,0,0,0,0,0,0,0,0.0,0,0,0,0
710,Ian Poveda-Ocampo,2021/2022,Leeds United,No Club,0,0,0,0,0,0,0,0,0,0,0,0,0,0.0,0,0,0,0
710,Ian Poveda-Ocampo,2020/2021,Leeds United,No Club,14,4,6,0,0,0,5,0,0,5,3,60,0,7.93,0,3,5,2
710,Ian Poveda-Ocampo,2019/2020,Manchester City,No Club,0,0,0,0,0,0,0,0,0,0,0,0,0,0.0,0,0,0,0
710,Ian Poveda-Ocampo,2018/2019,Manchester City,No Club,0,0,0,0,0,0,0,0,0,0,0,0,0,0.0,0,0,0,0
713,Aaron Pressley,2021/2022,Brentford,No Club,0,0,0,0,0,0,0,0,0,0,0,0,0,0.0,0,0,0,0
716,Teemu Pukki,2021/2022,Norwich City,No Club,37,5,25,11,4,0,31,3,0,71,27,38,3,14.16,10,8,23,12
716,Teemu Pukki,2019/2020,Norwich City,No Club,36,5,25,11,3,0,23,2,0,80,35,44,3,14.69,11,4,12,17
718,Ignacio Pussetto,2021/2022,Watford,No Club,0,0,0,0,0,0,0,0,0,0,0,0,0,0.0,0,0,0,0
718,Ignacio Pussetto,2019/2020,Watford,No Club,7,1,4,0,1,0,3,0,0,0,0,0,0,4.14,0,0,7,0
722,Rafa Mir,2021/2022,Wolverhampton Wanderers,No Club,0,0,0,0,0,0,0,0,0,0,0,0,0,0.0,0,0,0,0
722,Rafa Mir,2019/2020,Wolverhampton Wanderers,No Club,0,0,0,0,0,0,0,0,0,0,0,0,0,0.0,0,0,0,0
722,Rafa Mir,2018/2019,Wolverhampton Wanderers,No Club,0,0,0,0,0,0,0,0,0,0,0,0,0,0.0,0,0,0,0
729,Raphinha,2021/2022,Leeds United,No Club,35,8,16,11,7,0,40,4,1,88,25,28,3,30.69,6,10,51,14
729,Raphinha,2020/2021,Leeds United,No Club,30,16,12,6,3,0,13,0,1,67,24,36,9,29.2,4,12,34,14
730,Marcus Rashford,2021/2022,Manchester United,No Club,25,9,9,4,2,0,13,0,0,22,12,55,2,15.72,2,3,6,15
730,Marcus Rashford,2020/2021,Manchester United,No Club,37,20,6,11,4,0,25,0,0,79,37,47,9,32.14,11,5,18,27
730,Marcus Rashford,2019/2020,Manchester United,No Club,31,15,6,17,3,0,21,6,0,95,44,46,7,30.35,13,9,13,13
730,Marcus Rashford,2018/2019,Manchester United,No Club,33,17,8,10,3,1,26,0,1,84,40,48,6,20.18,16,7,24,15
740,Lewis Richardson,2021/2022,Burnley,No Club,0,0,0,0,0,0,0,0,0,0,0,0,0,0.0,0,0,0,0
740,Lewis Richardson,2020/2021,Burnley,No Club,2,0,2,0,0,0,0,0,0,0,0,0,0,0.5,0,0,0,0
740,Lewis Richardson,2019/2020,Burnley,No Club,0,0,0,0,0,0,0,0,0,0,0,0,0,0.0,0,0,0,0
741,Richarlison,2021/2022,Everton,No Club,30,10,16,10,9,0,36,3,0,72,23,32,5,17.47,6,7,40,21
741,Richarlison,2020/2021,Everton,No Club,34,16,10,7,4,1,33,1,0,81,32,40,3,22.03,10,4,50,25
741,Richarlison,2019/2020,Everton,No Club,36,13,15,13,8,0,43,0,0,90,32,36,3,21.89,5,13,70,17
741,Richarlison,2018/2019,Everton,Watford,35,15,13,13,5,1,32,0,0,83,29,35,1,22.66,8,2,49,17
745,Roberto Firmino,2021/2022,Liverpool,No Club,20,13,1,5,3,0,7,0,0,30,11,37,4,24.3,1,3,23,3
745,Roberto Firmino,2020/2021,Liverpool,No Club,36,19,8,9,2,0,22,0,0,83,34,41,7,36.14,13,11,33,4
745,Roberto Firmino,2019/2020,Liverpool,No Club,38,32,3,9,0,0,29,0,0,99,39,39,8,30.55,20,10,37,6
745,Roberto Firmino,2018/2019,Liverpool,No Club,34,26,1,12,0,0,38,1,0,75,34,45,6,37.62,9,8,29,7
750,Rodrigo,2021/2022,Leeds United,No Club,31,8,14,6,9,0,21,1,0,47,18,38,1,28.13,5,3,20,4
750,Rodrigo,2020/2021,Leeds United,No Club,26,14,9,7,3,0,19,0,0,46,18,39,2,21.5,2,4,14,3
751,Jay Rodríguez,2021/2022,Burnley,No Club,29,5,13,2,3,0,31,0,0,41,11,27,2,10.41,4,4,20,17
751,Jay Rodríguez,2020/2021,Burnley,No Club,31,8,15,1,3,0,31,0,0,31,9,29,2,8.84,3,3,25,14
751,Jay Rodríguez,2019/2020,Burnley,No Club,36,14,13,8,1,0,26,1,0,67,30,45,1,12.89,11,1,29,22
757,Salomón Rondón,2021/2022,Everton,No Club,20,5,13,1,3,1,12,0,0,21,6,29,1,9.3,2,0,6,5
757,Salomón Rondón,2019/2020,Newcastle United,No Club,0,0,0,0,0,0,0,0,0,0,0,0,0,0.0,0,0,0,0
757,Salomón Rondón,2018/2019,Newcastle United,No Club,32,12,12,11,1,0,22,0,1,89,29,33,7,22.97,7,4,8,20
769,Allan Saint-Maximin,2021/2022,Newcastle United,No Club,35,11,15,5,6,0,22,0,0,64,26,41,5,19.29,4,7,13,13
769,Allan Saint-Maximin,2020/2021,Newcastle United,No Club,25,10,11,3,0,0,10,0,0,30,13,43,4,16.68,3,6,16,5
769,Allan Saint-Maximin,2019/2020,Newcastle United,No Club,26,10,8,3,0,0,18,0,0,46,21,46,4,16.58,4,8,13,3
777,Mbwana Samatta,2021/2022,Aston Villa,No Club,0,0,0,0,0,0,0,0,0,0,0,0,0,0.0,0,0,0,0
777,Mbwana Samatta,2020/2021,Aston Villa,No Club,0,0,0,0,0,0,0,0,0,0,0,0,0,0.0,0,0,0,0
777,Mbwana Samatta,2019/2020,Aston Villa,No Club,14,2,8,1,1,0,9,0,0,17,3,18,0,12.29,3,1,6,8
781,Jadon Sancho,2021/2022,Manchester United,No Club,29,12,8,3,0,0,4,0,0,26,9,35,3,32.24,3,5,14,7
785,Joshua Sargent,2021/2022,Norwich City,No Club,26,4,18,2,1,0,9,0,0,24,3,13,1,15.12,2,0,26,4
787,Jeremy Sarmiento,2021/2022,Brighton and Hove Albion,No Club,5,0,1,0,0,0,0,0,0,0,0,0,0,3.6,0,0,1,0
790,Dane Scarlett,2021/2022,Tottenham Hotspur,No Club,1,1,0,0,0,0,0,0,0,0,0,0,0,1.0,0,0,0,0
790,Dane Scarlett,2020/2021,Tottenham Hotspur,No Club,1,1,0,0,0,0,0,0,0,0,0,0,0,0.0,0,0,0,0
805,Shola Shoretire,2021/2022,Manchester United,No Club,1,0,1,0,0,0,0,0,0,0,0,0,0,5.0,0,0,0,0
805,Shola Shoretire,2020/2021,Manchester United,No Club,2,2,0,0,0,0,0,0,0,0,0,0,0,3.0,0,0,0,0
809,Abdallah Sima,2021/2022,Brighton and Hove Albion,No Club,0,0,0,0,0,0,0,0,0,0,0,0,0,0.0,0,0,0,0
811,Ellis Simms,2021/2022,Everton,No Club,1,0,0,0,0,0,0,0,0,0,0,0,0,12.0,0,0,0,0
811,Ellis Simms,2020/2021,Everton,No Club,0,0,0,0,0,0,0,0,0,0,0,0,0,0.0,0,0,0,0
811,Ellis Simms,2019/2020,Everton,No Club,0,0,0,0,0,0,0,0,0,0,0,0,0,0.0,0,0,0,0
825,Son Heung-Min,2021/2022,Tottenham Hotspur,No Club,35,21,9,23,2,0,14,0,1,86,49,57,7,29.0,17,10,15,17
825,Son Heung-Min,2020/2021,Tottenham Hotspur,No Club,37,17,12,17,0,0,14,1,0,68,36,53,10,28.57,10,14,32,16
825,Son Heung-Min,2019/2020,Tottenham Hotspur,No Club,30,14,8,11,0,1,17,0,0,81,38,47,10,26.57,6,12,23,17
825,Son Heung-Min,2018/2019,Tottenham Hotspur,No Club,31,19,11,12,2,1,12,0,0,74,29,39,6,24.26,5,5,23,22
827,Jude Soonsup-Bell,2021/2022,Chelsea,No Club,0,0,0,0,0,0,0,0,0,0,0,0,0,0.0,0,0,0,0
828,Sebastian Soto,2021/2022,Norwich City,No Club,0,0,0,0,0,0,0,0,0,0,0,0,0,0.0,0,0,0,0
831,Kamal Sowah,2021/2022,Leicester City,No Club,0,0,0,0,0,0,0,0,0,0,0,0,0,0.0,0,0,0,0
840,Marco Stiepermann,2021/2022,Norwich City,No Club,0,0,0,0,0,0,0,0,0,0,0,0,0,0.0,0,0,0,0
840,Marco Stiepermann,2019/2020,Norwich City,No Club,24,3,18,0,6,0,22,0,0,19,6,32,0,16.83,0,1,20,0
844,Robert Street,2021/2022,Crystal Palace,No Club,0,0,0,0,0,0,0,0,0,0,0,0,0,0.0,0,0,0,0
846,Isaac Success,2021/2022,Watford,No Club,0,0,0,0,0,0,0,0,0,0,0,0,0,0.0,0,0,0,0
846,Isaac Success,2019/2020,Watford,No Club,5,1,3,0,1,0,2,0,0,1,1,100,0,3.4,0,0,0,0
846,Isaac Success,2018/2019,Watford,No Club,30,9,14,1,4,0,24,0,0,29,10,34,1,11.63,4,4,15,12
852,Michael Tait,2021/2022,Aston Villa,No Club,0,0,0,0,0,0,0,0,0,0,0,0,0,0.0,0,0,0,0
852,Michael Tait,2020/2021,Aston Villa,No Club,0,0,0,0,0,0,0,0,0,0,0,0,0,0.0,0,0,0,0
856,Percy Tau,2021/2022,Brighton and Hove Albion,No Club,0,0,0,0,0,0,0,0,0,0,0,0,0,0.0,0,0,0,0
856,Percy Tau,2020/2021,Brighton and Hove Albion,No Club,3,1,1,0,0,0,0,0,0,0,0,0,1,10.33,0,1,1,0
856,Percy Tau,2019/2020,Brighton and Hove Albion,No Club,0,0,0,0,0,0,0,0,0,0,0,0,0,0.0,0,0,0,0
856,Percy Tau,2018/2019,Brighton and Hove Albion,No Club,0,0,0,0,0,0,0,0,0,0,0,0,0,0.0,0,0,0,0
859,Slobodan Tedic,2021/2022,Manchester City,No Club,0,0,0,0,0,0,0,0,0,0,0,0,0,0.0,0,0,0,0
859,Slobodan Tedic,2019/2020,Manchester City,No Club,0,0,0,0,0,0,0,0,0,0,0,0,0,0.0,0,0,0,0
873,Ivan Toney,2021/2022,Brentford,No Club,33,12,16,12,8,0,50,5,0,88,30,34,5,22.21,6,10,33,25
876,Ferran Torres,2021/2022,Manchester City,No Club,4,3,1,2,0,0,1,0,0,13,4,31,1,17.5,1,0,2,1
876,Ferran Torres,2020/2021,Manchester City,No Club,24,16,5,7,1,0,16,0,0,36,15,42,2,16.92,5,2,12,5
877,Cenk Tosun,2021/2022,Everton,No Club,1,0,1,0,0,0,0,0,0,0,0,0,0,1.0,0,0,0,0
877,Cenk Tosun,2020/2021,Everton,No Club,5,1,3,0,1,0,1,0,0,0,0,0,0,2.8,0,0,0,0
877,Cenk Tosun,2019/2020,Crystal Palace,Everton,10,3,3,2,0,0,8,0,0,15,5,33,0,9.8,1,1,4,2
877,Cenk Tosun,2018/2019,Everton,No Club,25,7,10,3,3,0,17,0,0,37,17,46,3,10.32,3,1,13,8
881,Bertrand Traoré,2021/2022,Aston Villa,No Club,9,1,7,0,0,0,0,0,0,8,1,13,0,8.67,0,0,3,2
881,Bertrand Traoré,2020/2021,Aston Villa,No Club,36,14,15,7,1,0,31,0,0,64,23,36,6,19.44,4,6,26,7
883,Trincão,2021/2022,Wolverhampton Wanderers,No Club,28,10,14,2,0,0,13,0,0,32,14,44,1,15.25,6,2,28,1
886,Leandro Trossard,2021/2022,Brighton and Hove Albion,No Club,34,10,10,8,2,0,24,1,0,74,27,36,3,32.94,3,5,34,13
886,Leandro Trossard,2020/2021,Brighton and Hove Albion,No Club,35,8,14,5,2,0,27,0,0,58,23,40,5,28.51,5,6,33,5
886,Leandro Trossard,2019/2020,Brighton and Hove Albion,No Club,31,6,13,5,0,0,14,0,0,41,12,29,3,22.9,8,5,22,4
896,Christos Tzolis,2021/2022,Norwich City,No Club,14,3,8,0,0,0,2,0,0,6,2,33,0,6.86,0,1,5,2
897,Iké Ugbo,2021/2022,Chelsea,No Club,0,0,0,0,0,0,0,0,0,0,0,0,0,0.0,0,0,0,0
897,Iké Ugbo,2019/2020,Chelsea,No Club,0,0,0,0,0,0,0,0,0,0,0,0,0,0.0,0,0,0,0
898,Deniz Undav,2021/2022,Brighton and Hove Albion,No Club,0,0,0,0,0,0,0,0,0,0,0,0,0,0.0,0,0,0,0
899,Cengiz Ünder,2021/2022,Leicester City,No Club,0,0,0,0,0,0,0,0,0,0,0,0,0,0.0,0,0,0,0
899,Cengiz Ünder,2020/2021,Leicester City,No Club,9,2,6,0,0,0,1,0,0,9,1,11,2,12.33,0,3,4,2
901,Joel Valencia,2021/2022,Brentford,No Club,0,0,0,0,0,0,0,0,0,0,0,0,0,0.0,0,0,0,0
910,Jamie Vardy,2021/2022,Leicester City,No Club,25,11,8,15,2,0,13,0,0,54,26,48,2,10.04,8,2,6,19
910,Jamie Vardy,2020/2021,Leicester City,No Club,34,19,10,15,1,0,26,8,0,82,38,46,9,12.76,19,9,18,36
910,Jamie Vardy,2019/2020,Leicester City,No Club,35,16,11,23,2,0,20,4,0,89,43,48,5,12.63,18,12,15,28
910,Jamie Vardy,2018/2019,Leicester City,No Club,34,14,14,18,3,1,19,4,0,79,40,51,4,12.24,17,8,14,37
919,Theo Walcott,2021/2022,Southampton,Everton,9,3,3,0,0,0,1,0,0,6,0,0,0,9.0,2,0,4,2
919,Theo Walcott,2020/2021,Southampton,Everton,22,8,9,3,0,0,13,0,0,29,11,38,3,18.18,2,1,23,8
919,Theo Walcott,2019/2020,Everton,No Club,25,10,10,2,1,0,9,0,0,31,10,32,3,14.16,5,7,13,10
919,Theo Walcott,2018/2019,Everton,No Club,37,14,14,5,1,0,10,0,0,43,21,49,2,15.57,9,3,27,19
928,Ollie Watkins,2021/2022,Aston Villa,No Club,35,12,17,11,7,0,33,1,0,77,32,42,2,19.26,10,4,17,16
928,Ollie Watkins,2020/2021,Aston Villa,No Club,37,16,15,14,2,1,47,1,0,97,45,46,5,21.73,13,8,29,31
931,Wout Weghorst,2021/2022,Burnley,No Club,20,6,9,2,3,0,30,0,0,30,9,30,3,21.3,6,2,17,9
933,Danny Welbeck,2021/2022,Brighton and Hove Albion,No Club,25,9,8,6,0,0,17,0,0,43,22,51,2,10.92,12,1,14,4
933,Danny Welbeck,2020/2021,Brighton and Hove Albion,No Club,24,5,9,6,0,0,19,0,0,35,15,43,1,10.75,9,6,12,5
933,Danny Welbeck,2019/2020,Watford,Arsenal,18,2,12,2,0,0,9,0,0,22,9,41,0,9.17,5,0,14,2
933,Danny Welbeck,2018/2019,Arsenal,No Club,8,6,0,1,0,0,3,0,0,4,2,50,1,6.75,0,0,3,0
936,Timo Werner,2021/2022,Chelsea,No Club,21,12,5,4,1,0,11,0,0,45,16,36,1,17.71,5,0,8,11
936,Timo Werner,2020/2021,Chelsea,No Club,35,18,8,6,2,0,28,0,0,79,32,41,8,22.26,18,10,20,27
937,Wesley,2021/2022,Aston Villa,No Club,1,1,0,0,0,0,1,0,0,0,0,0,0,2.0,0,0,0,0
937,Wesley,2020/2021,Aston Villa,No Club,3,0,2,0,0,0,0,0,0,1,1,100,0,1.33,0,0,0,0
937,Wesley,2019/2020,Aston Villa,No Club,21,6,12,5,3,0,43,0,0,35,18,51,1,17.48,5,1,15,14
942,Connor Wickham,2021/2022,Crystal Palace,No Club,0,0,0,0,0,0,0,0,0,0,0,0,0,0.0,0,0,0,0
942,Connor Wickham,2020/2021,Crystal Palace,No Club,0,0,0,0,0,0,0,0,0,0,0,0,0,0.0,0,0,0,0
942,Connor Wickham,2019/2020,Crystal Palace,No Club,6,1,2,1,0,0,4,0,0,3,2,67,1,7.67,1,1,1,1
942,Connor Wickham,2018/2019,Crystal Palace,No Club,6,2,3,0,0,0,3,0,0,5,1,20,1,1.83,0,0,0,0
945,Willian,2021/2022,Arsenal,No Club,0,0,0,0,0,0,0,0,0,0,0,0,0,0.0,0,0,0,0
945,Willian,2020/2021,Arsenal,Chelsea,25,13,9,1,0,0,5,0,1,20,3,15,5,27.08,1,5,13,4
945,Willian,2019/2020,Chelsea,No Club,36,19,11,9,4,0,17,4,1,71,29,41,7,39.89,4,12,45,4
945,Willian,2018/2019,Chelsea,No Club,32,18,6,3,2,0,12,0,0,62,22,35,6,38.44,6,10,35,11
946,Willian José,2021/2022,Wolverhampton Wanderers,No Club,0,0,0,0,0,0,0,0,0,0,0,0,0,0.0,0,0,0,0
946,Willian José,2020/2021,Wolverhampton Wanderers,No Club,17,6,7,1,0,0,8,0,0,19,7,37,0,17.53,2,1,2,2
953,Max Woltman,2021/2022,Liverpool,No Club,0,0,0,0,0,0,0,0,0,0,0,0,0,0.0,0,0,0,0
954,Chris Wood,2021/2022,Newcastle United,Burnley,34,11,13,5,1,0,33,1,0,51,19,37,0,18.41,9,1,9,26
954,Chris Wood,2020/2021,Burnley,No Club,33,9,18,12,0,0,38,2,0,70,39,56,3,19.79,19,2,12,24
954,Chris Wood,2019/2020,Burnley,No Club,32,12,11,14,1,0,34,1,0,65,31,48,1,14.38,20,1,7,35
954,Chris Wood,2018/2019,Burnley,No Club,38,11,20,10,2,0,26,0,0,59,23,39,2,15.76,9,7,13,53
957,Xande Silva,2021/2022,West Ham United,No Club,0,0,0,0,0,0,0,0,0,0,0,0,0,0.0,0,0,0,0
957,Xande Silva,2020/2021,West Ham United,No Club,0,0,0,0,0,0,0,0,0,0,0,0,0,0.0,0,0,0,0
957,Xande Silva,2019/2020,West Ham United,No Club,0,0,0,0,0,0,0,0,0,0,0,0,0,0.0,0,0,0,0
957,Xande Silva,2018/2019,West Ham United,No Club,1,0,1,0,0,0,0,0,0,2,0,0,0,4.0,0,0,0,0
961,Andrii Yarmolenko,2021/2022,West Ham United,No Club,19,8,8,1,1,0,1,0,0,11,5,45,0,5.32,1,0,4,3
961,Andrii Yarmolenko,2020/2021,West Ham United,No Club,15,4,5,0,3,0,8,0,0,7,2,29,1,9.0,0,1,5,5
961,Andrii Yarmolenko,2019/2020,West Ham United,No Club,23,8,8,5,2,0,16,0,0,26,13,50,1,17.52,2,6,13,8
961,Andrii Yarmolenko,2018/2019,West Ham United,No Club,9,2,6,2,2,0,8,0,0,9,3,33,0,22.56,1,1,4,1
963,Nathan Young-Coombes,2021/2022,Brentford,No Club,1,1,0,0,0,0,1,0,0,0,0,0,0,0.0,0,0,0,0
964,Wilfried Zaha,2021/2022,Crystal Palace,No Club,33,10,10,14,4,1,37,5,0,69,32,46,1,27.55,4,4,40,24
964,Wilfried Zaha,2020/2021,Crystal Palace,No Club,30,11,13,11,6,0,32,2,0,60,20,33,2,24.47,5,4,26,22
964,Wilfried Zaha,2019/2020,Crystal Palace,No Club,38,11,17,4,5,0,48,0,0,61,17,28,3,28.79,5,4,43,16
964,Wilfried Zaha,2018/2019,Crystal Palace,No Club,34,12,15,10,8,1,44,0,0,73,27,37,5,29.59,4,6,39,16
968,Andi Zeqiri,2021/2022,Brighton and Hove Albion,No Club,0,0,0,0,0,0,0,0,0,0,0,0,0,0.0,0,0,0,0
968,Andi Zeqiri,2020/2021,Brighton and Hove Albion,No Club,9,4,2,0,0,0,2,0,0,7,2,29,0,4.22,1,0,3,0
973,Philip Zinckernagel,2021/2022,Watford,No Club,0,0,0,0,0,0,0,0,0,0,0,0,0,0.0,0,0,0,0
982,Oladapo Afolayan,2020/2021,West Ham United,No Club,0,0,0,0,0,0,0,0,0,0,0,0,0,0.0,0,0,0,0
985,Albian Ajeti,2020/2021,West Ham United,No Club,0,0,0,0,0,0,0,0,0,0,0,0,0,0.0,0,0,0,0
985,Albian Ajeti,2019/2020,West Ham United,No Club,9,0,7,0,0,0,6,0,0,3,0,0,0,1.67,0,0,1,2
1006,Yannick Bolasie,2020/2021,Everton,No Club,0,0,0,0,0,0,0,0,0,0,0,0,0,0.0,0,0,0,0
1006,Yannick Bolasie,2019/2020,Everton,No Club,0,0,0,0,0,0,0,0,0,0,0,0,0,0.0,0,0,0,0
1006,Yannick Bolasie,2018/2019,Everton,No Club,0,0,0,0,0,0,0,0,0,0,0,0,0,0.0,0,0,0,0
1011,Rhian Brewster,2020/2021,Sheffield United,Liverpool,27,5,20,0,1,0,18,0,0,24,8,33,0,7.67,2,4,8,4
1011,Rhian Brewster,2019/2020,Liverpool,No Club,0,0,0,0,0,0,0,0,0,0,0,0,0,0.0,0,0,0,0
1011,Rhian Brewster,2018/2019,Liverpool,No Club,0,0,0,0,0,0,0,0,0,0,0,0,0,0.0,0,0,0,0
1016,Oliver Burke,2020/2021,Sheffield United,West Bromwich Albion,25,5,19,1,2,0,23,0,0,25,6,24,1,10.08,3,4,16,3
1021,Guido Carrillo,2020/2021,Southampton,No Club,0,0,0,0,0,0,0,0,0,0,0,0,0,0.0,0,0,0,0
1021,Guido Carrillo,2019/2020,Southampton,No Club,0,0,0,0,0,0,0,0,0,0,0,0,0,0.0,0,0,0,0
1021,Guido Carrillo,2018/2019,Southampton,No Club,0,0,0,0,0,0,0,0,0,0,0,0,0,0.0,0,0,0,0
1024,Leon Clarke,2020/2021,Sheffield United,No Club,0,0,0,0,0,0,0,0,0,0,0,0,0,0.0,0,0,0,0
1024,Leon Clarke,2019/2020,Sheffield United,No Club,2,0,2,0,0,0,0,0,0,1,0,0,0,3.0,1,0,0,0
1029,Bobby De Cordova-Reid,2020/2021,Fulham,No Club,33,5,16,5,7,0,38,0,0,34,9,26,2,23.03,3,2,31,3
1029,Bobby De Cordova-Reid,2018/2019,Cardiff City,No Club,27,7,17,5,0,0,5,1,0,27,9,33,2,11.52,1,1,16,11
1032,Cheikh Diaby,2020/2021,West Bromwich Albion,No Club,0,0,0,0,0,0,0,0,0,0,0,0,0,0.0,0,0,0,0
1033,Mbaye Diagne,2020/2021,West Bromwich Albion,No Club,16,3,7,3,2,0,17,0,0,25,10,40,2,14.69,11,2,4,17
1040,Ryan Edmondson,2020/2021,Leeds United,No Club,0,0,0,0,0,0,0,0,0,0,0,0,0,0.0,0,0,0,0
1043,Elias Sørensen,2020/2021,Newcastle United,No Club,0,0,0,0,0,0,0,0,0,0,0,0,0,0.0,0,0,0,0
1043,Elias Sørensen,2019/2020,Newcastle United,No Club,0,0,0,0,0,0,0,0,0,0,0,0,0,0.0,0,0,0,0
1044,Ulrick Eneme-Ella,2020/2021,Brighton and Hove Albion,No Club,0,0,0,0,0,0,0,0,0,0,0,0,0,0.0,0,0,0,0
1047,Josh Felix-Eppiah,2020/2021,Leicester City,No Club,0,0,0,0,0,0,0,0,0,0,0,0,0,0.0,0,0,0,0
1065,John-Kymani Gordon,2021/2022,Crystal Palace,No Club,0,0,0,0,0,0,0,0,0,0,0,0,0,0.0,0,0,0,0
1065,John-Kymani Gordon,2020/2021,Crystal Palace,No Club,0,0,0,0,0,0,0,0,0,0,0,0,0,0.0,0,0,0,0
1065,John-Kymani Gordon,2019/2020,Crystal Palace,No Club,0,0,0,0,0,0,0,0,0,0,0,0,0,0.0,0,0,0,0
1069,Jay-Roy Grot,2020/2021,Leeds United,No Club,0,0,0,0,0,0,0,0,0,0,0,0,0,0.0,0,0,0,0
1070,Antwoine Hackford,2020/2021,Sheffield United,No Club,1,0,1,0,0,0,0,0,0,1,0,0,0,1.0,0,0,0,0
1071,Sébastien Haller,2020/2021,West Ham United,No Club,16,7,5,3,0,0,24,0,0,25,11,44,0,15.31,3,1,14,10
1071,Sébastien Haller,2019/2020,West Ham United,No Club,32,9,16,7,1,0,46,0,0,56,27,48,1,23.97,6,2,22,18
1072,Joseph Hardy,2020/2021,Liverpool,No Club,0,0,0,0,0,0,0,0,0,0,0,0,0,0.0,0,0,0,0
1072,Joseph Hardy,2019/2020,Liverpool,No Club,0,0,0,0,0,0,0,0,0,0,0,0,0,0.0,0,0,0,0
1078,George Hirst,2020/2021,Leicester City,No Club,0,0,0,0,0,0,0,0,0,0,0,0,0,0.0,0,0,0,0
1078,George Hirst,2019/2020,Leicester City,No Club,2,0,2,0,0,0,0,0,0,3,1,33,0,2.5,0,0,0,0
1081,Odion Ighalo,2020/2021,Manchester United,No Club,1,0,1,0,0,0,0,0,0,0,0,0,0,2.0,0,0,0,0
1081,Odion Ighalo,2019/2020,Manchester United,No Club,11,8,0,0,0,0,1,0,0,7,4,57,0,2.27,4,0,2,1
1083,Ivan Cavaleiro,2020/2021,Fulham,No Club,36,5,19,3,2,0,30,1,0,47,17,36,0,20.11,7,2,23,9
1083,Ivan Cavaleiro,2019/2020,Wolverhampton Wanderers,No Club,0,0,0,0,0,0,0,0,0,0,0,0,0,0.0,0,0,0,0
1083,Ivan Cavaleiro,2018/2019,Wolverhampton Wanderers,No Club,23,10,9,3,1,0,13,0,0,13,4,31,1,12.78,1,2,5,6
1086,Sylvester Jasper,2020/2021,Fulham,No Club,0,0,0,0,0,0,0,0,0,0,0,0,0,0.0,0,0,0,0
1087,Daniel Jebbison,2020/2021,Sheffield United,No Club,4,2,2,1,0,0,6,0,0,4,2,50,0,8.75,2,0,6,1
1094,Aboubakar Kamara,2020/2021,Fulham,No Club,11,0,8,0,1,1,9,0,0,4,2,50,0,10.18,1,0,2,0
1094,Aboubakar Kamara,2018/2019,Fulham,No Club,13,2,8,3,2,0,24,1,0,21,10,48,0,17.38,4,1,8,7
1105,Jonathan Leko,2020/2021,West Bromwich Albion,No Club,0,0,0,0,0,0,0,0,0,0,0,0,0,0.0,0,0,0,0
1106,George Lewis,2020/2021,Arsenal,No Club,0,0,0,0,0,0,0,0,0,0,0,0,0,0.0,0,0,0,0
1108,Ryan Longman,2020/2021,Brighton and Hove Albion,No Club,0,0,0,0,0,0,0,0,0,0,0,0,0,0.0,0,0,0,0
1108,Ryan Longman,2019/2020,Brighton and Hove Albion,No Club,0,0,0,0,0,0,0,0,0,0,0,0,0,0.0,0,0,0,0
1118,Josh Maja,2020/2021,Fulham,No Club,15,3,8,3,0,0,8,1,0,21,8,38,0,12.0,3,0,7,2
1123,Oliver McBurnie,2020/2021,Sheffield United,No Club,23,2,20,1,2,0,24,0,0,30,13,43,0,19.13,8,1,15,4
1123,Oliver McBurnie,2019/2020,Sheffield United,No Club,36,14,12,6,4,0,28,0,0,50,25,50,0,17.14,10,2,37,5
1127,David McGoldrick,2020/2021,Sheffield United,No Club,35,7,26,8,7,0,45,0,0,71,24,34,1,25.97,6,1,33,17
1127,David McGoldrick,2019/2020,Sheffield United,No Club,28,10,8,2,2,0,30,0,0,46,20,43,2,21.79,15,4,41,12
1130,D'Mani Mellor,2020/2021,Manchester United,No Club,0,0,0,0,0,0,0,0,0,0,0,0,0,0.0,0,0,0,0
1130,D'Mani Mellor,2019/2020,Manchester United,No Club,0,0,0,0,0,0,0,0,0,0,0,0,0,0.0,0,0,0,0
1133,Liam Millar,2020/2021,Liverpool,No Club,0,0,0,0,0,0,0,0,0,0,0,0,0,0.0,0,0,0,0
1133,Liam Millar,2019/2020,Liverpool,No Club,0,0,0,0,0,0,0,0,0,0,0,0,0,0.0,0,0,0,0
1134,Aleksandar Mitrovic,2020/2021,Fulham,No Club,27,3,16,3,3,0,22,1,0,59,20,34,3,14.0,4,4,7,3
1134,Aleksandar Mitrovic,2018/2019,Fulham,No Club,37,7,25,11,7,0,61,1,0,131,48,37,3,27.73,15,5,19,34
1139,Lys Mousset,2020/2021,Sheffield United,No Club,11,0,11,0,0,0,7,0,0,4,2,50,0,4.0,1,1,1,4
1139,Lys Mousset,2019/2020,Sheffield United,Bournemouth,30,12,8,6,1,0,24,0,0,37,9,24,4,8.0,6,7,9,16
1139,Lys Mousset,2018/2019,Bournemouth,No Club,24,7,14,1,1,0,7,0,0,12,7,58,0,5.04,3,0,3,4
1140,Admiral Muskwe,2020/2021,Leicester City,No Club,0,0,0,0,0,0,0,0,0,0,0,0,0,0.0,0,0,0,0
1140,Admiral Muskwe,2019/2020,Leicester City,No Club,0,0,0,0,0,0,0,0,0,0,0,0,0,0.0,0,0,0,0
1157,William Osula,2020/2021,Sheffield United,No Club,0,0,0,0,0,0,0,0,0,0,0,0,0,0.0,0,0,0,0
1162,Pedro,2020/2021,Chelsea,No Club,0,0,0,0,0,0,0,0,0,0,0,0,0,0.0,0,0,0,0
1162,Pedro,2019/2020,Chelsea,No Club,11,4,4,1,1,0,8,0,0,22,10,45,1,28.64,1,1,15,0
1162,Pedro,2018/2019,Chelsea,No Club,31,18,7,8,2,0,17,0,0,57,25,44,2,34.39,2,6,27,8
1165,Brandon Pierrick,2020/2021,Crystal Palace,No Club,0,0,0,0,0,0,0,0,0,0,0,0,0,0.0,0,0,0,0
1165,Brandon Pierrick,2019/2020,Crystal Palace,No Club,2,0,1,0,0,0,0,0,0,0,0,0,0,3.5,0,0,0,0
1167,Sandro Ramírez,2020/2021,Everton,No Club,0,0,0,0,0,0,0,0,0,0,0,0,0,0.0,0,0,0,0
1167,Sandro Ramírez,2019/2020,Everton,No Club,0,0,0,0,0,0,0,0,0,0,0,0,0,0.0,0,0,0,0
1167,Sandro Ramírez,2018/2019,Everton,No Club,0,0,0,0,0,0,0,0,0,0,0,0,0,0.0,0,0,0,0
1172,Hal Robson-Kanu,2020/2021,West Bromwich Albion,No Club,19,4,13,2,2,0,15,0,0,13,6,46,0,4.16,2,0,2,4
1176,Austin Samuels,2020/2021,Wolverhampton Wanderers,No Club,0,0,0,0,0,0,0,0,0,0,0,0,0,0.0,0,0,0,0
1176,Austin Samuels,2019/2020,Wolverhampton Wanderers,No Club,0,0,0,0,0,0,0,0,0,0,0,0,0,0.0,0,0,0,0
1178,Leroy Sané,2020/2021,Manchester City,No Club,0,0,0,0,0,0,0,0,0,0,0,0,0,0.0,0,0,0,0
1178,Leroy Sané,2019/2020,Manchester City,No Club,1,1,0,0,0,0,0,0,0,2,0,0,0,7.0,0,0,0,0
1178,Leroy Sané,2018/2019,Manchester City,No Club,31,25,4,10,1,0,9,0,0,56,24,43,10,27.32,5,11,24,18
1184,Billy Sharp,2020/2021,Sheffield United,No Club,16,3,12,3,1,0,14,2,0,9,6,67,0,7.0,1,1,5,11
1184,Billy Sharp,2019/2020,Sheffield United,No Club,25,7,10,3,1,1,20,0,0,16,7,44,2,8.48,5,5,6,11
1190,Islam Slimani,2020/2021,Leicester City,No Club,1,0,1,0,0,0,0,0,0,1,0,0,0,9.0,0,0,0,0
1190,Islam Slimani,2019/2020,Leicester City,No Club,0,0,0,0,0,0,0,0,0,0,0,0,0,0.0,0,0,0,0
1190,Islam Slimani,2018/2019,Newcastle United,Leicester City,0,0,0,0,0,0,0,0,0,0,0,0,0,0.0,0,0,0,0
1194,Jamie Soule,2020/2021,West Bromwich Albion,No Club,0,0,0,0,0,0,0,0,0,0,0,0,0,0.0,0,0,0,0
1196,Jay Stansfield,2020/2021,Fulham,No Club,0,0,0,0,0,0,0,0,0,0,0,0,0,0.0,0,0,0,0
1198,Raheem Sterling,2021/2022,Manchester City,No Club,30,23,3,13,1,0,19,2,0,57,28,49,5,27.33,13,5,23,10
1198,Raheem Sterling,2020/2021,Manchester City,No Club,31,21,5,10,4,0,36,0,1,70,28,40,7,35.9,13,9,21,9
1198,Raheem Sterling,2019/2020,Manchester City,No Club,33,21,9,20,5,0,30,0,0,99,38,38,1,35.39,19,9,27,12
1198,Raheem Sterling,2018/2019,Manchester City,No Club,34,28,4,17,3,0,40,0,0,77,39,51,10,37.15,8,12,32,13
1200,Layton Stewart,2020/2021,Liverpool,No Club,0,0,0,0,0,0,0,0,0,0,0,0,0,0.0,0,0,0,0
1200,Layton Stewart,2019/2020,Liverpool,No Club,0,0,0,0,0,0,0,0,0,0,0,0,0,0.0,0,0,0,0
1202,Martell Taylor-Crossdale,2020/2021,Fulham,No Club,0,0,0,0,0,0,0,0,0,0,0,0,0,0.0,0,0,0,0
1204,Max Thompson,2021/2022,Burnley,No Club,0,0,0,0,0,0,0,0,0,0,0,0,0,0.0,0,0,0,0
1204,Max Thompson,2020/2021,Burnley,No Club,0,0,0,0,0,0,0,0,0,0,0,0,0,0.0,0,0,0,0
1204,Max Thompson,2019/2020,Burnley,No Club,1,0,1,0,0,0,0,0,0,0,0,0,0,0.0,0,0,0,0
1205,Rayhaan Tulloch,2020/2021,West Bromwich Albion,No Club,0,0,0,0,0,0,0,0,0,0,0,0,0,0.0,0,0,0,0
1217,Richairo Zivkovic,2020/2021,Sheffield United,No Club,0,0,0,0,0,0,0,0,0,0,0,0,0,0.0,0,0,0,0
1217,Richairo Zivkovic,2019/2020,Sheffield United,No Club,5,1,4,0,0,0,1,0,0,1,0,0,0,3.6,0,0,2,0
1218,Kenneth Zohore,2020/2021,West Bromwich Albion,No Club,0,0,0,0,0,0,0,0,0,0,0,0,0,0.0,0,0,0,0
1218,Kenneth Zohore,2018/2019,Cardiff City,No Club,19,4,13,1,1,0,13,0,0,17,8,47,1,7.16,2,1,3,4
1221,Benik Afobe,2019/2020,Wolverhampton Wanderers,No Club,0,0,0,0,0,0,0,0,0,0,0,0,0,0.0,0,0,0,0
1221,Benik Afobe,2018/2019,Wolverhampton Wanderers,No Club,0,0,0,0,0,0,0,0,0,0,0,0,0,0.0,0,0,0,0
1222,Daniel Agyei,2019/2020,Burnley,No Club,0,0,0,0,0,0,0,0,0,0,0,0,0,0.0,0,0,0,0
1222,Daniel Agyei,2018/2019,Burnley,No Club,0,0,0,0,0,0,0,0,0,0,0,0,0,0.0,0,0,0,0
1227,Marko Arnautovic,2019/2020,West Ham United,No Club,0,0,0,0,0,0,0,0,0,0,0,0,0,0.0,0,0,0,0
1227,Marko Arnautovic,2018/2019,West Ham United,No Club,28,12,12,10,3,0,30,1,0,62,32,52,4,22.86,7,6,9,21
1228,Daniel Arzani,2019/2020,Manchester City,No Club,0,0,0,0,0,0,0,0,0,0,0,0,0,0.0,0,0,0,0
1228,Daniel Arzani,2018/2019,Manchester City,No Club,0,0,0,0,0,0,0,0,0,0,0,0,0,0.0,0,0,0,0
1229,Benny Ashley-Seal,2019/2020,Wolverhampton Wanderers,No Club,0,0,0,0,0,0,0,0,0,0,0,0,0,0.0,0,0,0,0
1229,Benny Ashley-Seal,2018/2019,Wolverhampton Wanderers,No Club,0,0,0,0,0,0,0,0,0,0,0,0,0,0.0,0,0,0,0
1231,Charlie Austin,2020/2021,West Bromwich Albion,No Club,5,0,3,0,0,0,0,0,0,3,0,0,0,6.6,1,0,4,1
1231,Charlie Austin,2019/2020,Southampton,No Club,0,0,0,0,0,0,0,0,0,0,0,0,0,0.0,0,0,0,0
1231,Charlie Austin,2018/2019,Southampton,No Club,25,4,13,2,1,0,14,0,0,32,9,28,2,7.88,5,1,13,9
1242,Joshua Bohui,2019/2020,Manchester United,No Club,0,0,0,0,0,0,0,0,0,0,0,0,0,0.0,0,0,0,0
1242,Joshua Bohui,2018/2019,Manchester United,No Club,0,0,0,0,0,0,0,0,0,0,0,0,0,0.0,0,0,0,0
1244,Borja Bastón,2019/2020,Aston Villa,No Club,2,0,2,0,0,0,0,0,0,0,0,0,0,3.0,0,0,1,0
1264,Chicharito,2019/2020,West Ham United,No Club,2,0,1,1,0,0,0,0,0,3,2,67,0,10.0,1,0,0,2
1264,Chicharito,2018/2019,West Ham United,No Club,25,8,13,7,2,0,9,0,0,37,18,49,1,12.88,7,3,3,11
1277,Peter Crouch,2019/2020,Burnley,No Club,0,0,0,0,0,0,0,0,0,0,0,0,0,0.0,0,0,0,0
1277,Peter Crouch,2018/2019,Burnley,No Club,6,0,5,0,1,0,3,0,0,5,1,20,0,4.67,1,0,1,0
1279,James Daly,2019/2020,Crystal Palace,No Club,0,0,0,0,0,0,0,0,0,0,0,0,0,0.0,0,0,0,0
1279,James Daly,2018/2019,Crystal Palace,No Club,0,0,0,0,0,0,0,0,0,0,0,0,0,0.0,0,0,0,0
1282,Arnaut Danjuma,2019/2020,Bournemouth,No Club,14,1,10,0,0,0,0,0,0,13,4,31,0,15.79,2,0,4,6
1286,Jermain Defoe,2019/2020,Bournemouth,No Club,0,0,0,0,0,0,0,0,0,0,0,0,0,0.0,0,0,0,0
1286,Jermain Defoe,2018/2019,Bournemouth,No Club,4,2,2,0,0,0,0,0,0,1,1,100,0,0.75,0,0,0,0
1292,Gerard Deulofeu,2019/2020,Watford,No Club,28,6,13,4,3,0,27,1,0,64,21,33,5,25.75,5,5,33,18
1292,Gerard Deulofeu,2018/2019,Watford,No Club,30,10,13,10,3,0,14,0,0,60,22,37,5,23.93,6,9,11,34
1299,Bobby Duncan,2019/2020,Liverpool,No Club,0,0,0,0,0,0,0,0,0,0,0,0,0,0.0,0,0,0,0
1303,Niall Ennis,2019/2020,Wolverhampton Wanderers,No Club,0,0,0,0,0,0,0,0,0,0,0,0,0,0.0,0,0,0,0
1303,Niall Ennis,2018/2019,Wolverhampton Wanderers,No Club,0,0,0,0,0,0,0,0,0,0,0,0,0,0.0,0,0,0,0
1304,Bright Enobakhare,2019/2020,Wolverhampton Wanderers,No Club,0,0,0,0,0,0,0,0,0,0,0,0,0,0.0,0,0,0,0
1304,Bright Enobakhare,2018/2019,Wolverhampton Wanderers,No Club,0,0,0,0,0,0,0,0,0,0,0,0,0,0.0,0,0,0,0
1315,Manolo Gabbiadini,2019/2020,Southampton,No Club,0,0,0,0,0,0,0,0,0,0,0,0,0,0.0,0,0,0,0
1315,Manolo Gabbiadini,2018/2019,Southampton,No Club,12,0,6,1,0,0,9,0,0,20,8,40,0,10.08,2,0,6,1
1319,Paul Gladon,2019/2020,Wolverhampton Wanderers,No Club,0,0,0,0,0,0,0,0,0,0,0,0,0,0.0,0,0,0,0
1319,Paul Gladon,2018/2019,Wolverhampton Wanderers,No Club,0,0,0,0,0,0,0,0,0,0,0,0,0,0.0,0,0,0,0
1320,Paul Glatzel,2019/2020,Liverpool,No Club,0,0,0,0,0,0,0,0,0,0,0,0,0,0.0,0,0,0,0
1321,Andre Green,2019/2020,Aston Villa,No Club,0,0,0,0,0,0,0,0,0,0,0,0,0,0.0,0,0,0,0
1322,Mason Greenwood,2021/2022,Manchester United,No Club,18,9,5,5,1,0,15,0,0,48,19,40,1,25.78,4,3,15,3
1322,Mason Greenwood,2020/2021,Manchester United,No Club,31,15,6,7,2,0,17,0,0,67,24,36,2,23.03,8,5,13,4
1322,Mason Greenwood,2019/2020,Manchester United,No Club,31,13,7,10,0,0,12,0,0,39,20,51,1,15.97,2,1,17,3
1322,Mason Greenwood,2018/2019,Manchester United,No Club,3,1,2,0,0,0,0,0,0,7,4,57,0,20.0,2,0,3,2
1328,Tomer Hemed,2019/2020,Brighton and Hove Albion,No Club,0,0,0,0,0,0,0,0,0,0,0,0,0,0.0,0,0,0,0
1328,Tomer Hemed,2018/2019,Brighton and Hove Albion,No Club,0,0,0,0,0,0,0,0,0,0,0,0,0,0.0,0,0,0,0
1330,Rushian Hepburn-Murphy,2019/2020,Aston Villa,No Club,0,0,0,0,0,0,0,0,0,0,0,0,0,0.0,0,0,0,0
1335,Gonzalo Higuaín,2019/2020,Chelsea,No Club,0,0,0,0,0,0,0,0,0,0,0,0,0,0.0,0,0,0,0
1335,Gonzalo Higuaín,2018/2019,Chelsea,No Club,14,6,4,5,0,0,6,0,0,46,15,33,0,22.57,5,2,10,11
1336,Kaylen Hinds,2019/2020,Watford,No Club,0,0,0,0,0,0,0,0,0,0,0,0,0,0.0,0,0,0,0
1337,Scott Hogan,2019/2020,Sheffield United,Aston Villa,0,0,0,0,0,0,0,0,0,0,0,0,0,0.0,0,0,0,0
1341,Jordan Hugill,2021/2022,Norwich City,No Club,0,0,0,0,0,0,0,0,0,0,0,0,0,0.0,0,0,0,0
1341,Jordan Hugill,2019/2020,West Ham United,No Club,0,0,0,0,0,0,0,0,0,0,0,0,0,0.0,0,0,0,0
1341,Jordan Hugill,2018/2019,West Ham United,No Club,0,0,0,0,0,0,0,0,0,0,0,0,0,0.0,0,0,0,0
1351,Vincent Janssen,2019/2020,Tottenham Hotspur,No Club,0,0,0,0,0,0,0,0,0,0,0,0,0,0.0,0,0,0,0
1351,Vincent Janssen,2018/2019,Tottenham Hotspur,No Club,3,1,1,0,0,0,2,0,0,3,1,33,0,3.0,1,0,2,1
1359,Joselu,2019/2020,Newcastle United,No Club,0,0,0,0,0,0,0,0,0,0,0,0,0,0.0,0,0,0,0
1359,Joselu,2018/2019,Newcastle United,No Club,16,3,10,2,1,0,5,0,0,17,5,29,0,13.0,2,1,14,4
1361,Sullay Kaikai,2019/2020,Crystal Palace,No Club,0,0,0,0,0,0,0,0,0,0,0,0,0,0.0,0,0,0,0
1361,Sullay Kaikai,2018/2019,Crystal Palace,No Club,0,0,0,0,0,0,0,0,0,0,0,0,0,0.0,0,0,0,0
1368,Ryan Kent,2019/2020,Liverpool,No Club,0,0,0,0,0,0,0,0,0,0,0,0,0,0.0,0,0,0,0
1368,Ryan Kent,2018/2019,Liverpool,No Club,0,0,0,0,0,0,0,0,0,0,0,0,0,0.0,0,0,0,0
1373,Jonathan Kodjia,2019/2020,Aston Villa,No Club,6,1,5,0,1,0,1,0,0,2,0,0,0,4.5,0,0,0,0
1377,Caolan Lavery,2019/2020,Sheffield United,No Club,0,0,0,0,0,0,0,0,0,0,0,0,0,0.0,0,0,0,0
1381,Léo Bonatini,2019/2020,Wolverhampton Wanderers,No Club,0,0,0,0,0,0,0,0,0,0,0,0,0,0.0,0,0,0,0
1381,Léo Bonatini,2018/2019,Wolverhampton Wanderers,No Club,7,3,3,0,0,0,0,0,0,9,1,11,1,8.14,2,0,1,0
1385,Fernando Llorente,2019/2020,Tottenham Hotspur,No Club,0,0,0,0,0,0,0,0,0,0,0,0,0,0.0,0,0,0,0
1385,Fernando Llorente,2018/2019,Tottenham Hotspur,No Club,20,10,8,1,2,0,12,0,0,24,5,21,4,11.15,5,2,4,5
1388,Dodi Lukébakio,2019/2020,Watford,No Club,0,0,0,0,0,0,0,0,0,0,0,0,0,0.0,0,0,0,0
1388,Dodi Lukébakio,2018/2019,Watford,No Club,0,0,0,0,0,0,0,0,0,0,0,0,0,0.0,0,0,0,0
1389,Gary Madine,2019/2020,Sheffield United,No Club,0,0,0,0,0,0,0,0,0,0,0,0,0,0.0,0,0,0,0
1389,Gary Madine,2018/2019,Cardiff City,No Club,5,0,5,0,0,0,2,0,0,0,0,0,0,2.4,0,0,1,0
1396,Joe Mason,2019/2020,Wolverhampton Wanderers,No Club,0,0,0,0,0,0,0,0,0,0,0,0,0,0.0,0,0,0,0
1396,Joe Mason,2018/2019,Wolverhampton Wanderers,No Club,0,0,0,0,0,0,0,0,0,0,0,0,0,0.0,0,0,0,0
1397,Mason Bloomfield,2019/2020,Norwich City,No Club,0,0,0,0,0,0,0,0,0,0,0,0,0,0.0,0,0,0,0
1400,Ross McCormack,2019/2020,Aston Villa,No Club,0,0,0,0,0,0,0,0,0,0,0,0,0,0.0,0,0,0,0
1402,Harry McKirdy,2019/2020,Aston Villa,No Club,0,0,0,0,0,0,0,0,0,0,0,0,0,0.0,0,0,0,0
1407,Kevin Mirallas,2019/2020,Everton,No Club,0,0,0,0,0,0,0,0,0,0,0,0,0,0.0,0,0,0,0
1409,Álvaro Morata,2019/2020,Chelsea,No Club,0,0,0,0,0,0,0,0,0,0,0,0,0,0.0,0,0,0,0
1409,Álvaro Morata,2018/2019,Chelsea,No Club,16,9,2,5,3,0,19,0,0,35,16,46,0,14.31,10,0,8,20
1415,Layton Ndukwu,2019/2020,Leicester City,No Club,0,0,0,0,0,0,0,0,0,0,0,0,0,0.0,0,0,0,0
1415,Layton Ndukwu,2018/2019,Leicester City,No Club,0,0,0,0,0,0,0,0,0,0,0,0,0,0.0,0,0,0,0
1416,Nélson Oliveira,2019/2020,Norwich City,No Club,0,0,0,0,0,0,0,0,0,0,0,0,0,0.0,0,0,0,0
1417,Oumar Niasse,2019/2020,Everton,No Club,3,0,0,0,0,0,2,0,0,0,0,0,0,1.0,0,0,4,0
1417,Oumar Niasse,2018/2019,Cardiff City,Everton,18,5,11,0,0,0,11,0,0,20,7,35,0,10.5,5,1,12,10
1419,Lukas Nmecha,2019/2020,Manchester City,No Club,0,0,0,0,0,0,0,0,0,0,0,0,0,0.0,0,0,0,0
1419,Lukas Nmecha,2018/2019,Manchester City,No Club,0,0,0,0,0,0,0,0,0,0,0,0,0,0.0,0,0,0,0
1429,Stefano Okaka,2019/2020,Watford,No Club,0,0,0,0,0,0,0,0,0,0,0,0,0,0.0,0,0,0,0
1429,Stefano Okaka,2018/2019,Watford,No Club,2,1,1,0,1,0,1,0,0,2,0,0,0,7.0,1,0,0,0
1430,Shinji Okazaki,2019/2020,Leicester City,No Club,0,0,0,0,0,0,0,0,0,0,0,0,0,0.0,0,0,0,0
1430,Shinji Okazaki,2018/2019,Leicester City,No Club,21,6,9,0,0,0,6,0,0,5,4,80,1,4.48,2,0,5,3
1432,Henry Onyekuru,2019/2020,Everton,No Club,0,0,0,0,0,0,0,0,0,0,0,0,0,0.0,0,0,0,0
1432,Henry Onyekuru,2018/2019,Everton,No Club,0,0,0,0,0,0,0,0,0,0,0,0,0,0.0,0,0,0,0
1436,David Parkhouse,2019/2020,Sheffield United,No Club,0,0,0,0,0,0,0,0,0,0,0,0,0,0.0,0,0,0,0
1449,Bojan Radulovic,2019/2020,Brighton and Hove Albion,No Club,0,0,0,0,0,0,0,0,0,0,0,0,0,0.0,0,0,0,0
1452,Largie Ramazani,2019/2020,Manchester United,No Club,0,0,0,0,0,0,0,0,0,0,0,0,0,0.0,0,0,0,0
1455,Jordan Rhodes,2019/2020,Norwich City,No Club,0,0,0,0,0,0,0,0,0,0,0,0,0,0.0,0,0,0,0
1457,Callum Robinson,2020/2021,West Bromwich Albion,No Club,28,4,17,5,0,0,3,0,0,31,11,35,0,13.93,4,1,7,8
1457,Callum Robinson,2019/2020,Sheffield United,No Club,16,3,5,1,1,0,11,0,0,12,4,33,1,8.63,1,1,6,1
1460,Will Russ,2019/2020,Leicester City,No Club,0,0,0,0,0,0,0,0,0,0,0,0,0,0.0,0,0,0,0
1462,Ismaïla Sarr,2021/2022,Watford,No Club,22,5,15,5,2,0,17,0,0,40,17,43,2,18.77,4,5,12,12
1462,Ismaïla Sarr,2019/2020,Watford,No Club,28,7,15,5,1,0,22,0,0,44,13,30,4,17.57,6,9,11,13
1463,Christian Saydee,2019/2020,Bournemouth,No Club,0,0,0,0,0,0,0,0,0,0,0,0,0,0.0,0,0,0,0
1469,Jerome Sinclair,2019/2020,Watford,No Club,0,0,0,0,0,0,0,0,0,0,0,0,0,0.0,0,0,0,0
1469,Jerome Sinclair,2018/2019,Watford,No Club,0,0,0,0,0,0,0,0,0,0,0,0,0,0.0,0,0,0,0
1471,Dominic Solanke,2019/2020,Bournemouth,Liverpool,32,7,21,3,1,0,15,0,0,32,8,25,1,13.47,6,1,8,4
1471,Dominic Solanke,2018/2019,Bournemouth,Liverpool,10,2,5,0,0,0,2,0,0,11,3,27,1,9.9,1,0,8,1
1475,Dennis Srbeny,2019/2020,Norwich City,No Club,8,2,5,1,0,0,1,0,0,2,1,50,0,2.25,0,0,5,0
1482,Daniel Sturridge,2019/2020,Liverpool,No Club,0,0,0,0,0,0,0,0,0,0,0,0,0,0.0,0,0,0,0
1482,Daniel Sturridge,2018/2019,Liverpool,No Club,18,13,1,2,1,0,5,0,0,18,6,33,1,10.56,0,1,3,4
1485,Sam Surridge,2019/2020,Bournemouth,No Club,4,1,3,0,0,0,2,0,0,2,0,0,0,2.25,1,0,0,0
1485,Sam Surridge,2018/2019,Bournemouth,No Club,2,0,2,0,0,0,0,0,0,2,1,50,0,2.5,1,0,1,0
1487,Alexander Sørloth,2019/2020,Crystal Palace,No Club,0,0,0,0,0,0,0,0,0,0,0,0,0,0.0,0,0,0,0
1487,Alexander Sørloth,2018/2019,Crystal Palace,No Club,12,3,7,0,0,0,4,0,0,4,1,25,0,4.92,1,1,2,0
1488,Shani Tarashaj,2019/2020,Everton,No Club,0,0,0,0,0,0,0,0,0,0,0,0,0,0.0,0,0,0,0
1491,Toni Martínez,2019/2020,West Ham United,No Club,0,0,0,0,0,0,0,0,0,0,0,0,0,0.0,0,0,0,0
1491,Toni Martínez,2018/2019,West Ham United,No Club,0,0,0,0,0,0,0,0,0,0,0,0,0,0.0,0,0,0,0
1492,Adama Traoré,2021/2022,Wolverhampton Wanderers,No Club,20,9,7,1,0,0,10,0,0,23,5,22,0,14.9,3,3,8,9
1492,Adama Traoré,2020/2021,Wolverhampton Wanderers,No Club,37,12,16,2,4,0,47,0,0,43,13,30,2,18.92,0,6,28,7
1492,Adama Traoré,2019/2020,Wolverhampton Wanderers,No Club,37,15,9,4,1,0,39,0,0,43,12,28,9,19.27,4,10,33,6
1492,Adama Traoré,2018/2019,Wolverhampton Wanderers,No Club,29,9,12,1,1,0,15,0,0,19,7,37,1,9.31,1,2,16,6
1496,Leonardo Ulloa,2019/2020,Leicester City,No Club,0,0,0,0,0,0,0,0,0,0,0,0,0,0.0,0,0,0,0
1496,Leonardo Ulloa,2018/2019,Brighton and Hove Albion,Leicester City,0,0,0,0,0,0,0,0,0,0,0,0,0,0.0,0,0,0,0
1499,Sam Vokes,2019/2020,Burnley,No Club,0,0,0,0,0,0,0,0,0,0,0,0,0,0.0,0,0,0,0
1499,Sam Vokes,2018/2019,Burnley,No Club,20,4,13,3,0,0,14,0,0,22,7,32,0,13.4,3,1,4,7
1501,Jonathan Walters,2019/2020,Burnley,No Club,0,0,0,0,0,0,0,0,0,0,0,0,0,0.0,0,0,0,0
1501,Jonathan Walters,2018/2019,Burnley,No Club,0,0,0,0,0,0,0,0,0,0,0,0,0,0.0,0,0,0,0
1504,Conor Washington,2019/2020,Sheffield United,No Club,0,0,0,0,0,0,0,0,0,0,0,0,0,0.0,0,0,0,0
1507,Nahki Wells,2019/2020,Burnley,No Club,0,0,0,0,0,0,0,0,0,0,0,0,0,0.0,0,0,0,0
1507,Nahki Wells,2018/2019,Burnley,No Club,0,0,0,0,0,0,0,0,0,0,0,0,0,0.0,0,0,0,0
1509,Yanic-Sonny Wildschut,2019/2020,Norwich City,No Club,0,0,0,0,0,0,0,0,0,0,0,0,0,0.0,0,0,0,0
1509,Yanic-Sonny Wildschut,2018/2019,Cardiff City,No Club,0,0,0,0,0,0,0,0,0,0,0,0,0,0.0,0,0,0,0
1512,Callum Wilson,2021/2022,Newcastle United,No Club,18,3,9,8,4,0,27,2,0,35,15,43,0,8.39,4,0,9,17
1512,Callum Wilson,2020/2021,Newcastle United,No Club,26,10,11,12,2,0,40,4,0,49,20,41,5,13.12,10,4,12,22
1512,Callum Wilson,2019/2020,Bournemouth,No Club,35,8,20,8,10,0,55,0,0,55,21,38,1,14.57,10,4,12,32
1512,Callum Wilson,2018/2019,Bournemouth,No Club,30,12,13,14,3,0,41,1,0,65,30,46,9,14.67,21,13,9,19
1518,Nabili Zoubdi Touaizi,2019/2020,Manchester City,No Club,0,0,0,0,0,0,0,0,0,0,0,0,0,0.0,0,0,0,0
1518,Nabili Zoubdi Touaizi,2018/2019,Manchester City,No Club,0,0,0,0,0,0,0,0,0,0,0,0,0,0.0,0,0,0,0
1519,Chuba Akpom,2018/2019,Arsenal,No Club,0,0,0,0,0,0,0,0,0,0,0,0,0,0.0,0,0,0,0
1523,Ryan Babel,2018/2019,Fulham,No Club,16,4,12,5,3,0,14,0,0,27,9,33,3,29.31,7,4,8,9
1525,Sam Baldock,2018/2019,Brighton and Hove Albion,No Club,0,0,0,0,0,0,0,0,0,0,0,0,0,0.0,0,0,0,0
1532,Jérémie Boga,2018/2019,Chelsea,No Club,0,0,0,0,0,0,0,0,0,0,0,0,0,0.0,0,0,0,0
1534,Omar Bogle,2018/2019,Cardiff City,No Club,0,0,0,0,0,0,0,0,0,0,0,0,0,0.0,0,0,0,0
1556,Laurent Depoitre,2018/2019,Huddersfield Town,No Club,23,1,17,0,1,0,19,0,0,30,6,20,1,11.91,3,0,6,7
1558,Adama Diakhaby,2018/2019,Huddersfield Town,No Club,12,0,9,0,1,0,7,0,0,7,3,43,0,12.25,2,1,6,2
1576,Michael Folivi,2018/2019,Watford,No Club,0,0,0,0,0,0,0,0,0,0,0,0,0,0.0,0,0,0,0
1578,Sam Gallagher,2019/2020,Southampton,No Club,0,0,0,0,0,0,0,0,0,0,0,0,0,0.0,0,0,0,0
1578,Sam Gallagher,2018/2019,Southampton,No Club,4,2,2,0,0,0,4,0,0,0,0,0,0,1.5,0,0,0,0
1583,Anthony Gordon,2021/2022,Everton,No Club,35,9,21,4,4,0,25,0,0,44,18,41,2,17.51,2,4,54,8
1583,Anthony Gordon,2020/2021,Everton,No Club,3,2,1,0,0,0,0,0,0,0,0,0,0,8.33,0,0,3,1
1583,Anthony Gordon,2019/2020,Everton,No Club,11,3,4,0,0,0,10,0,0,6,1,17,1,10.27,0,0,11,1
1583,Anthony Gordon,2018/2019,Everton,No Club,0,0,0,0,0,0,0,0,0,0,0,0,0,0.0,0,0,0,0
1585,Frédéric Gounongbe,2018/2019,Cardiff City,No Club,0,0,0,0,0,0,0,0,0,0,0,0,0,0.0,0,0,0,0
1586,Lewis Grabban,2018/2019,Bournemouth,No Club,0,0,0,0,0,0,0,0,0,0,0,0,0,0.0,0,0,0,0
1588,Karlan Grant,2020/2021,West Bromwich Albion,No Club,21,1,14,1,1,0,9,0,0,16,9,56,0,10.33,3,0,5,6
1588,Karlan Grant,2018/2019,Huddersfield Town,No Club,13,1,10,4,0,0,8,0,0,21,12,57,0,16.31,3,0,5,4
1598,Eden Hazard,2018/2019,Chelsea,No Club,37,20,8,16,2,0,12,4,0,93,43,46,15,49.16,8,18,14,11
1599,Rhys Healey,2018/2019,Cardiff City,No Club,3,0,2,0,0,0,1,0,0,1,0,0,0,2.33,0,0,1,0
1603,Jordy Hiwula-Mayifuila,2018/2019,Huddersfield Town,No Club,0,0,0,0,0,0,0,0,0,0,0,0,0,0.0,0,0,0,0
1608,Fraser Hornby,2018/2019,Everton,No Club,0,0,0,0,0,0,0,0,0,0,0,0,0,0.0,0,0,0,0
1626,Elias Kachunga,2018/2019,Huddersfield Town,No Club,20,1,17,0,2,0,24,0,0,14,3,21,0,14.8,1,0,22,9
1629,Olarenwaju Kayode,2018/2019,Manchester City,No Club,0,0,0,0,0,0,0,0,0,0,0,0,0,0.0,0,0,0,0
1632,Shayne Lavery,2018/2019,Everton,No Club,0,0,0,0,0,0,0,0,0,0,0,0,0,0.0,0,0,0,0
1636,Levi Lumeka,2018/2019,Crystal Palace,No Club,0,0,0,0,0,0,0,0,0,0,0,0,0,0.0,0,0,0,0
1645,Rabbi Matondo,2018/2019,Manchester City,No Club,0,0,0,0,0,0,0,0,0,0,0,0,0,0.0,0,0,0,0
1647,Isaac Mbenza,2018/2019,Huddersfield Town,No Club,22,2,14,1,1,0,8,0,0,16,5,31,1,10.55,0,2,10,5
1649,Ibrahim Meite,2018/2019,Cardiff City,No Club,0,0,0,0,0,0,0,0,0,0,0,0,0,0.0,0,0,0,0
1656,Steve Mounié,2018/2019,Huddersfield Town,No Club,31,3,22,2,1,1,32,0,0,61,23,38,3,17.97,7,2,9,15
1659,Ahmed Musa,2018/2019,Leicester City,No Club,0,0,0,0,0,0,0,0,0,0,0,0,0,0.0,0,0,0,0
1661,Mikael Ndjoli,2018/2019,Bournemouth,No Club,0,0,0,0,0,0,0,0,0,0,0,0,0,0.0,0,0,0,0
1674,Callum Paterson,2018/2019,Cardiff City,No Club,27,8,16,4,4,0,41,0,0,41,8,20,1,20.44,3,4,21,10
1677,Lucas Pérez,2019/2020,West Ham United,No Club,0,0,0,0,0,0,0,0,0,0,0,0,0,0.0,0,0,0,0
1677,Lucas Pérez,2018/2019,West Ham United,Arsenal,15,6,6,3,0,0,5,0,0,9,3,33,0,9.53,0,1,6,3
1681,Collin Quaner,2018/2019,Huddersfield Town,No Club,2,0,2,0,0,0,2,0,0,0,0,0,0,8.5,0,0,0,1
1691,Rui Fonte,2018/2019,Fulham,No Club,0,0,0,0,0,0,0,0,0,0,0,0,0,0.0,0,0,0,0
1693,Emiliano Sala,2018/2019,Cardiff City,No Club,0,0,0,0,0,0,0,0,0,0,0,0,0,0.0,0,0,0,0
1709,Dusan Tadic,2018/2019,Southampton,No Club,0,0,0,0,0,0,0,0,0,0,0,0,0,0.0,0,0,0,0
1714,Jón Thorsteinsson,2018/2019,Fulham,No Club,0,0,0,0,0,0,0,0,0,0,0,0,0,0.0,0,0,0,0
1715,Lee Tomlin,2018/2019,Cardiff City,No Club,0,0,0,0,0,0,0,0,0,0,0,0,0,0.0,0,0,0,0
1721,Luciano Vietto,2018/2019,Fulham,No Club,20,3,14,1,1,0,13,0,0,24,8,33,4,19.3,4,3,14,0
1726,Cauley Woodrow,2018/2019,Fulham,No Club,0,0,0,0,0,0,0,0,0,0,0,0,0,0.0,0,0,0,0
1727,Mauro Zárate,2018/2019,Watford,No Club,0,0,0,0,0,0,0,0,0,0,0,0,0,0.0,0,0,0,0
1728,Michal Zyro,2018/2019,Wolverhampton Wanderers,No Club,0,0,0,0,0,0,0,0,0,0,0,0,0,0.0,0,0,0,0
