Player ID,Full Name,Season,Primary Club,Secondary Club,Appearances,Wins,Losses,Goals,Yellow cards,Red cards,Fouls,Assists,Passes per match,Own goals,Goals Conceded,Clean sheets,Saves,Penalties Saved
6,Adrián,2021/2022,Liverpool,No Club,0,0,0,0,0,0,0,0,0.0,0,0,0,0,0
6,Adrián,2020/2021,Liverpool,No Club,3,1,1,0,0,0,0,0,26.67,0,9,1,10,0
6,Adrián,2019/2020,Liverpool,West Ham United,11,11,0,0,1,0,0,0,23.64,0,10,2,18,0
6,Adrián,2018/2019,West Ham United,No Club,0,0,0,0,0,0,0,0,0.0,0,0,0,0,0
20,Alisson,2021/2022,Liverpool,No Club,36,27,2,0,0,0,0,1,32.69,1,24,20,76,0
20,Alisson,2020/2021,Liverpool,No Club,33,18,7,1,1,0,1,0,29.94,0,32,10,84,1
20,Alisson,2019/2020,Liverpool,No Club,29,23,3,0,0,1,1,1,27.76,0,23,13,58,0
20,Alisson,2018/2019,Liverpool,No Club,38,30,1,0,1,0,0,0,28.32,0,22,21,76,0
27,Álvaro Fernández,2021/2022,Brentford,No Club,12,3,7,0,0,0,0,0,38.0,1,24,1,49,0
37,Vincent Angelini,2021/2022,Watford,No Club,0,0,0,0,0,0,0,0,0.0,0,0,0,0,0
44,Alphonse Areola,2021/2022,West Ham United,No Club,1,0,1,0,0,0,0,0,37.0,0,1,0,2,0
44,Alphonse Areola,2020/2021,Fulham,No Club,36,5,18,0,2,0,0,0,23.28,0,48,9,116,0
46,Kepa Arrizabalaga,2021/2022,Chelsea,No Club,4,2,1,0,0,0,0,0,27.25,0,2,2,11,0
46,Kepa Arrizabalaga,2020/2021,Chelsea,No Club,7,2,3,0,1,0,0,0,29.29,0,8,2,16,0
46,Kepa Arrizabalaga,2019/2020,Chelsea,No Club,33,18,11,0,0,0,0,0,28.42,0,47,8,55,0
46,Kepa Arrizabalaga,2018/2019,Chelsea,No Club,36,20,8,0,2,0,0,0,27.86,0,39,14,82,1
53,Brandon Austin,2021/2022,Tottenham Hotspur,No Club,0,0,0,0,0,0,0,0,0.0,0,0,0,0,0
53,Brandon Austin,2020/2021,Tottenham Hotspur,No Club,0,0,0,0,0,0,0,0,0.0,0,0,0,0,0
53,Brandon Austin,2019/2020,Tottenham Hotspur,No Club,0,0,0,0,0,0,0,0,0.0,0,0,0,0,0
53,Brandon Austin,2018/2019,Tottenham Hotspur,No Club,0,0,0,0,0,0,0,0,0.0,0,0,0,0,0
62,Daniel Bachmann,2021/2022,Watford,No Club,12,1,11,0,0,0,1,0,26.25,0,28,0,47,0
62,Daniel Bachmann,2019/2020,Watford,No Club,0,0,0,0,0,0,0,0,0.0,0,0,0,0,0
62,Daniel Bachmann,2018/2019,Watford,No Club,0,0,0,0,0,0,0,0,0.0,0,0,0,0,0
69,Ellery Balcombe,2021/2022,Brentford,No Club,0,0,0,0,0,0,0,0,0.0,0,0,0,0,0
77,Daniel Barden,2021/2022,Norwich City,No Club,0,0,0,0,0,0,0,0,0.0,0,0,0,0,0
85,Nathan Baxter,2021/2022,Chelsea,No Club,0,0,0,0,0,0,0,0,0.0,0,0,0,0,0
85,Nathan Baxter,2020/2021,Chelsea,No Club,0,0,0,0,0,0,0,0,0.0,0,0,0,0,0
85,Nathan Baxter,2019/2020,Chelsea,No Club,0,0,0,0,0,0,0,0,0.0,0,0,0,0,0
89,Asmir Begovic,2021/2022,Everton,No Club,-1,-1,-1,-1,-1,-1,-1,-1,-1.0,-1,-1,-1,-1,-1
89,Asmir Begovic,2019/2020,Bournemouth,No Club,0,0,0,0,0,0,0,0,0.0,0,0,0,0,0
89,Asmir Begovic,2018/2019,Bournemouth,No Club,24,8,13,0,0,0,0,0,22.08,0,47,5,60,0
100,Lucas Bergström,2021/2022,Chelsea,No Club,0,0,0,0,0,0,0,0,0.0,0,0,0,0,0
108,Marcus Bettinelli,2021/2022,Chelsea,No Club,0,0,0,0,0,0,0,0,0.0,0,0,0,0,0
108,Marcus Bettinelli,2020/2021,Fulham,No Club,0,0,0,0,0,0,0,0,0.0,0,0,0,0,0
108,Marcus Bettinelli,2018/2019,Fulham,No Club,7,1,4,0,1,0,0,0,30.14,0,20,0,20,1
111,Nathan Bishop,2021/2022,Manchester United,No Club,0,0,0,0,0,0,0,0,0.0,0,0,0,0,0
111,Nathan Bishop,2020/2021,Manchester United,No Club,0,0,0,0,0,0,0,0,0.0,0,0,0,0,0
111,Nathan Bishop,2019/2020,Manchester United,No Club,0,0,0,0,0,0,0,0,0.0,0,0,0,0,0
138,Jack Butland,2021/2022,Crystal Palace,No Club,9,2,3,0,0,0,0,0,27.44,0,13,1,17,1
138,Jack Butland,2020/2021,Crystal Palace,No Club,1,1,0,0,0,0,0,0,19.0,0,2,0,3,0
139,Willy Caballero,2021/2022,Southampton,Chelsea,2,0,1,0,1,0,0,0,30.0,0,5,0,6,0
139,Willy Caballero,2020/2021,Chelsea,No Club,1,0,0,0,0,0,0,0,24.0,0,3,0,0,0
139,Willy Caballero,2019/2020,Chelsea,No Club,5,2,1,0,0,0,0,0,29.4,0,7,1,10,0
139,Willy Caballero,2018/2019,Chelsea,No Club,2,1,0,0,0,0,0,0,27.0,0,0,2,3,0
149,Elia Caprile,2021/2022,Leeds United,No Club,0,0,0,0,0,0,0,0,0.0,0,0,0,0,0
149,Elia Caprile,2020/2021,Leeds United,No Club,0,0,0,0,0,0,0,0,0.0,0,0,0,0,0
152,Scott Carson,2021/2022,Manchester City,No Club,0,0,0,0,0,0,0,0,0.0,0,0,0,0,0
152,Scott Carson,2020/2021,Manchester City,No Club,1,1,0,0,0,0,0,0,10.0,0,3,0,2,1
152,Scott Carson,2019/2020,Manchester City,No Club,0,0,0,0,0,0,0,0,0.0,0,0,0,0,0
197,Matthew Cox,2021/2022,Brentford,No Club,0,0,0,0,0,0,0,0,0.0,0,0,0,0,0
205,Jamie Cumming,2021/2022,Chelsea,No Club,0,0,0,0,0,0,0,0,0.0,0,0,0,0,0
205,Jamie Cumming,2020/2021,Chelsea,No Club,0,0,0,0,0,0,0,0,0.0,0,0,0,0,0
205,Jamie Cumming,2019/2020,Chelsea,No Club,0,0,0,0,0,0,0,0,0.0,0,0,0,0,0
205,Jamie Cumming,2018/2019,Chelsea,No Club,0,0,0,0,0,0,0,0,0.0,0,0,0,0,0
209,Pontus Dahlberg,2021/2022,Watford,No Club,0,0,0,0,0,0,0,0,0.0,0,0,0,0,0
209,Pontus Dahlberg,2019/2020,Watford,No Club,0,0,0,0,0,0,0,0,0.0,0,0,0,0,0
209,Pontus Dahlberg,2018/2019,Watford,No Club,0,0,0,0,0,0,0,0,0.0,0,0,0,0,0
216,Luke Daniels,2021/2022,Brentford,No Club,0,0,0,0,0,0,0,0,0.0,0,0,0,0,0
218,Karl Darlow,2021/2022,Newcastle United,No Club,8,0,3,0,1,0,1,0,27.63,0,15,0,24,0
218,Karl Darlow,2020/2021,Newcastle United,No Club,25,7,14,0,3,0,0,0,25.12,0,43,4,88,1
218,Karl Darlow,2019/2020,Newcastle United,No Club,0,0,0,0,0,0,0,0,0.0,0,0,0,0,0
218,Karl Darlow,2018/2019,Newcastle United,No Club,0,0,0,0,0,0,0,0,0.0,0,0,0,0,0
227,David de Gea,2021/2022,Manchester United,No Club,38,16,12,0,0,0,0,0,20.74,0,57,8,128,2
227,David de Gea,2020/2021,Manchester United,No Club,26,12,5,0,0,0,0,0,19.27,0,32,9,60,0
227,David de Gea,2019/2020,Manchester United,No Club,38,18,8,0,2,0,0,0,20.68,0,36,13,96,0
227,David de Gea,2018/2019,Manchester United,No Club,38,19,10,0,1,0,1,0,24.95,0,54,7,122,0
260,Martin Dúbravka,2021/2022,Newcastle United,No Club,26,13,9,0,1,0,0,0,28.96,0,35,8,73,0
260,Martin Dúbravka,2020/2021,Newcastle United,No Club,13,5,3,0,0,0,0,0,28.54,0,19,3,45,0
260,Martin Dúbravka,2019/2020,Newcastle United,No Club,38,11,16,0,0,0,0,0,25.5,0,58,11,140,0
260,Martin Dúbravka,2018/2019,Newcastle United,No Club,38,12,17,0,1,0,0,0,27.18,0,48,11,95,0
266,Ederson,2021/2022,Manchester City,No Club,37,28,3,0,3,0,1,0,25.95,0,26,20,60,0
266,Ederson,2020/2021,Manchester City,No Club,36,25,6,0,3,0,1,1,26.64,0,28,19,66,1
266,Ederson,2019/2020,Manchester City,No Club,35,24,8,0,3,1,2,0,25.69,0,28,16,68,0
266,Ederson,2018/2019,Manchester City,No Club,38,32,4,0,2,0,2,1,24.21,0,23,20,58,0
272,Robert Elliot,2021/2022,Watford,No Club,0,0,0,0,0,0,0,0,0.0,0,0,0,0,0
272,Robert Elliot,2019/2020,Newcastle United,No Club,0,0,0,0,0,0,0,0,0.0,0,0,0,0,0
272,Robert Elliot,2018/2019,Newcastle United,No Club,0,0,0,0,0,0,0,0,0.0,0,0,0,0,0
284,Lukasz Fabianski,2021/2022,West Ham United,No Club,37,16,13,0,2,0,1,0,22.95,0,50,8,114,3
284,Lukasz Fabianski,2020/2021,West Ham United,No Club,35,17,10,0,2,0,1,0,24.46,0,44,10,103,1
284,Lukasz Fabianski,2019/2020,West Ham United,No Club,25,8,10,0,1,0,1,0,22.88,0,34,5,72,1
284,Lukasz Fabianski,2018/2019,West Ham United,No Club,38,15,16,0,0,0,0,0,28.18,0,55,7,148,1
311,Fraser Forster,2021/2022,Southampton,No Club,19,6,8,0,1,0,0,0,27.89,0,35,3,68,0
311,Fraser Forster,2020/2021,Southampton,No Club,8,4,4,0,0,0,1,0,30.38,0,11,2,20,1
311,Fraser Forster,2019/2020,Southampton,No Club,0,0,0,0,0,0,0,0,0.0,0,0,0,0,0
311,Fraser Forster,2018/2019,Southampton,No Club,1,0,1,0,0,0,0,0,19.0,0,3,0,3,0
312,Ben Foster,2021/2022,Watford,No Club,26,5,16,0,0,0,1,1,30.92,0,49,4,70,1
312,Ben Foster,2019/2020,Watford,No Club,38,8,20,0,1,0,2,0,28.66,0,64,9,117,1
312,Ben Foster,2018/2019,Watford,No Club,38,14,16,0,1,0,2,0,30.29,0,59,7,127,1
317,Freddie Woodman,2021/2022,Newcastle United,No Club,4,0,3,0,0,0,0,0,26.75,0,12,0,10,1
317,Freddie Woodman,2019/2020,Newcastle United,No Club,0,0,0,0,0,0,0,0,0.0,0,0,0,0,0
317,Freddie Woodman,2018/2019,Newcastle United,No Club,0,0,0,0,0,0,0,0,0.0,0,0,0,0,0
341,Mark Gillespie,2021/2022,Newcastle United,No Club,-1,-1,-1,-1,-1,-1,-1,-1,-1.0,-1,-1,-1,-1,-1
341,Mark Gillespie,2020/2021,Newcastle United,No Club,0,0,0,0,0,0,0,0,0.0,0,0,0,0,0
345,Pierluigi Gollini,2021/2022,Tottenham Hotspur,No Club,0,0,0,0,0,0,0,0,0.0,0,0,0,0,0
351,Kamil Grabara,2021/2022,Liverpool,No Club,-1,-1,-1,-1,-1,-1,-1,-1,-1.0,-1,-1,-1,-1,-1
351,Kamil Grabara,2020/2021,Liverpool,No Club,0,0,0,0,0,0,0,0,0.0,0,0,0,0,0
351,Kamil Grabara,2019/2020,Liverpool,No Club,0,0,0,0,0,0,0,0,0.0,0,0,0,0,0
351,Kamil Grabara,2018/2019,Liverpool,No Club,0,0,0,0,0,0,0,0,0.0,0,0,0,0,0
352,Lee Grant,2021/2022,Manchester United,No Club,0,0,0,0,0,0,0,0,0.0,0,0,0,0,0
352,Lee Grant,2020/2021,Manchester United,No Club,0,0,0,0,0,0,0,0,0.0,0,0,0,0,0
352,Lee Grant,2019/2020,Manchester United,No Club,0,0,0,0,0,0,0,0,0.0,0,0,0,0,0
352,Lee Grant,2018/2019,Manchester United,No Club,0,0,0,0,0,0,0,0,0.0,0,0,0,0,0
359,Vicente Guaita,2021/2022,Crystal Palace,No Club,30,9,10,0,2,0,1,0,26.57,0,33,11,84,0
359,Vicente Guaita,2020/2021,Crystal Palace,No Club,37,11,18,0,2,0,0,0,24.89,0,64,8,106,1
359,Vicente Guaita,2019/2020,Crystal Palace,No Club,35,11,15,0,1,0,0,0,25.26,1,42,10,110,0
359,Vicente Guaita,2018/2019,Crystal Palace,No Club,20,10,6,0,2,0,1,0,24.95,0,23,7,64,0
365,Angus Gunn,2021/2022,Norwich City,No Club,9,1,6,0,0,0,0,0,28.67,0,22,1,35,1
365,Angus Gunn,2020/2021,Southampton,No Club,0,0,0,0,0,0,0,0,0.0,0,0,0,0,0
365,Angus Gunn,2019/2020,Southampton,No Club,10,2,6,0,0,0,0,0,23.1,0,25,2,30,0
365,Angus Gunn,2018/2019,Southampton,No Club,12,4,4,0,0,0,0,0,24.08,0,18,3,33,1
366,Patrik Gunnarsson,2021/2022,Brentford,No Club,0,0,0,0,0,0,0,0,0.0,0,0,0,0,0
374,Joe Hart,2021/2022,Tottenham Hotspur,No Club,0,0,0,0,0,0,0,0,0.0,0,0,0,0,0
374,Joe Hart,2020/2021,Tottenham Hotspur,No Club,-1,-1,-1,-1,-1,-1,-1,-1,-1.0,-1,-1,-1,-1,-1
374,Joe Hart,2019/2020,Burnley,No Club,0,0,0,0,0,0,0,0,0.0,0,0,0,0,0
374,Joe Hart,2018/2019,Burnley,No Club,19,3,13,0,0,0,0,0,29.74,0,41,4,77,1
380,Tom Heaton,2021/2022,Manchester United,Aston Villa,0,0,0,0,0,0,0,0,0.0,0,0,0,0,0
380,Tom Heaton,2020/2021,Aston Villa,No Club,0,0,0,0,0,0,0,0,0.0,0,0,0,0,0
380,Tom Heaton,2019/2020,Aston Villa,Burnley,20,6,11,0,0,0,1,0,26.35,1,35,4,68,0
380,Tom Heaton,2018/2019,Burnley,No Club,19,8,7,0,3,0,1,0,28.47,0,27,4,63,0
381,Karl Hein,2021/2022,Arsenal,No Club,0,0,0,0,0,0,0,0,0.0,0,0,0,0,0
381,Karl Hein,2020/2021,Arsenal,No Club,0,0,0,0,0,0,0,0,0.0,0,0,0,0,0
385,Stephen Henderson,2021/2022,Crystal Palace,No Club,0,0,0,0,0,0,0,0,0.0,0,0,0,0,0
385,Stephen Henderson,2020/2021,Crystal Palace,No Club,0,0,0,0,0,0,0,0,0.0,0,0,0,0,0
385,Stephen Henderson,2019/2020,Crystal Palace,No Club,0,0,0,0,0,0,0,0,0.0,0,0,0,0,0
387,Wayne Hennessey,2021/2022,Burnley,Crystal Palace,2,0,2,0,0,0,0,0,35.5,0,6,0,8,0
387,Wayne Hennessey,2020/2021,Crystal Palace,No Club,-1,-1,-1,-1,-1,-1,-1,-1,-1.0,-1,-1,-1,-1,-1
387,Wayne Hennessey,2019/2020,Crystal Palace,No Club,3,0,2,0,0,0,0,0,32.33,0,8,0,16,0
387,Wayne Hennessey,2018/2019,Crystal Palace,No Club,18,4,11,0,0,0,0,0,25.0,0,26,5,44,1
392,James Hillson,2021/2022,Arsenal,No Club,0,0,0,0,0,0,0,0,0.0,0,0,0,0,0
392,James Hillson,2020/2021,Arsenal,No Club,0,0,0,0,0,0,0,0,0.0,0,0,0,0,0
418,Eldin Jakupovic,2021/2022,Leicester City,No Club,0,0,0,0,0,0,0,0,0.0,0,0,0,0,0
418,Eldin Jakupovic,2020/2021,Leicester City,No Club,0,0,0,0,0,0,0,0,0.0,0,0,0,0,0
418,Eldin Jakupovic,2019/2020,Leicester City,No Club,0,0,0,0,0,0,0,0,0.0,0,0,0,0,0
418,Eldin Jakupovic,2018/2019,Leicester City,No Club,0,0,0,0,0,0,0,0,0.0,0,0,0,0,0
423,Vítezslav Jaros,2021/2022,Liverpool,No Club,0,0,0,0,0,0,0,0,0.0,0,0,0,0,0
423,Vítezslav Jaros,2020/2021,Liverpool,No Club,0,0,0,0,0,0,0,0,0.0,0,0,0,0,0
423,Vítezslav Jaros,2019/2020,Liverpool,No Club,0,0,0,0,0,0,0,0,0.0,0,0,0,0,0
434,João Virgínia,2021/2022,Everton,No Club,-1,-1,-1,-1,-1,-1,-1,-1,-1.0,-1,-1,-1,-1,-1
434,João Virgínia,2020/2021,Everton,No Club,1,0,1,0,0,0,0,0,12.0,0,0,0,3,0
434,João Virgínia,2019/2020,Everton,No Club,0,0,0,0,0,0,0,0,0.0,0,0,0,0,0
434,João Virgínia,2018/2019,Everton,No Club,-1,-1,-1,-1,-1,-1,-1,-1,-1.0,-1,-1,-1,-1,-1
442,José Sá,2021/2022,Wolverhampton Wanderers,No Club,37,15,17,0,3,0,3,1,24.03,1,40,11,121,0
446,Lovre Kalinic,2021/2022,Aston Villa,No Club,-1,-1,-1,-1,-1,-1,-1,-1,-1.0,-1,-1,-1,-1,-1
446,Lovre Kalinic,2020/2021,Aston Villa,No Club,0,0,0,0,0,0,0,0,0.0,0,0,0,0,0
446,Lovre Kalinic,2019/2020,Aston Villa,No Club,0,0,0,0,0,0,0,0,0.0,0,0,0,0,0
452,Loris Karius,2021/2022,Liverpool,No Club,0,0,0,0,0,0,0,0,0.0,0,0,0,0,0
452,Loris Karius,2020/2021,Liverpool,No Club,0,0,0,0,0,0,0,0,0.0,0,0,0,0,0
452,Loris Karius,2019/2020,Liverpool,No Club,0,0,0,0,0,0,0,0,0.0,0,0,0,0,0
452,Loris Karius,2018/2019,Liverpool,No Club,0,0,0,0,0,0,0,0,0.0,0,0,0,0,0
459,Caoimhín Kelleher,2021/2022,Liverpool,No Club,2,1,0,0,0,0,0,0,39.0,0,2,1,6,0
459,Caoimhín Kelleher,2020/2021,Liverpool,No Club,2,1,1,0,0,0,0,0,26.0,0,1,1,6,0
459,Caoimhín Kelleher,2019/2020,Liverpool,No Club,0,0,0,0,0,0,0,0,0.0,0,0,0,0,0
459,Caoimhín Kelleher,2018/2019,Liverpool,No Club,0,0,0,0,0,0,0,0,0.0,0,0,0,0,0
465,Kiko Casilla,2021/2022,Leeds United,No Club,-1,-1,-1,-1,-1,-1,-1,-1,-1.0,-1,-1,-1,-1,-1
465,Kiko Casilla,2020/2021,Leeds United,No Club,3,2,1,0,0,0,0,0,26.0,0,2,1,8,0
470,Kristoffer Klaesson,2021/2022,Leeds United,No Club,1,1,0,0,0,0,0,0,9.0,0,0,0,4,0
481,Matej Kovár,2021/2022,Manchester United,No Club,-1,-1,-1,-1,-1,-1,-1,-1,-1.0,-1,-1,-1,-1,-1
481,Matej Kovár,2020/2021,Manchester United,No Club,0,0,0,0,0,0,0,0,0.0,0,0,0,0,0
481,Matej Kovár,2019/2020,Manchester United,No Club,0,0,0,0,0,0,0,0,0.0,0,0,0,0,0
481,Matej Kovár,2018/2019,Manchester United,No Club,-1,-1,-1,-1,-1,-1,-1,-1,-1.0,-1,-1,-1,-1,-1
492,Daniel Langley,2021/2022,Newcastle United,No Club,0,0,0,0,0,0,0,0,0.0,0,0,0,0,0
492,Daniel Langley,2020/2021,Newcastle United,No Club,0,0,0,0,0,0,0,0,0.0,0,0,0,0,0
500,Zan-Luk Leban,2021/2022,Everton,No Club,0,0,0,0,0,0,0,0,0.0,0,0,0,0,0
500,Zan-Luk Leban,2020/2021,Everton,No Club,0,0,0,0,0,0,0,0,0.0,0,0,0,0,0
506,Bernd Leno,2021/2022,Arsenal,No Club,4,1,3,0,0,0,0,0,25.25,0,9,1,10,0
506,Bernd Leno,2020/2021,Arsenal,No Club,35,17,12,0,0,1,2,0,28.49,1,37,11,86,1
506,Bernd Leno,2019/2020,Arsenal,No Club,30,9,8,0,2,0,0,0,26.67,0,39,7,113,1
506,Bernd Leno,2018/2019,Arsenal,No Club,32,17,8,0,0,0,0,0,28.81,0,42,6,105,0
517,Hugo Lloris,2021/2022,Tottenham Hotspur,No Club,38,22,11,0,2,0,0,0,20.87,0,40,16,98,0
517,Hugo Lloris,2020/2021,Tottenham Hotspur,No Club,38,18,12,0,0,0,0,0,23.63,0,45,12,114,0
517,Hugo Lloris,2019/2020,Tottenham Hotspur,No Club,21,11,4,0,0,0,0,0,22.57,0,21,6,81,1
517,Hugo Lloris,2018/2019,Tottenham Hotspur,No Club,33,21,10,0,0,0,0,0,31.73,0,33,12,101,2
521,Andy Lonergan,2021/2022,Everton,No Club,0,0,0,0,0,0,0,0,0.0,0,0,0,0,0
521,Andy Lonergan,2020/2021,West Bromwich Albion,Liverpool,0,0,0,0,0,0,0,0,0.0,0,0,0,0,0
521,Andy Lonergan,2019/2020,Liverpool,No Club,0,0,0,0,0,0,0,0,0.0,0,0,0,0,0
527,Jonas Lössl,2021/2022,Brentford,No Club,2,0,2,0,0,0,0,0,27.5,0,5,0,2,0
527,Jonas Lössl,2020/2021,Everton,No Club,0,0,0,0,0,0,0,0,0.0,0,0,0,0,0
527,Jonas Lössl,2019/2020,Everton,No Club,0,0,0,0,0,0,0,0,0.0,0,0,0,0,0
527,Jonas Lössl,2018/2019,Huddersfield Town,No Club,31,3,22,0,1,0,0,1,32.45,0,54,4,88,1
546,Marcelo Pitaluga,2021/2022,Liverpool,No Club,0,0,0,0,0,0,0,0,0.0,0,0,0,0,0
551,Filip Marschall,2021/2022,Aston Villa,No Club,0,0,0,0,0,0,0,0,0.0,0,0,0,0,0
554,Emiliano Martínez,2021/2022,Aston Villa,No Club,36,13,17,0,4,0,0,0,26.03,0,48,11,95,1
554,Emiliano Martínez,2020/2021,Aston Villa,Arsenal,38,16,15,0,1,0,1,0,29.84,0,46,15,142,1
554,Emiliano Martínez,2019/2020,Arsenal,No Club,9,5,3,0,2,0,0,0,27.22,0,9,3,34,0
554,Emiliano Martínez,2018/2019,Arsenal,No Club,0,0,0,0,0,0,0,0,0.0,0,0,0,0,0
563,Remi Matthews,2021/2022,Crystal Palace,No Club,0,0,0,0,0,0,0,0,0.0,0,0,0,0,0
578,Jon McCracken,2021/2022,Norwich City,No Club,0,0,0,0,0,0,0,0,0.0,0,0,0,0,0
579,Thomas McGill,2021/2022,Brighton and Hove Albion,No Club,0,0,0,0,0,0,0,0,0.0,0,0,0,0,0
579,Thomas McGill,2020/2021,Brighton and Hove Albion,No Club,0,0,0,0,0,0,0,0,0.0,0,0,0,0,0
582,Michael McGovern,2021/2022,Norwich City,No Club,0,0,0,0,0,0,0,0,0.0,0,0,0,0,0
582,Michael McGovern,2019/2020,Norwich City,No Club,2,0,2,0,0,0,0,0,20.0,0,6,0,7,1
589,Édouard Mendy,2021/2022,Chelsea,No Club,34,19,5,0,3,0,1,0,23.59,0,31,14,73,0
589,Édouard Mendy,2020/2021,Chelsea,No Club,31,17,7,0,2,0,1,0,29.0,0,25,16,57,1
591,Illan Meslier,2021/2022,Leeds United,No Club,38,9,18,0,2,0,0,0,29.34,0,79,5,143,0
591,Illan Meslier,2020/2021,Leeds United,No Club,35,16,14,0,0,0,1,0,30.86,1,52,11,140,1
614,Louie Moulden,2021/2022,Wolverhampton Wanderers,No Club,0,0,0,0,0,0,0,0,0.0,0,0,0,0,0
619,Arijanet Muric,2021/2022,Manchester City,No Club,0,0,0,0,0,0,0,0,0.0,0,0,0,0,0
619,Arijanet Muric,2020/2021,Manchester City,No Club,0,0,0,0,0,0,0,0,0.0,0,0,0,0,0
619,Arijanet Muric,2019/2020,Manchester City,No Club,0,0,0,0,0,0,0,0,0.0,0,0,0,0,0
619,Arijanet Muric,2018/2019,Manchester City,No Club,0,0,0,0,0,0,0,0,0.0,0,0,0,0,0
641,Will Norris,2021/2022,Burnley,No Club,0,0,0,0,0,0,0,0,0.0,0,0,0,0,0
641,Will Norris,2020/2021,Burnley,No Club,2,0,2,0,0,0,0,0,28.0,0,4,0,2,0
641,Will Norris,2019/2020,Wolverhampton Wanderers,No Club,0,0,0,0,0,0,0,0,0.0,0,0,0,0,0
641,Will Norris,2018/2019,Wolverhampton Wanderers,No Club,1,1,0,0,0,0,0,0,0.0,0,0,0,0,0
643,Ørjan Nyland,2021/2022,Norwich City,No Club,0,0,0,0,0,0,0,0,0.0,0,0,0,0,0
643,Ørjan Nyland,2020/2021,Aston Villa,No Club,0,0,0,0,0,0,0,0,0.0,0,0,0,0,0
643,Ørjan Nyland,2019/2020,Aston Villa,No Club,7,1,4,0,0,0,0,0,21.71,0,12,1,15,0
649,Chituru Odunze,2021/2022,Leicester City,No Club,0,0,0,0,0,0,0,0,0.0,0,0,0,0,0
654,Jakub Ojrzynski,2021/2022,Liverpool,No Club,0,0,0,0,0,0,0,0,0.0,0,0,0,0,0
654,Jakub Ojrzynski,2020/2021,Liverpool,No Club,0,0,0,0,0,0,0,0,0.0,0,0,0,0,0
656,Arthur Okonkwo,2021/2022,Arsenal,No Club,0,0,0,0,0,0,0,0,0.0,0,0,0,0,0
656,Arthur Okonkwo,2020/2021,Arsenal,No Club,0,0,0,0,0,0,0,0,0.0,0,0,0,0,0
657,Maduka Okoye,2021/2022,Watford,No Club,0,0,0,0,0,0,0,0,0.0,0,0,0,0,0
661,Robin Olsen,2021/2022,Aston Villa,Everton,1,0,1,0,0,0,0,0,39.0,0,3,0,2,0
661,Robin Olsen,2020/2021,Everton,No Club,7,2,2,0,1,0,0,0,25.14,0,9,2,21,0
662,Josh Oluwayemi,2021/2022,Tottenham Hotspur,No Club,0,0,0,0,0,0,0,0,0.0,0,0,0,0,0
666,Akos Onodi,2021/2022,Aston Villa,No Club,0,0,0,0,0,0,0,0,0.0,0,0,0,0,0
666,Akos Onodi,2020/2021,Aston Villa,No Club,0,0,0,0,0,0,0,0,0.0,0,0,0,0,0
673,Aston Oxborough,2021/2022,Norwich City,No Club,0,0,0,0,0,0,0,0,0.0,0,0,0,0,0
673,Aston Oxborough,2019/2020,Norwich City,No Club,0,0,0,0,0,0,0,0,0.0,0,0,0,0,0
679,Adam Parkes,2021/2022,Watford,No Club,0,0,0,0,0,0,0,0,0.0,0,0,0,0,0
679,Adam Parkes,2019/2020,Watford,No Club,0,0,0,0,0,0,0,0,0.0,0,0,0,0,0
685,Bailey Peacock-Farrell,2021/2022,Burnley,No Club,0,0,0,0,0,0,0,0,0.0,0,0,0,0,0
685,Bailey Peacock-Farrell,2020/2021,Burnley,No Club,4,0,4,0,0,0,0,0,26.5,0,14,0,10,0
685,Bailey Peacock-Farrell,2019/2020,Burnley,No Club,0,0,0,0,0,0,0,0,0.0,0,0,0,0,0
699,Jordan Pickford,2021/2022,Everton,No Club,35,10,19,0,2,0,0,0,29.17,0,58,7,117,0
699,Jordan Pickford,2020/2021,Everton,No Club,31,15,11,0,1,0,1,0,32.19,0,39,10,90,0
699,Jordan Pickford,2019/2020,Everton,No Club,38,13,15,0,2,0,1,0,31.16,0,56,9,94,0
699,Jordan Pickford,2018/2019,Everton,No Club,38,15,14,0,1,0,1,0,29.42,0,46,14,94,3
707,Nick Pope,2021/2022,Burnley,No Club,36,7,15,0,1,0,0,0,25.81,0,47,9,121,0
707,Nick Pope,2020/2021,Burnley,No Club,32,10,13,0,1,0,2,0,26.22,0,37,11,114,0
707,Nick Pope,2019/2020,Burnley,No Club,38,15,14,0,1,0,0,0,26.5,0,50,15,120,1
707,Nick Pope,2018/2019,Burnley,No Club,0,0,0,0,0,0,0,0,0.0,0,0,0,0,0
726,Aaron Ramsdale,2021/2022,Arsenal,No Club,34,21,10,0,1,0,0,0,29.71,0,39,12,90,0
726,Aaron Ramsdale,2020/2021,Sheffield United,No Club,38,7,29,0,1,0,1,0,26.82,0,63,5,147,0
726,Aaron Ramsdale,2019/2020,Bournemouth,No Club,37,9,21,0,0,0,0,1,25.54,0,62,5,129,1
726,Aaron Ramsdale,2018/2019,Bournemouth,No Club,0,0,0,0,0,0,0,0,0.0,0,0,0,0,0
728,Darren Randolph,2021/2022,West Ham United,No Club,0,0,0,0,0,0,0,0,0.0,0,0,0,0,0
728,Darren Randolph,2020/2021,West Ham United,No Club,3,2,1,0,0,0,0,0,20.33,0,3,1,6,0
728,Darren Randolph,2019/2020,West Ham United,No Club,2,0,1,0,0,0,0,0,18.0,0,5,0,6,0
732,David Raya,2021/2022,Brentford,No Club,24,10,9,0,1,0,1,0,40.0,0,27,8,78,0
754,Sergio Romero,2021/2022,Manchester United,No Club,0,0,0,0,0,0,0,0,0.0,0,0,0,0,0
754,Sergio Romero,2020/2021,Manchester United,No Club,0,0,0,0,0,0,0,0,0.0,0,0,0,0,0
754,Sergio Romero,2019/2020,Manchester United,No Club,0,0,0,0,0,0,0,0,0.0,0,0,0,0,0
754,Sergio Romero,2018/2019,Manchester United,No Club,0,0,0,0,0,0,0,0,0.0,0,0,0,0,0
763,John Ruddy,2021/2022,Wolverhampton Wanderers,No Club,2,0,1,0,0,0,0,0,14.5,0,3,0,4,0
763,John Ruddy,2020/2021,Wolverhampton Wanderers,No Club,2,0,2,0,0,0,0,0,7.0,0,1,0,3,0
763,John Ruddy,2019/2020,Wolverhampton Wanderers,No Club,0,0,0,0,0,0,0,0,0.0,0,0,0,0,0
763,John Ruddy,2018/2019,Wolverhampton Wanderers,No Club,1,1,0,0,0,0,0,0,19.0,0,0,1,3,0
765,Rui Patrício,2021/2022,Wolverhampton Wanderers,No Club,0,0,0,0,0,0,0,0,0.0,0,0,0,0,0
765,Rui Patrício,2020/2021,Wolverhampton Wanderers,No Club,37,12,16,0,1,0,0,0,17.89,0,51,10,100,1
765,Rui Patrício,2019/2020,Wolverhampton Wanderers,No Club,38,15,9,0,0,0,0,0,19.32,0,40,13,91,2
765,Rui Patrício,2018/2019,Wolverhampton Wanderers,No Club,37,15,13,0,0,0,0,0,20.51,0,46,7,97,0
766,Rúnar Rúnarsson,2021/2022,Arsenal,No Club,0,0,0,0,0,0,0,0,0.0,0,0,0,0,0
766,Rúnar Rúnarsson,2020/2021,Arsenal,No Club,1,0,1,0,0,0,0,0,9.0,0,0,0,2,0
768,Mathew Ryan,2021/2022,Arsenal,Brighton and Hove Albion,0,0,0,0,0,0,0,0,0.0,0,0,0,0,0
768,Mathew Ryan,2020/2021,Arsenal,Brighton and Hove Albion,14,3,6,0,1,0,1,0,28.36,0,21,3,24,0
768,Mathew Ryan,2019/2020,Brighton and Hove Albion,No Club,38,9,15,0,0,0,0,0,32.11,0,54,9,117,0
768,Mathew Ryan,2018/2019,Brighton and Hove Albion,No Club,34,8,18,0,2,0,1,0,27.24,0,55,6,97,0
780,Robert Sánchez,2021/2022,Brighton and Hove Albion,No Club,37,12,10,0,4,1,1,0,36.03,0,42,11,101,0
780,Robert Sánchez,2020/2021,Brighton and Hove Albion,No Club,27,7,10,0,2,0,2,0,36.44,0,27,10,66,0
780,Robert Sánchez,2019/2020,Brighton and Hove Albion,No Club,0,0,0,0,0,0,0,0,0.0,0,0,0,0,0
780,Robert Sánchez,2018/2019,Brighton and Hove Albion,No Club,0,0,0,0,0,0,0,0,0.0,0,0,0,0,0
786,Matija Sarkic,2021/2022,Wolverhampton Wanderers,No Club,0,0,0,0,0,0,0,0,0.0,0,0,0,0,0
786,Matija Sarkic,2020/2021,Wolverhampton Wanderers,Aston Villa,0,0,0,0,0,0,0,0,0.0,0,0,0,0,0
786,Matija Sarkic,2019/2020,Aston Villa,No Club,0,0,0,0,0,0,0,0,0.0,0,0,0,0,0
792,Kjell Scherpen,2021/2022,Brighton and Hove Albion,No Club,0,0,0,0,0,0,0,0,0.0,0,0,0,0,0
794,Kasper Schmeichel,2021/2022,Leicester City,No Club,37,13,14,0,2,0,0,0,30.35,0,58,7,131,2
794,Kasper Schmeichel,2020/2021,Leicester City,No Club,38,20,12,0,0,0,0,0,28.08,1,50,11,88,0
794,Kasper Schmeichel,2019/2020,Leicester City,No Club,38,18,12,0,2,0,0,0,27.18,0,41,13,96,2
794,Kasper Schmeichel,2018/2019,Leicester City,No Club,38,15,16,0,3,0,0,0,29.42,0,48,10,90,0
801,Teddy Sharman-Lowe,2021/2022,Chelsea,No Club,0,0,0,0,0,0,0,0,0.0,0,0,0,0,0
804,Nathan Shepperd,2021/2022,Brentford,No Club,0,0,0,0,0,0,0,0,0.0,0,0,0,0,0
815,Viljami Sinisalo,2021/2022,Aston Villa,No Club,0,0,0,0,0,0,0,0,0.0,0,0,0,0,0
819,Cieran Slicker,2021/2022,Manchester City,No Club,0,0,0,0,0,0,0,0,0.0,0,0,0,0,0
822,Tom Smith,2021/2022,Arsenal,No Club,0,0,0,0,0,0,0,0,0.0,0,0,0,0,0
826,Andreas Söndergaard,2021/2022,Wolverhampton Wanderers,No Club,0,0,0,0,0,0,0,0,0.0,0,0,0,0,0
826,Andreas Söndergaard,2020/2021,Wolverhampton Wanderers,No Club,0,0,0,0,0,0,0,0,0.0,0,0,0,0,0
826,Andreas Söndergaard,2019/2020,Wolverhampton Wanderers,No Club,0,0,0,0,0,0,0,0,0.0,0,0,0,0,0
833,Jason Steele,2021/2022,Brighton and Hove Albion,No Club,1,0,1,0,0,0,0,0,36.0,0,2,0,3,0
833,Jason Steele,2020/2021,Brighton and Hove Albion,No Club,0,0,0,0,0,0,0,0,0.0,0,0,0,0,0
833,Jason Steele,2019/2020,Brighton and Hove Albion,No Club,0,0,0,0,0,0,0,0,0.0,0,0,0,0,0
833,Jason Steele,2018/2019,Brighton and Hove Albion,No Club,0,0,0,0,0,0,0,0,0.0,0,0,0,0,0
834,Jed Steer,2021/2022,Aston Villa,No Club,1,0,1,0,0,0,0,0,31.0,0,3,0,1,0
834,Jed Steer,2020/2021,Aston Villa,No Club,0,0,0,0,0,0,0,0,0.0,0,0,0,0,0
834,Jed Steer,2019/2020,Aston Villa,No Club,1,0,1,0,0,0,0,0,2.0,0,0,0,0,0
835,Zack Steffen,2021/2022,Manchester City,No Club,1,1,0,0,0,0,0,0,33.0,0,0,1,2,0
835,Zack Steffen,2020/2021,Manchester City,No Club,1,1,0,0,0,0,1,0,26.0,0,1,0,1,0
835,Zack Steffen,2019/2020,Manchester City,No Club,0,0,0,0,0,0,0,0,0.0,0,0,0,0,0
841,Jakub Stolarczyk,2021/2022,Leicester City,No Club,0,0,0,0,0,0,0,0,0.0,0,0,0,0,0
841,Jakub Stolarczyk,2020/2021,Leicester City,No Club,0,0,0,0,0,0,0,0,0.0,0,0,0,0,0
843,James Storer,2021/2022,Wolverhampton Wanderers,No Club,0,0,0,0,0,0,0,0,0.0,0,0,0,0,0
867,Tim Krul,2021/2022,Norwich City,No Club,29,4,20,0,1,0,0,0,31.14,1,62,5,106,0
867,Tim Krul,2019/2020,Norwich City,No Club,36,5,25,0,4,0,1,0,38.39,1,68,5,132,2
867,Tim Krul,2018/2019,Brighton and Hove Albion,No Club,0,0,0,0,0,0,0,0,0.0,0,0,0,0,0
880,James Trafford,2021/2022,Manchester City,No Club,0,0,0,0,0,0,0,0,0.0,0,0,0,0,0
880,James Trafford,2020/2021,Manchester City,No Club,0,0,0,0,0,0,0,0,0.0,0,0,0,0,0
887,Nathan Trott,2021/2022,West Ham United,No Club,0,0,0,0,0,0,0,0,0.0,0,0,0,0,0
887,Nathan Trott,2020/2021,West Ham United,No Club,0,0,0,0,0,0,0,0,0.0,0,0,0,0,0
887,Nathan Trott,2019/2020,West Ham United,No Club,0,0,0,0,0,0,0,0,0.0,0,0,0,0,0
887,Nathan Trott,2018/2019,West Ham United,No Club,0,0,0,0,0,0,0,0,0.0,0,0,0,0,0
895,Harry Tyrer,2021/2022,Everton,No Club,0,0,0,0,0,0,0,0,0.0,0,0,0,0,0
895,Harry Tyrer,2020/2021,Everton,No Club,0,0,0,0,0,0,0,0,0.0,0,0,0,0,0
908,Mikki van Sas,2021/2022,Manchester City,No Club,0,0,0,0,0,0,0,0,0.0,0,0,0,0,0
922,Sam Waller,2021/2022,Burnley,No Club,0,0,0,0,0,0,0,0,0.0,0,0,0,0,0
923,Christian Walton,2021/2022,Brighton and Hove Albion,No Club,0,0,0,0,0,0,0,0,0.0,0,0,0,0,0
923,Christian Walton,2020/2021,Brighton and Hove Albion,No Club,0,0,0,0,0,0,0,0,0.0,0,0,0,0,0
923,Christian Walton,2019/2020,Brighton and Hove Albion,No Club,0,0,0,0,0,0,0,0,0.0,0,0,0,0,0
941,Alfie Whiteman,2021/2022,Tottenham Hotspur,No Club,0,0,0,0,0,0,0,0,0.0,0,0,0,0,0
941,Alfie Whiteman,2020/2021,Tottenham Hotspur,No Club,0,0,0,0,0,0,0,0,0.0,0,0,0,0,0
941,Alfie Whiteman,2019/2020,Tottenham Hotspur,No Club,0,0,0,0,0,0,0,0,0.0,0,0,0,0,0
941,Alfie Whiteman,2018/2019,Tottenham Hotspur,No Club,0,0,0,0,0,0,0,0,0.0,0,0,0,0,0
970,Karlo Ziger,2021/2022,Chelsea,No Club,0,0,0,0,0,0,0,0,0.0,0,0,0,0,0
970,Karlo Ziger,2020/2021,Chelsea,No Club,0,0,0,0,0,0,0,0,0.0,0,0,0,0,0
970,Karlo Ziger,2019/2020,Chelsea,No Club,0,0,0,0,0,0,0,0,0.0,0,0,0,0,0
976,Oliwier Zych,2021/2022,Aston Villa,No Club,0,0,0,0,0,0,0,0,0.0,0,0,0,0,0
976,Oliwier Zych,2020/2021,Aston Villa,No Club,0,0,0,0,0,0,0,0,0.0,0,0,0,0,0
988,Joseph Anang,2020/2021,West Ham United,No Club,0,0,0,0,0,0,0,0,0.0,0,0,0,0,0
988,Joseph Anang,2019/2020,West Ham United,No Club,0,0,0,0,0,0,0,0,0.0,0,0,0,0,0
1007,Jonathan Bond,2020/2021,West Bromwich Albion,No Club,0,0,0,0,0,0,0,0,0.0,0,0,0,0,0
1010,Claudio Bravo,2020/2021,Manchester City,No Club,0,0,0,0,0,0,0,0,0.0,0,0,0,0,0
1010,Claudio Bravo,2019/2020,Manchester City,No Club,4,2,2,0,0,0,0,0,29.75,0,7,1,8,0
1010,Claudio Bravo,2018/2019,Manchester City,No Club,0,0,0,0,0,0,0,0,0.0,0,0,0,0,0
1018,David Button,2020/2021,West Bromwich Albion,Brighton and Hove Albion,1,1,0,0,0,0,0,0,36.0,0,2,0,4,0
1018,David Button,2019/2020,Brighton and Hove Albion,No Club,0,0,0,0,0,0,0,0,0.0,0,0,0,0,0
1018,David Button,2018/2019,Brighton and Hove Albion,Fulham,4,1,2,0,0,0,0,0,24.75,0,5,1,14,0
1039,Jake Eastwood,2020/2021,Sheffield United,No Club,0,0,0,0,0,0,0,0,0.0,0,0,0,0,0
1039,Jake Eastwood,2019/2020,Sheffield United,No Club,0,0,0,0,0,0,0,0,0.0,0,0,0,0,0
1046,Fabri,2020/2021,Fulham,No Club,0,0,0,0,0,0,0,0,0.0,0,0,0,0,0
1046,Fabri,2018/2019,Fulham,No Club,2,0,2,0,0,0,0,0,23.5,0,5,0,16,0
1052,Wes Foderingham,2020/2021,Sheffield United,No Club,0,0,0,0,0,0,0,0,0.0,0,0,0,0,0
1060,Paulo Gazzaniga,2020/2021,Tottenham Hotspur,No Club,0,0,0,0,0,0,0,0,0.0,0,0,0,0,0
1060,Paulo Gazzaniga,2019/2020,Tottenham Hotspur,No Club,18,5,8,0,1,0,1,0,25.33,0,26,2,59,1
1060,Paulo Gazzaniga,2018/2019,Tottenham Hotspur,No Club,3,2,1,0,0,0,0,0,31.67,0,2,1,11,0
1080,Liam Hughes,2021/2022,Liverpool,No Club,0,0,0,0,0,0,0,0,0.0,0,0,0,0,0
1080,Liam Hughes,2020/2021,Liverpool,No Club,0,0,0,0,0,0,0,0,0.0,0,0,0,0,0
1088,Lukas Jensen,2020/2021,Burnley,No Club,0,0,0,0,0,0,0,0,0.0,0,0,0,0,0
1088,Lukas Jensen,2019/2020,Burnley,No Club,0,0,0,0,0,0,0,0,0.0,0,0,0,0,0
1089,Roberto Jiménez,2020/2021,West Ham United,No Club,0,0,0,0,0,0,0,0,0.0,0,0,0,0,0
1089,Roberto Jiménez,2019/2020,West Ham United,No Club,8,0,6,0,0,0,0,0,25.38,1,17,0,36,0
1092,Sam Johnstone,2020/2021,West Bromwich Albion,No Club,37,4,22,0,1,0,1,1,29.95,0,74,6,166,1
1092,Sam Johnstone,2018/2019,Manchester United,No Club,0,0,0,0,0,0,0,0,0.0,0,0,0,0,0
1112,Luca Ashby-Hammond,2020/2021,Fulham,No Club,0,0,0,0,0,0,0,0,0.0,0,0,0,0,0
1112,Luca Ashby-Hammond,2018/2019,Fulham,No Club,0,0,0,0,0,0,0,0,0.0,0,0,0,0,0
1115,Matt Macey,2020/2021,Arsenal,No Club,0,0,0,0,0,0,0,0,0.0,0,0,0,0,0
1115,Matt Macey,2019/2020,Arsenal,No Club,0,0,0,0,0,0,0,0,0.0,0,0,0,0,0
1115,Matt Macey,2018/2019,Arsenal,No Club,0,0,0,0,0,0,0,0,0.0,0,0,0,0,0
1120,David Martin,2021/2022,West Ham United,No Club,0,0,0,0,0,0,0,0,0.0,0,0,0,0,0
1120,David Martin,2020/2021,West Ham United,No Club,0,0,0,0,0,0,0,0,0.0,0,0,0,0,0
1120,David Martin,2019/2020,West Ham United,No Club,5,2,3,0,1,0,0,0,22.2,0,6,2,15,0
1132,Kamil Miazek,2020/2021,Leeds United,No Club,0,0,0,0,0,0,0,0,0.0,0,0,0,0,0
1137,Simon Moore,2020/2021,Sheffield United,No Club,0,0,0,0,0,0,0,0,0.0,0,0,0,0,0
1137,Simon Moore,2019/2020,Sheffield United,No Club,2,0,1,0,0,0,0,0,22.0,0,6,0,5,0
1143,Magnus Norman,2020/2021,Fulham,No Club,0,0,0,0,0,0,0,0,0.0,0,0,0,0,0
1143,Magnus Norman,2018/2019,Fulham,No Club,0,0,0,0,0,0,0,0,0.0,0,0,0,0,0
1164,Pepe Reina,2020/2021,Aston Villa,No Club,0,0,0,0,0,0,0,0,0.0,0,0,0,0,0
1164,Pepe Reina,2019/2020,Aston Villa,No Club,12,3,6,0,1,0,1,0,28.75,0,20,2,33,1
1173,Marek Rodák,2020/2021,Fulham,No Club,2,0,2,0,0,0,0,0,20.5,0,5,0,4,0
1173,Marek Rodák,2018/2019,Fulham,No Club,0,0,0,0,0,0,0,0,0.0,0,0,0,0,0
1197,Maarten Stekelenburg,2020/2021,Everton,No Club,0,0,0,0,0,0,0,0,0.0,0,0,0,0,0
1197,Maarten Stekelenburg,2019/2020,Everton,No Club,0,0,0,0,0,0,0,0,0.0,0,0,0,0,0
1197,Maarten Stekelenburg,2018/2019,Everton,No Club,0,0,0,0,0,0,0,0,0.0,0,0,0,0,0
1207,Michael Verrips,2020/2021,Sheffield United,No Club,0,0,0,0,0,0,0,0,0.0,0,0,0,0,0
1207,Michael Verrips,2019/2020,Sheffield United,No Club,0,0,0,0,0,0,0,0,0.0,0,0,0,0,0
1209,Michel Vorm,2020/2021,Tottenham Hotspur,No Club,0,0,0,0,0,0,0,0,0.0,0,0,0,0,0
1209,Michel Vorm,2019/2020,Tottenham Hotspur,No Club,0,0,0,0,0,0,0,0,0.0,0,0,0,0,0
1209,Michel Vorm,2018/2019,Tottenham Hotspur,No Club,2,0,2,0,0,0,0,0,22.0,0,4,0,9,0
1212,Ben Winterbottom,2020/2021,Liverpool,No Club,0,0,0,0,0,0,0,0,0.0,0,0,0,0,0
1212,Ben Winterbottom,2019/2020,Liverpool,No Club,0,0,0,0,0,0,0,0,0.0,0,0,0,0,0
1230,Daniel Atherton,2019/2020,Liverpool,No Club,0,0,0,0,0,0,0,0,0.0,0,0,0,0,0
1237,Gavin Bazunu,2019/2020,Manchester City,No Club,0,0,0,0,0,0,0,0,0.0,0,0,0,0,0
1245,Artur Boruc,2019/2020,Bournemouth,No Club,0,0,0,0,0,0,0,0,0.0,0,0,0,0,0
1245,Artur Boruc,2018/2019,Bournemouth,No Club,12,4,5,0,2,0,0,0,23.83,0,18,4,41,0
1252,Marcin Bulka,2019/2020,Chelsea,No Club,0,0,0,0,0,0,0,0,0.0,0,0,0,0,0
1252,Marcin Bulka,2018/2019,Chelsea,No Club,0,0,0,0,0,0,0,0,0.0,0,0,0,0,0
1253,Mark Bunn,2019/2020,Aston Villa,No Club,0,0,0,0,0,0,0,0,0.0,0,0,0,0,0
1256,Jack Bycroft,2019/2020,Southampton,No Club,0,0,0,0,0,0,0,0,0.0,0,0,0,0,0
1262,Petr Cech,2019/2020,Arsenal,No Club,0,0,0,0,0,0,0,0,0.0,0,0,0,0,0
1262,Petr Cech,2018/2019,Arsenal,No Club,7,5,2,0,0,0,0,0,32.0,0,9,1,28,0
1285,Jonathan De Bie,2019/2020,Tottenham Hotspur,No Club,0,0,0,0,0,0,0,0,0.0,0,0,0,0,0
1291,Will Dennis,2019/2020,Bournemouth,No Club,0,0,0,0,0,0,0,0,0.0,0,0,0,0,0
1306,Ralf Fährmann,2019/2020,Norwich City,No Club,1,0,1,0,0,0,0,0,8.0,0,1,0,1,0
1323,Daniel Grimshaw,2019/2020,Manchester City,No Club,0,0,0,0,0,0,0,0,0.0,0,0,0,0,0
1323,Daniel Grimshaw,2018/2019,Manchester City,No Club,0,0,0,0,0,0,0,0,0.0,0,0,0,0,0
1327,Nathan Harker,2019/2020,Newcastle United,No Club,0,0,0,0,0,0,0,0,0.0,0,0,0,0,0
1327,Nathan Harker,2018/2019,Newcastle United,No Club,0,0,0,0,0,0,0,0,0.0,0,0,0,0,0
1333,Heurelho Gomes,2019/2020,Watford,No Club,0,0,0,0,0,0,0,0,0.0,0,0,0,0,0
1333,Heurelho Gomes,2018/2019,Watford,No Club,0,0,0,0,0,0,0,0,0.0,0,0,0,0,0
1334,Mateusz Hewelt,2019/2020,Everton,No Club,0,0,0,0,0,0,0,0,0.0,0,0,0,0,0
1334,Mateusz Hewelt,2018/2019,Everton,No Club,0,0,0,0,0,0,0,0,0.0,0,0,0,0,0
1347,Daniel Iversen,2021/2022,Leicester City,No Club,0,0,0,0,0,0,0,0,0.0,0,0,0,0,0
1347,Daniel Iversen,2019/2020,Leicester City,No Club,0,0,0,0,0,0,0,0,0.0,0,0,0,0,0
1355,Joel Pereira,2019/2020,Manchester United,No Club,0,0,0,0,0,0,0,0,0.0,0,0,0,0,0
1355,Joel Pereira,2018/2019,Manchester United,No Club,0,0,0,0,0,0,0,0,0.0,0,0,0,0,0
1356,Viktor Johansson,2019/2020,Leicester City,No Club,0,0,0,0,0,0,0,0,0.0,0,0,0,0,0
1365,Peter Keen,2019/2020,Newcastle United,No Club,0,0,0,0,0,0,0,0,0.0,0,0,0,0,0
1379,Adam Legzdins,2019/2020,Burnley,No Club,0,0,0,0,0,0,0,0,0.0,0,0,0,0,0
1379,Adam Legzdins,2018/2019,Burnley,No Club,0,0,0,0,0,0,0,0,0.0,0,0,0,0,0
1384,Anders Lindegaard,2019/2020,Burnley,No Club,0,0,0,0,0,0,0,0,0.0,0,0,0,0,0
1384,Anders Lindegaard,2018/2019,Burnley,No Club,0,0,0,0,0,0,0,0,0.0,0,0,0,0,0
1386,Lucas Perri,2019/2020,Crystal Palace,No Club,0,0,0,0,0,0,0,0,0.0,0,0,0,0,0
1386,Lucas Perri,2018/2019,Crystal Palace,No Club,0,0,0,0,0,0,0,0,0.0,0,0,0,0,0
1391,Archie Mair,2019/2020,Norwich City,No Club,0,0,0,0,0,0,0,0,0.0,0,0,0,0,0
1406,Simon Mignolet,2019/2020,Liverpool,No Club,0,0,0,0,0,0,0,0,0.0,0,0,0,0,0
1406,Simon Mignolet,2018/2019,Liverpool,No Club,0,0,0,0,0,0,0,0,0.0,0,0,0,0,0
1424,Kieran O'Hara,2019/2020,Manchester United,No Club,0,0,0,0,0,0,0,0,0.0,0,0,0,0,0
1424,Kieran O'Hara,2018/2019,Manchester United,No Club,0,0,0,0,0,0,0,0,0.0,0,0,0,0,0
1433,David Ospina,2019/2020,Arsenal,No Club,0,0,0,0,0,0,0,0,0.0,0,0,0,0,0
1433,David Ospina,2018/2019,Arsenal,No Club,0,0,0,0,0,0,0,0,0.0,0,0,0,0,0
1474,Julian Speroni,2019/2020,Crystal Palace,No Club,0,0,0,0,0,0,0,0,0.0,0,0,0,0,0
1474,Julian Speroni,2018/2019,Crystal Palace,No Club,1,0,1,0,0,0,0,0,32.0,0,4,0,5,0
1479,Michael Stensgaard,2019/2020,Southampton,No Club,0,0,0,0,0,0,0,0,0.0,0,0,0,0,0
1493,Mark Travers,2019/2020,Bournemouth,No Club,1,0,1,0,0,0,0,0,25.0,0,3,0,2,0
1493,Mark Travers,2018/2019,Bournemouth,No Club,2,1,1,0,0,0,0,0,21.5,0,5,1,9,0
1495,Joe Tupper,2019/2020,Crystal Palace,No Club,0,0,0,0,0,0,0,0,0.0,0,0,0,0,0
1495,Joe Tupper,2018/2019,Crystal Palace,No Club,0,0,0,0,0,0,0,0,0.0,0,0,0,0,0
1533,Ádám Bogdán,2018/2019,Liverpool,No Club,0,0,0,0,0,0,0,0,0.0,0,0,0,0,0
1536,Brian Murphy,2018/2019,Cardiff City,No Club,0,0,0,0,0,0,0,0,0.0,0,0,0,0,0
1539,Harry Burgoyne,2018/2019,Wolverhampton Wanderers,No Club,0,0,0,0,0,0,0,0,0.0,0,0,0,0,0
1542,Lee Camp,2018/2019,Cardiff City,No Club,0,0,0,0,0,0,0,0,0.0,0,0,0,0,0
1548,Bradley Collins,2018/2019,Chelsea,No Club,0,0,0,0,0,0,0,0,0.0,0,0,0,0,0
1549,Thibaut Courtois,2018/2019,Chelsea,No Club,0,0,0,0,0,0,0,0,0.0,0,0,0,0,0
1559,Diego Cavalieri,2018/2019,Crystal Palace,No Club,0,0,0,0,0,0,0,0,0.0,0,0,0,0,0
1569,Eduardo,2018/2019,Chelsea,No Club,0,0,0,0,0,0,0,0,0.0,0,0,0,0,0
1571,Neil Etheridge,2018/2019,Cardiff City,No Club,38,10,24,0,2,0,0,0,30.11,0,69,10,141,3
1573,Adam Federici,2018/2019,Bournemouth,No Club,0,0,0,0,0,0,0,0,0.0,0,0,0,0,0
1589,Robert Green,2019/2020,Chelsea,No Club,0,0,0,0,0,0,0,0,0.0,0,0,0,0,0
1589,Robert Green,2018/2019,Chelsea,Huddersfield Town,0,0,0,0,0,0,0,0,0.0,0,0,0,0,0
1595,Ben Hamer,2018/2019,Huddersfield Town,Leicester City,7,0,6,0,0,0,0,0,27.29,0,21,0,24,0
1602,Dion Henry,2018/2019,Crystal Palace,No Club,0,0,0,0,0,0,0,0,0.0,0,0,0,0,0
1615,Carl Ikeme,2018/2019,Wolverhampton Wanderers,No Club,0,0,0,0,0,0,0,0,0.0,0,0,0,0,0
1616,Dejan Iliev,2018/2019,Arsenal,No Club,0,0,0,0,0,0,0,0,0.0,0,0,0,0,0
1628,Orestis Karnezis,2018/2019,Watford,No Club,0,0,0,0,0,0,0,0,0.0,0,0,0,0,0
1634,Harry Lewis,2021/2022,Southampton,No Club,0,0,0,0,0,0,0,0,0.0,0,0,0,0,0
1634,Harry Lewis,2020/2021,Southampton,No Club,0,0,0,0,0,0,0,0,0.0,0,0,0,0,0
1634,Harry Lewis,2019/2020,Southampton,No Club,0,0,0,0,0,0,0,0,0.0,0,0,0,0,0
1634,Harry Lewis,2018/2019,Southampton,No Club,0,0,0,0,0,0,0,0,0.0,0,0,0,0,0
1637,Niki Mäenpää,2018/2019,Brighton and Hove Albion,No Club,0,0,0,0,0,0,0,0,0.0,0,0,0,0,0
1648,Allan McGregor,2018/2019,Cardiff City,No Club,0,0,0,0,0,0,0,0,0.0,0,0,0,0,0
1672,Costel Pantilimon,2018/2019,Watford,No Club,0,0,0,0,0,0,0,0,0.0,0,0,0,0,0
1688,Joel Robles,2018/2019,Everton,No Club,0,0,0,0,0,0,0,0,0.0,0,0,0,0,0
1698,Ryan Schofield,2018/2019,Huddersfield Town,No Club,0,0,0,0,0,0,0,0,0.0,0,0,0,0,0
1701,Matz Sels,2018/2019,Newcastle United,No Club,0,0,0,0,0,0,0,0,0.0,0,0,0,0,0
1706,Alex Smithies,2018/2019,Cardiff City,No Club,0,0,0,0,0,0,0,0,0.0,0,0,0,0,0
1708,Stuart Taylor,2018/2019,Southampton,No Club,0,0,0,0,0,0,0,0,0.0,0,0,0,0,0
1710,Taye Ashby-Hammond,2018/2019,Fulham,No Club,0,0,0,0,0,0,0,0,0.0,0,0,0,0,0
1713,Jared Thompson,2018/2019,Chelsea,No Club,0,0,0,0,0,0,0,0,0.0,0,0,0,0,0
