player_id,player_name,player_position,sum_yellow_cards,sum_red_cards,player_fouls,seasons_played
1,"Max Aarons",Defender,15,0,56,2
2,"Tammy Abraham",Forward,2,0,39,2
3,"Adam Armstrong",Forward,1,0,13,1
4,"Che Adams",Forward,1,0,76,3
6,Adrián,Goalkeeper,1,0,0,2
7,"Sergio Agüero",Forward,4,0,32,3
9,"Ahmed El Mohamady",Defender,3,0,19,2
10,"Rayan Aït-Nouri",Defender,5,0,29,2
11,"Kristoffer Ajer",Defender,5,0,12,1
12,"Nathan Aké",Defender,9,0,54,4
13,"Marc Albrighton",Midfielder,10,0,32,4
14,"Toby Alderweireld",Defender,12,0,45,3
17,"Alex Telles",Defender,1,0,27,2
18,"Trent Alexander-Arnold",Defender,12,0,69,4
19,"Ezgjan Alioski",Defender,7,0,39,1
20,Alisson,Goalkeeper,2,1,2,4
21,Allan,Midfielder,13,1,67,2
22,"Dele Alli",Midfielder,10,0,66,4
23,"Miguel Almirón",Midfielder,10,0,71,4
24,"Marcos Alonso",Defender,20,0,82,4
27,"Álvaro Fernández",Goalkeeper,0,0,0,1
29,"Steven Alzate",Midfielder,3,0,43,3
30,"Daniel Amartey",Defender,9,0,23,3
31,"Ethan Ampadu",Defender,3,0,25,1
32,"Joachim Andersen",Defender,11,1,58,2
34,"Florin Andone",Forward,5,1,30,2
35,"André Gomes",Midfielder,19,0,146,4
36,"Andreas Pereira",Midfielder,8,0,39,2
38,Angeliño,Defender,1,0,2,1
39,"Faustino Anjorin",Midfielder,0,0,0,1
40,"Michail Antonio",Forward,15,1,154,4
43,"Cameron Archer",Forward,0,0,3,1
44,"Alphonse Areola",Goalkeeper,2,0,0,2
45,"Stuart Armstrong",Midfielder,10,0,90,4
46,"Kepa Arrizabalaga",Goalkeeper,3,0,0,4
47,"Harrison Ashby",Defender,0,0,0,1
50,"Christian Atsu",Midfielder,4,0,24,2
51,"Pierre-Emerick Aubameyang",Forward,8,1,55,4
52,"Sèrge Aurier",Defender,3,1,81,3
56,"Jordan Ayew",Forward,15,0,173,4
57,"Luke Ayling",Defender,11,1,51,2
59,"César Azpilicueta",Defender,13,1,136,4
62,"Daniel Bachmann",Goalkeeper,0,0,1,1
63,"Leon Bailey",Forward,3,0,12,1
64,"Eric Bailly",Defender,4,1,19,4
68,"Fabián Balbuena",Defender,5,1,37,3
70,"Gareth Bale",Forward,1,0,9,1
71,"Folarin Balogun",Forward,0,0,0,1
73,"Patrick Bamford",Forward,5,0,41,2
76,"Shandon Baptiste",Midfielder,0,1,6,1
78,"Phil Bardsley",Defender,17,0,65,3
79,"Ross Barkley",Midfielder,1,0,39,4
80,"Ashley Barnes",Forward,20,0,156,4
83,"Lewis Bate",Midfielder,0,0,3,1
84,"Michy Batshuayi",Forward,0,0,23,3
86,"Mads Bech Sørensen",Defender,3,0,8,1
88,"Jan Bednarek",Defender,26,1,115,4
89,"Asmir Begovic",Goalkeeper,0,0,0,1
90,"Héctor Bellerín",Defender,13,0,52,3
91,"Ben Gibson",Defender,4,1,14,2
95,"Saïd Benrahma",Forward,0,0,23,2
96,"Josh Benson",Midfielder,0,0,4,1
97,"Rodrigo Bentancur",Midfielder,5,0,22,1
98,"Christian Benteke",Forward,9,2,94,4
99,"Gaetano Berardi",Defender,0,0,1,1
101,"Steven Bergwijn",Forward,6,0,36,3
103,Bernard,Forward,9,0,42,3
104,Bernardo,Defender,5,0,21,3
105,"Bernardo Silva",Midfielder,19,0,101,4
106,"Ryan Bertrand",Defender,17,1,85,4
107,"Muhamed Besic",Midfielder,2,0,6,1
108,"Marcus Bettinelli",Goalkeeper,1,0,0,1
109,"Mads Bidstrup",Midfielder,0,0,1,1
112,"Yves Bissouma",Midfielder,27,1,156,4
120,"Willy Boly",Defender,6,2,75,4
122,"Jarrod Bowen",Forward,6,0,44,3
124,"Jarrad Branthwaite",Defender,0,1,7,2
127,"Nathan Broadhead",Forward,0,0,0,1
128,"Armando Broja",Forward,2,0,29,2
129,"Josh Brownhill",Midfielder,14,0,81,3
130,"Bruno Fernandes",Midfielder,18,0,85,3
131,"Bruno Guimarães",Midfielder,4,0,13,1
132,"Bruno Jordão",Midfielder,0,0,0,1
133,"Lewis Brunt",Midfielder,0,0,0,1
134,"Emiliano Buendía",Midfielder,7,1,53,2
136,"Dan Burn",Defender,18,0,93,3
138,"Jack Butland",Goalkeeper,0,0,0,2
139,"Willy Caballero",Goalkeeper,1,0,0,4
140,"Gary Cahill",Defender,4,0,26,3
141,"Moisés Caicedo",Midfielder,2,0,7,1
144,"Dominic Calvert-Lewin",Forward,17,0,145,4
146,"Chem Campbell",Midfielder,0,0,0,1
147,"Sergi Canós",Forward,6,1,28,1
148,"Todd Cantwell",Midfielder,8,0,37,2
150,"Carlos Vinícius",Forward,2,0,11,1
151,"Andy Carroll",Forward,4,0,40,3
152,"Scott Carson",Goalkeeper,0,0,0,1
155,"Matty Cash",Defender,14,1,73,2
156,"Timothy Castagne",Defender,2,0,35,2
157,"Craig Cathcart",Defender,12,0,42,3
158,"Edinson Cavani",Forward,4,0,28,2
159,"Dani Ceballos",Midfielder,5,0,42,2
160,"Cédric Soares",Defender,9,0,46,4
162,"Trevoh Chalobah",Defender,2,0,19,1
163,"Calum Chambers",Defender,15,0,73,4
166,"Daniel Chesters",Midfielder,0,0,0,1
167,"Ben Chilwell",Defender,10,0,94,4
168,Chiquinho,Forward,0,0,9,1
169,"Tahith Chong",Midfielder,0,0,2,2
170,"Hamza Choudhury",Midfielder,4,1,29,4
172,"Andreas Christensen",Defender,10,1,45,4
174,"Carney Chukwuemeka",Midfielder,0,0,5,2
176,"CJ Egan-Riley",Defender,0,0,0,1
177,"Ciaran Clark",Defender,9,1,37,4
181,"Tom Cleverley",Midfielder,6,0,52,3
182,"Nathaniel Clyne",Defender,5,0,16,3
183,"Conor Coady",Defender,20,0,69,4
185,"Séamus Coleman",Defender,8,1,67,4
186,"Nathan Collins",Defender,2,1,20,1
187,"Aaron Connolly",Forward,0,0,22,3
189,"Liam Cooper",Defender,9,1,42,2
190,"Theo Corbeanu",Forward,0,0,0,1
191,"Jack Cork",Midfielder,13,0,115,4
192,"Maxwel Cornet",Forward,2,0,20,1
195,"Vladimír Coufal",Defender,6,1,58,2
199,"Charlie Cresswell",Defender,1,0,3,1
201,"Cristiano Ronaldo",Forward,8,0,16,1
202,"Cucho Hernández",Forward,3,0,13,1
203,"Marc Cucurella",Defender,6,0,28,1
206,"Luke Cundle",Midfielder,0,0,3,1
207,"Patrick Cutrone",Forward,0,0,5,2
210,"Patson Daka",Forward,2,0,17,1
213,"Stuart Dallas",Defender,12,0,73,2
215,"Daniel Podence",Midfielder,5,0,27,3
217,"Scott Dann",Defender,2,0,15,3
218,"Karl Darlow",Goalkeeper,4,0,1,2
219,"Josh Dasilva",Midfielder,0,1,4,1
220,"David Luiz",Defender,9,3,79,3
221,"Tom Davies",Midfielder,15,0,81,4
222,"Keinan Davis",Forward,0,0,16,3
223,"Craig Dawson",Defender,13,2,84,3
226,"Kevin De Bruyne",Midfielder,8,0,84,4
227,"David de Gea",Goalkeeper,3,0,1,4
228,"Troy Deeney",Forward,7,1,79,3
229,"Liam Delap",Forward,0,0,2,2
230,"Fabian Delph",Midfielder,7,2,35,4
232,"Emmanuel Dennis",Forward,7,1,59,1
235,"Kiernan Dewsbury-Hall",Midfielder,4,0,20,1
236,"Amad Diallo",Forward,0,0,2,1
237,"Luis Díaz",Forward,0,0,14,1
241,"Eric Dier",Defender,9,0,47,3
242,"Lucas Digne",Defender,13,2,115,3
243,"Diogo Dalot",Defender,7,0,31,3
244,"Diogo Jota",Forward,20,0,150,4
245,"Issa Diop",Defender,15,0,62,4
247,"Moussa Djenepo",Midfielder,12,1,61,3
248,"Lewis Dobbin",Forward,1,0,1,1
250,"Matt Doherty",Defender,8,1,89,4
251,"Domingos Quina",Midfielder,0,0,8,2
252,"Abdoulaye Doucouré",Midfielder,28,0,149,4
253,"Douglas Luiz",Midfielder,23,1,147,3
254,"Kieran Dowell",Midfielder,0,0,19,1
255,"Tommy Doyle",Midfielder,0,0,0,1
256,"Cody Drameh",Defender,1,0,2,1
257,"Danny Drinkwater",Midfielder,1,0,8,1
259,"Josip Drmic",Forward,0,1,6,1
260,"Martin Dúbravka",Goalkeeper,2,0,0,4
261,"Shane Duffy",Defender,13,1,51,3
262,"Paul Dummett",Defender,7,0,27,4
263,"Lewis Dunk",Defender,21,4,72,4
264,"Jimmy Dunne",Defender,1,0,2,1
266,Ederson,Goalkeeper,11,1,6,4
267,"Odsonne Édouard",Forward,4,0,25,1
270,"Anwar El Ghazi",Forward,7,0,46,3
271,"Anthony Elanga",Forward,0,0,10,2
273,"Harvey Elliott",Midfielder,0,0,2,3
274,"Mohamed Elyounoussi",Midfielder,4,0,38,2
275,Emerson,Defender,3,0,15,4
276,"Emerson Royal",Defender,5,0,28,1
277,"Björn Engels",Defender,1,0,5,1
278,"Christian Eriksen",Midfielder,9,0,31,3
279,"Peter Etebo",Midfielder,3,0,8,1
280,"Jonny Evans",Defender,20,1,89,4
283,"Eberechi Eze",Midfielder,4,0,23,2
284,"Lukasz Fabianski",Goalkeeper,5,0,3,4
285,Fabinho,Midfielder,25,0,130,4
286,"Fábio Silva",Forward,2,0,33,2
288,"Akin Famewo",Defender,0,0,0,1
291,"Felipe Anderson",Midfielder,4,0,44,3
293,"Kiko Femenía",Defender,8,0,50,3
294,"Evan Ferguson",Forward,0,0,0,1
296,Fernandinho,Midfielder,19,2,102,4
299,"Junior Firpo",Defender,11,0,39,1
300,"William Fish",Defender,0,0,0,1
302,"Ashley Fletcher",Forward,0,0,1,1
305,"Phil Foden",Midfielder,1,0,43,4
306,"Wesley Fofana",Defender,9,0,44,2
308,"Pablo Fornals",Midfielder,10,0,68,3
309,"Adam Forshaw",Midfielder,5,0,26,1
310,"Marcus Forss",Forward,0,0,3,1
311,"Fraser Forster",Goalkeeper,1,0,1,3
312,"Ben Foster",Goalkeeper,2,0,5,3
313,"Tariqe Fosu-Henry",Midfielder,0,0,0,1
314,"Ryan Fraser",Midfielder,7,1,31,4
316,Fred,Midfielder,20,0,143,4
317,"Freddie Woodman",Goalkeeper,0,0,0,1
318,"Ryan Fredericks",Defender,15,0,48,4
319,"Christian Fuchs",Defender,4,0,19,3
321,"Gabriel Jesus",Forward,7,0,93,4
322,"Gabriel Magalhães",Defender,8,2,46,2
323,"Gabriel Martinelli",Forward,2,1,42,3
325,"Conor Gallagher",Midfielder,21,0,108,2
326,"Eric García",Defender,1,0,13,2
327,"Alejandro Garnacho",Midfielder,0,0,1,1
328,"James Garner",Midfielder,0,0,0,1
329,"Dwight Gayle",Forward,3,0,14,3
330,"Jean-Philippe Gbamin",Midfielder,0,0,2,3
332,"Rachid Ghezzal",Midfielder,3,0,13,1
333,"Saman Ghoddos",Forward,2,0,12,1
334,"Dimitris Giannoulis",Defender,2,0,16,1
336,"Morgan Gibbs-White",Midfielder,3,0,17,4
338,"Bryan Gil",Forward,0,0,1,1
342,"Billy Gilmour",Midfielder,2,0,33,3
343,"Olivier Giroud",Forward,3,0,44,3
344,"Ben Godfrey",Defender,9,1,32,2
347,"Joe Gomez",Defender,11,0,44,4
348,"Charlie Goode",Defender,3,0,5,1
350,"Dan Gosling",Midfielder,11,0,50,2
353,"Demarai Gray",Forward,5,0,26,3
354,"Jack Grealish",Midfielder,17,0,91,3
355,"Sam Greenwood",Forward,0,0,7,1
357,"Pascal Groß",Midfielder,9,0,68,4
359,"Vicente Guaita",Goalkeeper,7,0,2,4
360,"Jóhann Gudmundsson",Midfielder,0,0,9,1
361,"Marc Guéhi",Defender,4,0,14,1
362,"Mattéo Guendouzi",Midfielder,15,0,41,2
363,"Frédéric Guilbert",Defender,7,0,36,1
364,"Ilkay Gündogan",Midfielder,12,0,50,4
365,"Angus Gunn",Goalkeeper,0,0,0,3
370,"Grant Hanley",Defender,6,0,34,2
373,"Jack Harrison",Midfielder,5,0,57,2
374,"Joe Hart",Goalkeeper,0,0,0,1
376,"Kortney Hause",Defender,5,0,35,3
377,"Kai Havertz",Midfielder,5,0,67,2
380,"Tom Heaton",Goalkeeper,3,0,2,2
383,"Hélder Costa",Forward,3,0,41,3
386,"Jeff Hendrick",Midfielder,13,1,49,3
387,"Wayne Hennessey",Goalkeeper,0,0,0,3
388,"Rico Henry",Defender,2,0,20,1
390,"Onel Hernández",Midfielder,0,0,14,1
393,"Leo Hjelde",Defender,0,0,1,1
394,"Wesley Hoedt",Defender,2,0,15,1
395,"Ki-Jana Hoever",Defender,1,0,4,1
396,"Rob Holding",Defender,6,1,44,4
397,"Mason Holgate",Defender,13,1,45,3
398,"Nathan Holland",Midfielder,0,0,0,1
399,"Conor Hourihane",Midfielder,4,0,15,2
400,"Callum Hudson-Odoi",Midfielder,2,0,33,4
402,"Will Hughes",Midfielder,20,0,125,3
407,"Hwang Hee-Chan",Forward,2,0,29,1
408,"Pierre-Emile Højbjerg",Midfielder,24,2,190,4
409,"Adam Idah",Forward,0,0,9,2
410,"Kelechi Iheanacho",Forward,4,0,55,3
411,"Danny Ings",Forward,9,0,87,4
412,"Tim Iroegbunam",Midfielder,1,0,2,1
414,"Alex Iwobi",Forward,1,0,49,4
415,"José Izquierdo",Forward,1,0,6,1
417,"Alireza Jahanbakhsh",Forward,2,0,21,2
419,"Reece James",Defender,8,1,73,3
420,"Vitaly Janelt",Midfielder,3,0,26,1
421,"Alexandre Jankewitz",Midfielder,0,1,1,1
422,"Pontus Jansson",Defender,7,0,15,1
430,"Raúl Jiménez",Forward,4,0,51,2
431,"João Cancelo",Defender,5,1,36,1
432,"João Moutinho",Midfielder,18,1,173,4
433,"João Pedro",Forward,1,0,14,2
434,"João Virgínia",Goalkeeper,0,0,0,1
435,Joelinton,Forward,18,0,120,3
438,"Ben Johnson",Defender,1,0,14,3
439,"Curtis Jones",Midfielder,2,0,32,3
440,Jonny,Defender,7,0,40,3
441,Jorginho,Midfielder,18,0,60,2
442,"José Sá",Goalkeeper,3,0,3,1
443,"James Justin",Defender,5,0,24,2
444,"Ozan Kabak",Defender,5,0,22,2
445,"Christian Kabasele",Defender,1,2,27,2
447,"Samuel Kalu",Forward,0,0,0,1
449,"Harry Kane",Forward,15,0,136,4
450,"N'Golo Kanté",Midfielder,16,0,138,4
454,"Edo Kayembe",Midfielder,0,0,4,1
455,Kayky,Forward,0,0,1,1
456,"Moise Kean",Forward,1,0,28,3
457,"Michael Keane",Defender,11,1,73,4
458,"Naby Keïta",Midfielder,3,0,46,2
459,"Caoimhín Kelleher",Goalkeeper,0,0,0,2
460,"Martin Kelly",Defender,2,0,14,3
461,Kenedy,Forward,1,0,19,2
463,"Jonjoe Kenny",Defender,2,1,19,3
464,"Reda Khadra",Midfielder,0,0,0,1
465,"Kiko Casilla",Goalkeeper,0,0,0,1
466,"Maximilian Kilman",Defender,3,0,17,2
467,"Joshua King",Forward,3,0,94,3
470,"Kristoffer Klaesson",Goalkeeper,0,0,0,1
471,"Mateusz Klich",Midfielder,11,0,86,2
472,"Timm Klose",Defender,0,0,8,1
474,"Robin Koch",Defender,4,0,39,2
475,"Sead Kolasinac",Defender,6,0,24,3
476,"Ibrahima Konaté",Defender,2,0,10,1
477,"Ezri Konsa",Defender,10,2,54,3
479,"Cheikhou Kouyaté",Midfielder,14,0,132,4
480,"Mateo Kovacic",Midfielder,19,0,79,4
483,"Emil Krafth",Defender,4,0,16,2
485,"Juraj Kucka",Midfielder,3,1,46,1
486,"Dejan Kulusevski",Midfielder,3,0,20,1
487,"Alexandre Lacazette",Forward,13,0,164,4
489,"Adam Lallana",Midfielder,6,0,40,4
490,"Erik Lamela",Midfielder,9,1,77,3
491,"Tariq Lamptey",Defender,8,1,61,3
493,"Henri Lansbury",Midfielder,0,0,4,1
494,"Manuel Lanzini",Midfielder,6,0,29,4
495,"Aymeric Laporte",Defender,10,1,53,4
496,"Jamaal Lascelles",Defender,18,0,72,4
501,"Pierre Lees-Melou",Midfielder,5,0,35,1
502,"Florian Lejeune",Defender,0,0,17,2
504,"Mario Lemina",Midfielder,10,0,63,2
505,"Aaron Lennon",Midfielder,7,0,41,3
506,"Bernd Leno",Goalkeeper,2,1,2,4
508,"Thakgalo Leshabela",Midfielder,0,0,0,1
510,"Jamal Lewis",Defender,9,0,35,3
512,"Victor Lindelöf",Defender,11,0,84,4
514,"Jesse Lingard",Midfielder,7,0,54,3
515,"Tino Livramento",Defender,2,0,12,1
516,"Diego Llorente",Defender,8,0,38,2
517,"Hugo Lloris",Goalkeeper,2,0,0,4
518,"Giovani Lo Celso",Midfielder,11,0,49,3
519,"Jürgen Locadia",Forward,1,0,23,3
520,"Ruben Loftus-Cheek",Midfielder,4,0,59,4
522,"Kevin Long",Defender,3,0,23,4
525,"Ademola Lookman",Forward,7,0,81,3
527,"Jonas Lössl",Goalkeeper,1,0,0,2
528,"Imrân Louza",Midfielder,6,0,24,1
529,"Matthew Lowton",Defender,17,1,68,4
530,"Lucas Moura",Forward,11,0,98,4
531,"Romelu Lukaku",Forward,5,0,26,2
532,Lyanco,Defender,2,0,13,1
535,"Alexis Mac Allister",Midfielder,5,0,53,3
536,"James Maddison",Midfielder,14,1,102,4
538,"Harry Maguire",Defender,30,2,114,4
539,"Riyad Mahrez",Forward,0,0,46,4
540,"Ainsley Maitland-Niles",Midfielder,7,2,43,4
543,"Sadio Mané",Forward,13,0,183,4
544,"Javier Manquillo",Defender,13,0,47,4
545,Marçal,Defender,5,0,41,2
547,"Solly March",Midfielder,4,0,96,4
549,"Pablo Marí",Defender,3,0,11,3
552,"Anthony Martial",Forward,3,1,57,4
553,"Josh Martin",Forward,0,0,1,1
554,"Emiliano Martínez",Goalkeeper,7,0,1,3
555,"Adam Masina",Defender,8,0,57,3
556,"Arthur Masuaku",Defender,9,1,44,4
558,"Juan Mata",Midfielder,4,0,20,4
559,"Jean-Philippe Mateta",Forward,2,0,19,2
560,"Nemanja Matic",Midfielder,14,1,94,4
561,"Joël Matip",Defender,7,0,42,4
564,"Matty Longstaff",Midfielder,1,0,9,2
565,"Neal Maupay",Forward,11,1,98,3
566,"Konstantinos Mavropanos",Defender,1,0,2,1
568,"Bryan Mbeumo",Midfielder,4,0,20,1
571,"James McArthur",Midfielder,20,0,174,4
572,"James McAtee",Midfielder,0,0,1,1
573,"Kasey McAteer",Midfielder,0,0,0,1
576,"Liam McCarron",Midfielder,0,0,0,1
577,"James McCarthy",Midfielder,10,0,37,3
580,"John McGinn",Midfielder,23,0,137,3
582,"Michael McGovern",Goalkeeper,0,0,0,1
583,"Stuart McKinstry",Midfielder,0,0,0,1
584,"Kenny McLean",Midfielder,8,0,40,2
585,"Dwight McNeil",Midfielder,9,0,71,4
586,"Scott McTominay",Midfielder,15,0,149,4
587,"Ben Mee",Defender,22,0,76,4
588,"Hannibal Mejbri",Midfielder,2,0,3,2
589,"Édouard Mendy",Goalkeeper,5,0,2,2
591,"Illan Meslier",Goalkeeper,2,0,1,2
593,"Luka Milivojevic",Midfielder,31,1,163,4
594,"James Milner",Midfielder,14,1,75,4
595,"Yerry Mina",Defender,11,0,60,4
596,"Takumi Minamino",Midfielder,2,0,22,3
597,"Tyrone Mings",Defender,22,1,68,4
598,"Tyrick Mitchell",Defender,3,0,25,3
601,"Jakub Moder",Midfielder,2,0,31,2
602,"Mohamed Elneny",Midfielder,4,0,16,3
603,"Mohamed Salah",Forward,3,0,76,4
604,"Jayson Molumby",Midfielder,0,0,0,1
609,"Wes Morgan",Defender,1,2,22,3
611,"Tyler Morton",Midfielder,1,0,1,1
612,"Victor Moses",Midfielder,0,0,1,1
615,"Mason Mount",Midfielder,9,0,117,3
616,"Bali Mumba",Defender,0,0,0,1
617,"Joel Mumbongo",Forward,1,0,1,1
620,"Jacob Murphy",Midfielder,7,0,43,3
621,"Glenn Murray",Forward,5,0,95,2
623,"Yoshinori Muto",Forward,1,0,15,2
624,"Enock Mwepu",Midfielder,2,0,18,1
625,"Vitaliy Mykolenko",Defender,0,0,13,1
626,"Daniel N'Lundulu",Forward,0,0,6,1
627,"Marvelous Nakamba",Midfielder,13,0,50,3
629,"Marc Navarro",Defender,0,0,1,1
630,"Wilfred Ndidi",Midfielder,24,0,186,4
631,"Tanguy Ndombélé",Midfielder,7,0,43,3
632,"Reiss Nelson",Forward,1,0,10,3
633,"Nélson Semedo",Defender,6,0,64,2
634,"Jeremy Ngakia",Defender,0,0,14,2
635,"Saúl Ñíguez",Midfielder,1,0,9,1
636,"Eddie Nketiah",Forward,3,1,44,4
637,"Nicolas Nkoulou",Defender,0,0,1,1
638,"Niels Nkounkou",Defender,1,0,1,1
639,"Mark Noble",Midfielder,12,1,63,4
640,"Mathias Normann",Midfielder,6,0,37,1
641,"Will Norris",Goalkeeper,0,0,0,2
642,"Nuno Tavares",Defender,2,0,23,1
643,"Ørjan Nyland",Goalkeeper,0,0,0,1
644,"Christian Nørgaard",Midfielder,8,0,56,1
647,"Michael Obafemi",Forward,2,0,14,3
651,"Angelo Ogbonna",Defender,12,0,70,4
660,"Michael Olise",Midfielder,4,0,16,1
661,"Robin Olsen",Goalkeeper,1,0,0,2
663,"Andrew Omobamidele",Defender,1,0,3,1
667,"Tyler Onyango",Midfielder,0,0,0,1
668,"Frank Onyeka",Midfielder,4,0,33,1
669,"Divock Origi",Forward,1,0,16,4
671,"Owen Otasowie",Midfielder,1,0,3,1
674,"Alex Oxlade-Chamberlain",Midfielder,1,0,30,4
676,"Pablo Hernández",Midfielder,1,0,1,1
677,"Cole Palmer",Midfielder,0,0,1,1
680,"Troy Parrott",Forward,0,0,0,1
681,"Thomas Partey",Midfielder,10,0,51,2
685,"Bailey Peacock-Farrell",Goalkeeper,0,0,0,1
687,"Pedro Neto",Forward,10,0,40,3
690,"Nicolas Pépé",Forward,5,1,33,3
691,"Ayoze Pérez",Forward,4,1,113,4
693,"Sonny Perkins",Forward,0,0,0,1
694,"Romain Perraud",Defender,3,0,31,1
696,"Philippe Coutinho",Midfielder,0,0,8,1
697,"Kalvin Phillips",Midfielder,14,0,79,2
698,"Jaden Philogene-Bidace",Midfielder,0,0,0,2
699,"Jordan Pickford",Goalkeeper,6,0,3,4
700,"Erik Pieters",Defender,4,0,61,3
701,"Ethan Pinnock",Defender,1,0,9,1
702,"Przemyslaw Placheta",Midfielder,1,0,1,1
705,"Paul Pogba",Midfielder,17,1,160,4
707,"Nick Pope",Goalkeeper,3,0,2,3
710,"Ian Poveda-Ocampo",Forward,0,0,5,1
712,"Dennis Praet",Midfielder,2,0,30,2
714,"Isaac Price",Midfielder,0,0,0,1
715,"Davy Pröpper",Midfielder,6,0,65,3
716,"Teemu Pukki",Forward,7,0,54,2
717,"Christian Pulisic",Midfielder,4,0,42,3
718,"Ignacio Pussetto",Forward,1,0,3,1
725,"Kayne Ramsay",Defender,1,0,1,2
726,"Aaron Ramsdale",Goalkeeper,2,0,1,3
727,"Jacob Ramsey",Midfielder,6,0,45,2
728,"Darren Randolph",Goalkeeper,0,0,0,2
729,Raphinha,Forward,10,0,53,2
730,"Marcus Rashford",Forward,12,1,85,4
731,"Milot Rashica",Midfielder,0,0,23,1
732,"David Raya",Goalkeeper,1,0,1,1
733,"Nathan Redmond",Midfielder,6,0,99,4
734,"Sergio Reguilón",Defender,9,0,48,2
737,"Ricardo Pereira",Defender,14,0,110,4
738,"Declan Rice",Midfielder,20,0,107,4
739,"Taylor Richards",Midfielder,0,0,1,1
740,"Lewis Richardson",Forward,0,0,0,1
741,Richarlison,Forward,26,2,144,4
742,"Jairo Riedewald",Defender,4,0,25,3
743,"Matt Ritchie",Midfielder,20,0,106,4
744,"Robbie Brady",Midfielder,7,1,41,3
745,"Roberto Firmino",Forward,5,0,96,4
747,"Andrew Robertson",Defender,13,1,78,4
748,"Joe Rodon",Defender,0,0,2,2
749,Rodri,Midfielder,19,0,130,3
750,Rodrigo,Forward,12,0,40,2
751,"Jay Rodríguez",Forward,7,0,88,3
752,"Mads Roerslev",Defender,1,0,18,1
755,"Oriol Romeu",Midfielder,31,0,161,4
757,"Salomón Rondón",Forward,4,1,34,2
758,"Danny Rose",Defender,16,0,61,3
760,"Rúben Dias",Defender,9,0,48,2
761,"Rúben Neves",Midfielder,34,0,137,4
762,"Rúben Vinagre",Defender,2,0,21,3
763,"John Ruddy",Goalkeeper,0,0,0,3
764,"Antonio Rüdiger",Defender,19,0,98,4
765,"Rui Patrício",Goalkeeper,1,0,0,3
766,"Rúnar Rúnarsson",Goalkeeper,0,0,0,1
767,"Lukas Rupp",Midfielder,1,0,17,2
768,"Mathew Ryan",Goalkeeper,3,0,2,3
769,"Allan Saint-Maximin",Forward,6,0,50,3
770,"Romain Saïss",Defender,25,1,129,4
772,"Bukayo Saka",Midfielder,13,0,89,4
773,"Mamadou Sakho",Defender,3,1,10,3
775,"Mohammed Salisu",Defender,9,1,48,2
776,"Sam Byram",Defender,7,0,28,2
777,"Mbwana Samatta",Forward,1,0,9,1
778,"Albert Sambi Lokonga",Midfielder,5,0,12,1
779,Samir,Defender,4,0,17,1
780,"Robert Sánchez",Goalkeeper,6,1,3,2
781,"Jadon Sancho",Forward,0,0,4,1
784,"Morgan Sanson",Midfielder,3,0,9,2
785,"Joshua Sargent",Forward,1,0,9,1
787,"Jeremy Sarmiento",Forward,0,0,0,1
788,"Malang Sarr",Defender,2,0,8,1
790,"Dane Scarlett",Forward,0,0,0,2
791,"Fabian Schär",Defender,25,1,103,4
793,"Jeffrey Schlupp",Midfielder,7,0,93,4
794,"Kasper Schmeichel",Goalkeeper,7,0,0,4
795,"Sean Longstaff",Midfielder,7,1,60,4
796,"Ken Sema",Midfielder,2,0,28,2
797,"Ryan Sessegnon",Midfielder,2,0,43,3
799,"Jamie Shackleton",Midfielder,4,0,16,2
800,"Xherdan Shaqiri",Midfielder,4,0,21,3
802,"Luke Shaw",Defender,34,0,139,4
803,"Jonjo Shelvey",Midfielder,16,1,84,4
805,"Shola Shoretire",Forward,0,0,0,2
806,"Sidnei Tavares",Midfielder,0,0,1,1
807,"Francisco Sierralta",Defender,0,0,4,1
808,"Gylfi Sigurdsson",Midfielder,8,0,89,3
811,"Ellis Simms",Forward,0,0,0,1
816,"Moussa Sissoko",Midfielder,18,0,125,4
818,"Oliver Skipp",Midfielder,6,0,21,3
821,"William Smallbone",Midfielder,0,0,7,3
823,"Emile Smith Rowe",Midfielder,1,0,10,3
825,"Son Heung-Min",Forward,4,2,57,4
829,"Tomás Soucek",Midfielder,10,1,119,3
830,"Boubakary Soumaré",Midfielder,0,0,16,1
832,"Çaglar Söyüncü",Defender,12,1,81,4
833,"Jason Steele",Goalkeeper,0,0,0,1
834,"Jed Steer",Goalkeeper,0,0,0,2
835,"Zack Steffen",Goalkeeper,0,0,1,2
836,"Dale Stephens",Midfielder,16,1,99,4
838,"Finley Stevens",Defender,0,0,0,1
840,"Marco Stiepermann",Forward,6,0,22,1
842,"John Stones",Defender,1,1,21,4
845,"Pascal Struijk",Defender,9,1,51,2
846,"Isaac Success",Forward,5,0,26,2
848,"Crysencio Summerville",Midfielder,0,0,1,1
851,"Jacob Sørensen",Midfielder,0,0,7,1
853,"Japhet Tanganga",Defender,5,1,38,3
854,"Matt Targett",Defender,16,0,85,4
855,"James Tarkowski",Defender,35,0,141,4
856,"Percy Tau",Forward,0,0,0,1
857,"Neil Taylor",Defender,3,0,9,2
858,"Allan Tchaptchet",Defender,0,0,0,1
860,"Nathan Tella",Midfielder,4,0,33,3
861,Thiago,Midfielder,6,0,67,2
862,"Thiago Silva",Defender,5,1,25,2
864,"Dominic Thompson",Defender,0,0,1,1
865,"Youri Tielemans",Midfielder,13,0,111,4
866,"Kieran Tierney",Defender,6,0,27,3
867,"Tim Krul",Goalkeeper,5,0,1,2
869,"Takehiro Tomiyasu",Defender,2,0,16,1
870,"James Tomkins",Defender,14,0,40,4
872,"Fikayo Tomori",Defender,3,0,8,2
873,"Ivan Toney",Forward,8,0,50,1
874,"Tony Springett",Midfielder,1,0,1,1
875,"Lucas Torreira",Midfielder,14,1,62,2
876,"Ferran Torres",Forward,1,0,17,2
877,"Cenk Tosun",Forward,4,0,26,4
878,Toti,Defender,1,0,2,1
879,"Andros Townsend",Midfielder,4,0,57,4
881,"Bertrand Traoré",Forward,1,0,31,2
882,Trézéguet,Midfielder,2,1,74,3
883,Trincão,Forward,0,0,13,1
884,"Kieran Trippier",Defender,2,0,23,2
885,"William Troost-Ekong",Defender,3,0,13,1
886,"Leandro Trossard",Forward,4,0,65,3
889,"Tom Trybull",Midfielder,2,0,26,1
890,"Konstantinos Tsimikas",Defender,3,0,21,2
892,"Axel Tuanzebe",Defender,3,0,12,3
893,"Ozan Tufan",Midfielder,0,0,9,1
896,"Christos Tzolis",Forward,0,0,2,1
899,"Cengiz Ünder",Forward,0,0,1,1
902,"Yan Valery",Defender,4,1,38,4
903,"Patrick van Aanholt",Defender,5,0,32,3
904,"Donny van de Beek",Midfielder,2,0,14,2
906,"Virgil van Dijk",Defender,6,0,41,4
909,"Raphaël Varane",Defender,0,0,5,1
910,"Jamie Vardy",Forward,8,1,78,4
911,"Indiana Vassilev",Midfielder,0,0,0,1
912,"Joël Veltman",Defender,9,0,73,2
913,"Jannik Vestergaard",Defender,10,1,49,4
914,Vitinha,Midfielder,0,0,8,1
915,"Nikola Vlasic",Midfielder,0,0,8,1
916,"Jake Vokins",Defender,0,0,2,2
917,"Mario Vrancic",Midfielder,3,0,13,1
918,"Matej Vydra",Midfielder,2,0,23,4
919,"Theo Walcott",Forward,2,0,33,4
921,"Kyle Walker-Peters",Defender,11,0,71,4
924,"Aaron Wan-Bissaka",Defender,17,1,90,4
926,"Joel Ward",Defender,18,0,86,4
927,"James Ward-Prowse",Midfielder,21,1,146,4
928,"Ollie Watkins",Forward,9,1,80,2
929,"Caleb Watts",Midfielder,1,0,0,1
930,"Adam Webster",Defender,13,0,53,3
931,"Wout Weghorst",Forward,3,0,30,1
933,"Danny Welbeck",Forward,0,0,48,4
936,"Timo Werner",Forward,3,0,39,2
937,Wesley,Forward,3,0,44,3
938,"Ashley Westwood",Midfielder,28,0,127,4
940,"Ben White",Defender,6,1,49,2
942,"Connor Wickham",Forward,0,0,7,2
943,"Georginio Wijnaldum",Midfielder,4,0,48,3
945,Willian,Forward,6,0,34,3
946,"Willian José",Forward,0,0,8,1
947,"Joe Willock",Midfielder,3,0,59,4
948,"Ben Wilmot",Defender,0,0,0,1
949,"Harry Wilson",Midfielder,2,0,12,1
951,"Harry Winks",Midfielder,20,0,62,4
952,"Yoane Wissa",Midfielder,0,0,8,1
954,"Chris Wood",Forward,4,0,131,4
957,"Xande Silva",Forward,0,0,0,1
958,"Granit Xhaka",Midfielder,37,2,169,4
961,"Andrii Yarmolenko",Forward,8,0,33,4
963,"Nathan Young-Coombes",Forward,0,0,1,1
964,"Wilfried Zaha",Forward,23,2,161,4
966,Zanka,Defender,8,0,43,2
967,"Davide Zappacosta",Defender,0,0,2,1
968,"Andi Zeqiri",Forward,0,0,2,1
971,"Christoph Zimmermann",Defender,3,0,10,2
972,"Oleksandr Zinchenko",Midfielder,1,1,48,4
974,"Hakim Ziyech",Midfielder,6,0,43,2
975,"Kurt Zouma",Defender,13,1,78,4
977,"Martin Ødegaard",Midfielder,4,0,28,2
979,"Tosin Adarabioyo",Defender,1,0,16,1
981,"Adrien Silva",Midfielder,0,0,0,1
983,"Ahmed Hegazy",Defender,0,0,0,1
984,"Semi Ajayi",Defender,3,1,28,1
985,"Albian Ajeti",Forward,0,0,6,1
989,"Elliot Anderson",Midfielder,0,0,0,1
990,"Harry Arter",Midfielder,10,0,25,1
992,"Leighton Baines",Defender,0,0,3,2
993,"George Baldock",Defender,14,0,93,2
997,"Kyle Bartley",Defender,4,0,30,1
998,"Chris Basham",Defender,9,0,51,2
1000,"Ryan Bennett",Defender,14,0,44,2
1001,"Nabil Bentaleb",Midfielder,2,0,19,1
1002,"Sander Berge",Midfielder,4,0,32,2
1004,"Jayden Bogle",Defender,2,0,15,1
1008,"Sofiane Boufal",Midfielder,2,0,25,1
1010,"Claudio Bravo",Goalkeeper,0,0,0,1
1011,"Rhian Brewster",Forward,1,0,18,1
1014,"Joe Bryan",Defender,7,0,35,2
1016,"Oliver Burke",Forward,2,0,23,1
1018,"David Button",Goalkeeper,0,0,0,2
1019,"Oskar Buur",Defender,0,0,0,1
1020,"Tom Cairney",Midfielder,2,0,13,2
1023,"Cyrus Christie",Defender,7,0,29,1
1024,"Leon Clarke",Forward,0,0,0,1
1028,"Kevin Danso",Defender,0,1,4,1
1029,"Bobby De Cordova-Reid",Forward,7,0,43,2
1031,"Fousseni Diabaté",Midfielder,0,0,0,1
1033,"Mbaye Diagne",Forward,2,0,17,1
1035,"Grady Diangana",Midfielder,0,0,15,2
1041,"Kyle Edwards",Midfielder,0,0,1,1
1042,"John Egan",Defender,10,2,63,2
1045,"Fábio Carvalho",Midfielder,0,0,4,1
1046,Fabri,Goalkeeper,0,0,0,1
1048,"Nathan Ferguson",Defender,0,0,0,1
1049,"Federico Fernández",Defender,14,0,45,4
1050,"Sam Field",Midfielder,0,0,2,1
1051,"John Fleck",Midfielder,12,0,58,2
1053,"Timothy Fosu-Mensah",Defender,5,0,13,3
1054,"Juan Foyth",Defender,4,1,18,2
1055,"Tyrese Francois",Midfielder,0,0,0,1
1056,"Luke Freeman",Midfielder,2,0,6,1
1057,"Darnell Furlong",Defender,5,0,34,1
1060,"Paulo Gazzaniga",Goalkeeper,1,0,1,2
1061,"Gedson Fernandes",Midfielder,0,0,0,1
1062,"Kieran Gibbs",Defender,1,1,6,1
1068,"Kamil Grosicki",Midfielder,0,0,1,1
1070,"Antwoine Hackford",Forward,0,0,0,1
1071,"Sébastien Haller",Forward,1,0,70,2
1074,"Rekeem Harper",Midfielder,0,0,1,1
1077,"Michael Hector",Defender,2,0,5,1
1078,"George Hirst",Forward,0,0,0,1
1081,"Odion Ighalo",Forward,0,0,1,2
1083,"Ivan Cavaleiro",Forward,3,0,43,2
1084,"Branislav Ivanovic",Defender,2,0,11,1
1085,"Phil Jagielka",Defender,1,2,11,3
1087,"Daniel Jebbison",Forward,0,0,6,1
1089,"Roberto Jiménez",Goalkeeper,0,0,0,1
1090,"Stefan Johansen",Midfielder,4,0,6,1
1092,"Sam Johnstone",Goalkeeper,1,0,1,1
1093,Jota,Midfielder,0,0,6,1
1094,"Aboubakar Kamara",Forward,3,1,33,2
1095,"Beram Kayal",Midfielder,4,0,18,1
1096,"Neeskens Kebano",Midfielder,0,0,3,2
1098,"Anthony Knockaert",Midfielder,4,1,22,1
1099,"Terence Kongolo",Defender,4,0,21,2
1100,"Filip Krovinovic",Midfielder,0,0,5,1
1103,"Valentino Lazaro",Defender,0,1,3,1
1104,"Maxime Le Marchand",Defender,7,0,31,2
1107,"Jake Livermore",Midfielder,2,1,30,1
1110,"Dejan Lovren",Defender,2,0,7,2
1111,"Max Lowe",Defender,1,0,10,1
1113,"John Lundstram",Midfielder,13,1,51,2
1118,"Josh Maja",Forward,0,0,8,1
1120,"David Martin",Goalkeeper,1,0,0,1
1121,"Matheus Pereira",Midfielder,2,1,34,1
1122,"Alfie Mawson",Defender,2,0,6,1
1123,"Oliver McBurnie",Forward,6,0,52,2
1125,"Kevin McDonald",Midfielder,4,1,12,1
1127,"David McGoldrick",Forward,9,0,75,2
1131,"Max Meyer",Midfielder,4,0,16,2
1134,"Aleksandar Mitrovic",Forward,10,0,83,2
1135,"Henrikh Mkhitaryan",Midfielder,2,0,29,2
1136,"Martín Montoya",Defender,9,0,56,2
1137,"Simon Moore",Goalkeeper,0,0,0,1
1138,"Aaron Mooy",Midfielder,5,1,39,2
1139,"Lys Mousset",Forward,2,0,38,3
1141,"Shkodran Mustafi",Defender,11,0,57,3
1142,"Iliman Ndiaye",Midfielder,0,0,0,1
1145,"Oliver Norwood",Midfielder,14,0,58,2
1146,"Jack O'Connell",Defender,4,0,22,2
1149,"Dara O'Shea",Defender,3,0,13,1
1150,"Denis Odoi",Defender,5,0,44,2
1152,"Ola Aina",Defender,3,0,32,1
1154,"Josh Onomah",Midfielder,1,0,12,1
1156,"Ben Osborn",Midfielder,1,0,19,2
1158,"Nicolás Otamendi",Defender,4,0,29,2
1159,"Mesut Özil",Midfielder,3,0,24,2
1160,"Sokratis Papastathopoulos",Defender,18,0,56,2
1162,Pedro,Forward,3,0,25,2
1163,"Lee Peltier",Defender,5,0,19,2
1164,"Pepe Reina",Goalkeeper,1,0,1,1
1165,"Brandon Pierrick",Forward,0,0,0,1
1168,"Tim Ream",Defender,1,0,15,2
1169,"Harrison Reed",Midfielder,5,0,40,1
1171,"Antonee Robinson",Defender,4,1,20,1
1172,"Hal Robson-Kanu",Forward,2,0,15,1
1173,"Marek Rodák",Goalkeeper,0,0,0,1
1174,"Jack Rodwell",Midfielder,0,0,0,1
1175,"Marcos Rojo",Defender,3,0,5,2
1178,"Leroy Sané",Forward,1,0,9,2
1179,"Romaine Sawyers",Midfielder,2,0,18,1
1180,"Ezequiel Schelotto",Defender,2,0,7,1
1181,"Jean Michaël Seri",Midfielder,6,0,32,1
1182,"Femi Seriki",Defender,0,0,0,1
1184,"Billy Sharp",Forward,2,1,34,2
1187,"Djibril Sidibé",Defender,3,0,24,1
1188,"David Silva",Midfielder,3,0,46,2
1190,"Islam Slimani",Forward,0,0,0,1
1191,"Chris Smalling",Defender,1,0,22,1
1193,"Robert Snodgrass",Midfielder,16,0,64,3
1198,"Raheem Sterling",Forward,13,0,125,4
1203,"Kenny Tete",Defender,3,0,28,1
1204,"Max Thompson",Forward,0,0,0,1
1208,"Jan Vertonghen",Defender,5,1,17,2
1209,"Michel Vorm",Goalkeeper,0,0,0,1
1210,"Neco Williams",Defender,2,0,8,3
1211,"Jack Wilshere",Midfielder,2,0,8,2
1213,"DeAndre Yedlin",Defender,9,1,53,3
1214,"Okay Yokuslu",Midfielder,4,0,25,1
1215,"Maya Yoshida",Defender,1,0,7,2
1216,"André-Frank Zambo Anguissa",Midfielder,7,1,67,2
1217,"Richairo Zivkovic",Forward,0,0,1,1
1218,"Kenneth Zohore",Forward,1,0,13,1
1225,"Ibrahim Amadou",Midfielder,1,0,8,1
1226,"Luke Amos",Midfielder,0,0,0,1
1227,"Marko Arnautovic",Forward,3,0,30,1
1231,"Charlie Austin",Forward,1,0,14,2
1234,"Antonio Barreca",Defender,0,0,0,1
1240,"Philip Billing",Midfielder,15,0,75,2
1243,"Gaëtan Bong",Defender,0,0,11,2
1244,"Borja Bastón",Forward,0,0,0,1
1245,"Artur Boruc",Goalkeeper,2,0,0,1
1247,"Miguel Britos",Defender,0,0,3,1
1248,"David Brooks",Midfielder,4,0,19,2
1250,Bruno,Defender,2,0,4,1
1251,"Kean Bryan",Defender,1,0,13,1
1257,"Víctor Camarasa",Midfielder,6,0,23,2
1259,"Etienne Capoue",Midfielder,22,1,104,2
1262,"Petr Cech",Goalkeeper,0,0,0,1
1264,Chicharito,Forward,2,0,9,2
1272,"Steve Cook",Defender,9,1,34,2
1275,"Aaron Cresswell",Defender,14,0,45,4
1277,"Peter Crouch",Forward,1,0,3,1
1280,"Charlie Daniels",Defender,4,0,7,2
1281,Danilo,Defender,1,0,10,1
1282,"Arnaut Danjuma",Forward,0,0,0,1
1283,"Matteo Darmian",Defender,0,0,3,1
1286,"Jermain Defoe",Forward,0,0,0,1
1287,"Steven Defour",Midfielder,0,0,1,1
1288,"Mousa Dembélé",Midfielder,1,0,12,1
1290,"Leander Dendoncker",Midfielder,14,0,86,4
1292,"Gerard Deulofeu",Forward,6,0,41,2
1293,"Mohamed Diamé",Midfielder,3,0,36,1
1297,"Luke Dreher",Midfielder,0,0,0,1
1298,"Ondrej Duda",Midfielder,0,0,9,1
1305,"Cesc Fàbregas",Midfielder,1,0,1,1
1306,"Ralf Fährmann",Goalkeeper,0,0,0,1
1307,"Marouane Fellaini",Midfielder,1,0,15,1
1311,"Dimitri Foulquier",Defender,0,0,0,1
1312,"Simon Francis",Defender,4,1,18,2
1314,"Kieron Freeman",Defender,0,0,1,1
1315,"Manolo Gabbiadini",Forward,0,0,9,1
1322,"Mason Greenwood",Forward,3,0,44,4
1324,"Idrissa Gueye",Midfielder,6,0,54,1
1331,"Ander Herrera",Midfielder,4,0,21,1
1335,"Gonzalo Higuaín",Forward,0,0,6,1
1338,"José Holebas",Defender,17,1,52,2
1345,"Jordon Ibe",Midfielder,1,0,8,2
1346,"Vicente Iborra",Midfielder,0,0,6,1
1350,"Daryl Janmaat",Defender,4,0,21,2
1351,"Vincent Janssen",Forward,0,0,2,1
1353,"Carl Jenkinson",Defender,0,0,1,1
1359,Joselu,Forward,1,0,5,1
1366,"Lloyd Kelly",Defender,2,0,7,1
1369,"Ki Sung-Yeung",Midfielder,2,0,12,2
1373,"Jonathan Kodjia",Forward,1,0,1,1
1374,"Vincent Kompany",Defender,6,0,17,1
1375,"Laurent Koscielny",Defender,1,0,9,1
1380,"Moritz Leitner",Midfielder,1,0,8,1
1381,"Léo Bonatini",Forward,0,0,0,1
1382,"Jefferson Lerma",Midfielder,23,1,85,2
1383,"Stephan Lichtsteiner",Defender,3,0,11,1
1385,"Fernando Llorente",Forward,2,0,12,1
1389,"Gary Madine",Forward,0,0,2,1
1393,"Adrian Mariappa",Defender,7,1,39,2
1394,"Lazar Markovic",Midfielder,0,0,1,1
1404,"Nampalys Mendy",Midfielder,13,0,64,4
1405,"Chris Mepham",Defender,2,0,18,2
1409,"Álvaro Morata",Forward,3,0,19,1
1410,"Alberto Moreno",Defender,0,0,1,1
1411,"Ravel Morrison",Midfielder,0,0,1,1
1413,"Nacho Monreal",Defender,5,0,18,2
1414,"Samir Nasri",Midfielder,0,0,3,1
1417,"Oumar Niasse",Forward,0,0,13,2
1418,"Georges-Kévin Nkoudou",Midfielder,0,0,0,2
1427,"Pedro Obiang",Midfielder,0,0,13,1
1429,"Stefano Okaka",Forward,1,0,1,1
1430,"Shinji Okazaki",Forward,0,0,6,1
1441,"Roberto Pereyra",Midfielder,7,0,48,2
1442,"Nathaniel Phillips",Defender,2,0,20,1
1446,"Sebastian Prödl",Defender,0,0,2,2
1448,"Jason David Ian Puncheon",Midfielder,1,0,12,1
1450,"Rafael Camacho",Midfielder,0,0,0,1
1453,"Aaron Ramsey",Midfielder,0,0,21,1
1456,"Diego Rico",Defender,7,0,28,2
1457,"Callum Robinson",Forward,1,0,14,2
1461,"Bakary Sako",Midfielder,0,0,1,1
1462,"Ismaïla Sarr",Forward,3,0,39,2
1464,"Morgan Schneiderlin",Midfielder,6,1,39,2
1467,"Jack Simpson",Defender,0,0,4,2
1468,"Josh Sims",Midfielder,0,0,1,1
1470,"Callum Slattery",Midfielder,0,0,4,1
1471,"Dominic Solanke",Forward,1,0,17,2
1472,"Pape Souaré",Defender,0,0,0,1
1474,"Julian Speroni",Goalkeeper,0,0,0,1
1475,"Dennis Srbeny",Forward,0,0,1,1
1476,"Jack Stacey",Defender,2,0,10,1
1477,"Junior Stanislas",Midfielder,2,0,11,2
1481,"Enda Stevens",Defender,13,0,72,2
1482,"Daniel Sturridge",Forward,1,0,5,1
1483,"Denis Suárez",Midfielder,0,0,0,1
1484,"Andrew Surman",Midfielder,3,0,8,2
1485,"Sam Surridge",Forward,0,0,2,2
1487,"Alexander Sørloth",Forward,0,0,4,1
1489,"Alexander Tettey",Midfielder,5,0,21,1
1492,"Adama Traoré",Forward,6,0,111,4
1493,"Mark Travers",Goalkeeper,0,0,0,2
1497,"Antonio Valencia",Defender,2,0,7,1
1498,"Jesús Vallejo",Defender,1,0,2,1
1499,"Sam Vokes",Forward,0,0,14,1
1500,"Kyle Walker",Defender,10,0,74,4
1502,"Victor Wanyama",Midfielder,3,0,11,2
1503,"Stephen Ward",Defender,1,0,2,1
1506,"Kelland Watts",Defender,0,0,0,1
1510,"Jetro Willems",Defender,0,0,10,1
1512,"Callum Wilson",Forward,19,0,163,4
1514,"Ashley Young",Defender,15,1,67,3
1515,"Pablo Zabaleta",Defender,6,0,24,2
1522,"Floyd Ayité",Midfielder,0,0,6,1
1523,"Ryan Babel",Forward,3,0,14,1
1524,"Leandro Bacuna",Midfielder,2,0,13,1
1526,"Leon Balogun",Defender,2,0,5,1
1527,"Sol Bamba",Defender,7,0,35,1
1529,"Joe Bennett",Defender,5,0,20,1
1546,"Chris Löwe",Defender,2,0,14,1
1547,"Ibrahima Cissé",Midfielder,0,0,1,1
1552,"Loïc Damour",Midfielder,0,0,1,1
1553,"Steven Davis",Midfielder,0,0,2,1
1556,"Laurent Depoitre",Forward,1,0,19,1
1558,"Adama Diakhaby",Forward,1,0,7,1
1563,"Demeaco Duhaney",Defender,0,0,0,1
1565,"Erik Durm",Defender,0,0,13,1
1567,"Bruno Ecuele Manga",Defender,0,0,15,1
1571,"Neil Etheridge",Goalkeeper,2,0,0,1
1578,"Sam Gallagher",Forward,0,0,4,1
1583,"Anthony Gordon",Forward,4,0,35,3
1584,"Jon Gorenc Stankovic",Defender,2,0,9,1
1588,"Karlan Grant",Forward,1,0,17,2
1590,"Greg Cunningham",Defender,3,0,8,1
1591,"Aron Gunnarsson",Midfielder,5,0,26,1
1592,"Florent Hadergjonaj",Defender,1,0,11,1
1595,"Ben Hamer",Goalkeeper,0,0,0,1
1596,"Kadeem Harris",Midfielder,1,0,4,1
1597,"Isaac Hayden",Midfielder,20,2,109,4
1598,"Eden Hazard",Forward,2,0,12,1
1599,"Rhys Healey",Forward,0,0,1,1
1601,"Jordan Henderson",Midfielder,6,1,88,4
1605,"Jonathan Hogg",Midfielder,8,1,58,1
1606,"Junior Hoilett",Midfielder,4,0,35,1
1614,"Emerson Hyndman",Midfielder,0,0,0,1
1619,"Matty James",Midfielder,0,0,0,1
1625,"Juninho Bacuna",Midfielder,4,0,33,1
1626,"Elias Kachunga",Forward,2,0,24,1
1647,"Isaac Mbenza",Forward,1,0,8,1
1650,"Nathaniel Mendez-Laing",Midfielder,0,0,7,1
1655,"Sean Morrison",Defender,6,0,32,1
1656,"Steve Mounié",Forward,1,1,32,1
1658,"Josh Murphy",Midfielder,2,0,14,1
1664,"Håvard Nordtveit",Defender,0,0,5,1
1674,"Callum Paterson",Forward,4,0,41,1
1677,"Lucas Pérez",Forward,0,0,5,1
1680,"Alex Pritchard",Midfielder,2,0,13,1
1681,"Collin Quaner",Forward,0,0,2,1
1683,"Joe Ralls",Midfielder,4,1,29,1
1684,"Ramadan Sobhi",Midfielder,0,0,0,1
1686,"Jazz Richards",Defender,0,0,0,1
1687,"Patrick Roberts",Midfielder,0,0,1,1
1690,"Aaron Rowe",Midfielder,0,0,2,1
1692,"Abdelhamid Sabiri",Midfielder,0,0,0,1
1697,"Christopher Schindler",Defender,4,1,26,1
1699,"André Schürrle",Midfielder,2,0,17,1
1705,"Adam Smith",Defender,12,1,43,2
1720,"Rajiv van La Parra",Midfielder,0,0,4,1
1721,"Luciano Vietto",Forward,1,0,13,1
