Player ID,Full Name,Position,Nationality,Birthday,Height(cm),Weight(kg)
1,Max Aarons,Defender,England,2000-01-04,178,\N
2,Tammy Abraham,Forward,England,1997-10-02,190,\N
3,Adam Armstrong,Forward,England,1997-02-10,174,69
4,Che Adams,Forward,Scotland,1996-07-13,175,70
5,Tayo Adaramola,Defender,Ireland,2003-11-14,\N,\N
6,Adrián,Goalkeeper,Spain,1987-01-03,190,80
7,Sergio Agüero,Forward,Argentina,1988-06-02,173,\N
8,Derek Agyakwa,Defender,Netherlands,2001-12-19,\N,\N
9,Ahmed El Mohamady,Defender,Egypt,1987-09-09,183,\N
10,Rayan Aït-Nouri,Defender,France,2001-06-06,179,70
11,Kristoffer Ajer,Defender,Norway,1998-04-17,198,92
12,Nathan Aké,Defender,Netherlands,1995-02-18,180,75
13,Marc Albrighton,Midfielder,England,1989-11-18,175,74
14,Toby Alderweireld,Defender,Belgium,1989-03-02,186,\N
15,Ryan Alebiosu,Defender,England,2001-12-17,\N,\N
16,Ajibola Alese,Defender,England,2001-01-17,\N,\N
17,Alex Telles,Defender,Brazil,1992-12-15,181,\N
18,Trent Alexander-Arnold,Defender,England,1998-10-07,175,69
19,Ezgjan Alioski,Defender,North Macedonia,1992-02-12,173,\N
20,Alisson,Goalkeeper,Brazil,1992-10-02,191,91
21,Allan,Midfielder,Brazil,1991-01-08,173,\N
22,Dele Alli,Midfielder,England,1996-04-11,188,\N
23,Miguel Almirón,Midfielder,Paraguay,1994-02-10,174,70
24,Marcos Alonso,Defender,Spain,1990-12-28,188,\N
25,Jaime Alvarado,Midfielder,Colombia,1999-07-26,179,\N
26,Julián Álvarez,Forward,Argentina,2000-01-31,170,71
27,Álvaro Fernández,Goalkeeper,Spain,1998-04-13,185,\N
28,William Alves,Forward,England,2005-05-04,\N,\N
29,Steven Alzate,Midfielder,Colombia,1998-09-08,180,\N
30,Daniel Amartey,Defender,Ghana,1994-12-21,186,79
31,Ethan Ampadu,Defender,Wales,2000-09-14,183,\N
32,Joachim Andersen,Defender,Denmark,1996-05-31,192,90
33,Joseph Anderson,Defender,England,2001-02-06,\N,\N
34,Florin Andone,Forward,Romania,1993-04-11,180,\N
35,André Gomes,Midfielder,Portugal,1993-07-30,188,\N
36,Andreas Pereira,Midfielder,Brazil,1996-01-01,178,71
37,Vincent Angelini,Goalkeeper,Scotland,2003-09-12,186,\N
38,Angeliño,Defender,Spain,1997-01-04,175,\N
39,Faustino Anjorin,Midfielder,England,2001-11-23,185,\N
40,Michail Antonio,Forward,Jamaica,1990-03-28,180,82
41,Keenan Appiah-Forson,Midfielder,England,2001-10-16,\N,\N
42,Billy Arce,Midfielder,Ecuador,1998-07-12,178,\N
43,Cameron Archer,Forward,England,2001-12-09,171,72
44,Alphonse Areola,Goalkeeper,France,1993-02-27,195,94
45,Stuart Armstrong,Midfielder,Scotland,1992-03-30,183,75
46,Kepa Arrizabalaga,Goalkeeper,Spain,1994-10-03,189,84
47,Harrison Ashby,Defender,Scotland,2001-11-14,\N,\N
48,Yáser Asprilla,Midfielder,Colombia,2003-11-19,185,\N
49,Ryan Astley,Defender,Wales,2001-10-04,\N,\N
50,Christian Atsu,Midfielder,Ghana,1992-01-10,165,\N
51,Pierre-Emerick Aubameyang,Forward,Gabon,1989-06-18,187,80
52,Sèrge Aurier,Defender,Cote D’Ivoire,1992-12-24,176,76
53,Brandon Austin,Goalkeeper,England,1999-01-08,188,82
54,Zach Awe,Defender,England,2004-01-09,\N,\N
55,Taiwo Awoniyi,Forward,Nigeria,1997-08-12,183,84
56,Jordan Ayew,Forward,Ghana,1991-09-11,182,80
57,Luke Ayling,Defender,England,1991-08-25,185,72
58,Miguel Azeez,Midfielder,England,2002-09-20,\N,\N
59,César Azpilicueta,Defender,Spain,1989-08-28,178,76
60,Kwadwo Baah,Midfielder,Germany,2003-01-27,\N,\N
61,Abdul Rahman Baba,Defender,Ghana,1994-07-02,180,\N
62,Daniel Bachmann,Goalkeeper,Austria,1994-07-09,191,\N
63,Leon Bailey,Forward,Jamaica,1997-08-09,178,77
64,Eric Bailly,Defender,Cote D’Ivoire,1994-04-12,187,\N
65,Tiemoué Bakayoko,Midfielder,France,1994-08-17,185,\N
66,Lewis Baker,Midfielder,England,1995-04-25,182,\N
67,James Balagizi,Midfielder,England,2003-09-20,\N,\N
68,Fabián Balbuena,Defender,Paraguay,1991-08-23,188,\N
69,Ellery Balcombe,Goalkeeper,England,1999-10-15,190,\N
70,Gareth Bale,Forward,Wales,1989-07-16,185,\N
71,Folarin Balogun,Forward,England,2001-07-03,178,\N
72,Tudor Baluta,Defender,Romania,1999-03-27,192,\N
73,Patrick Bamford,Forward,England,1993-09-05,185,71
74,Beni Baningime,Midfielder,DR Congo,1998-09-09,178,\N
75,Scott Banks,Midfielder,Scotland,2001-09-26,\N,\N
76,Shandon Baptiste,Midfielder,Grenada,1998-04-08,175,67
77,Daniel Barden,Goalkeeper,Wales,2001-01-02,195,\N
78,Phil Bardsley,Defender,Scotland,1985-06-28,180,\N
79,Ross Barkley,Midfielder,England,1993-12-05,189,\N
80,Ashley Barnes,Forward,England,1989-10-30,186,\N
81,Mason Barrett,Defender,England,1999-09-24,\N,\N
82,Louie Barry,Forward,England,2003-06-21,\N,\N
83,Lewis Bate,Midfielder,England,2002-10-28,\N,\N
84,Michy Batshuayi,Forward,Belgium,1993-10-02,184,\N
85,Nathan Baxter,Goalkeeper,England,1998-11-08,191,\N
86,Mads Bech Sørensen,Defender,Denmark,1999-01-07,189,\N
87,Owen Beck,Defender,Wales,2002-08-09,\N,\N
88,Jan Bednarek,Defender,Poland,1996-04-12,189,77
89,Asmir Begovic,Goalkeeper,Bosnia & Herzegovina,1987-06-20,199,101
90,Héctor Bellerín,Defender,Spain,1995-03-19,178,\N
91,Ben Gibson,Defender,England,1993-01-15,185,\N
92,Ben Woodburn,Midfielder,Wales,1999-10-15,174,\N
93,Filip Benkovic,Defender,Croatia,1997-07-13,194,\N
94,J'Neil Bennett,Forward,England,2001-12-07,\N,\N
95,Saïd Benrahma,Forward,Algeria,1995-08-10,172,67
96,Josh Benson,Midfielder,England,1999-12-05,178,\N
97,Rodrigo Bentancur,Midfielder,Uruguay,1997-06-25,187,72
98,Christian Benteke,Forward,Belgium,1990-12-03,190,\N
99,Gaetano Berardi,Defender,Switzerland,1988-08-21,179,\N
100,Lucas Bergström,Goalkeeper,Finland,2002-09-05,199,\N
101,Steven Bergwijn,Forward,Netherlands,1997-10-08,178,\N
102,Adrián Bernabé,Midfielder,Spain,2001-05-26,170,\N
103,Bernard,Forward,Brazil,1992-09-08,164,\N
104,Bernardo,Defender,Brazil,1995-05-14,186,\N
105,Bernardo Silva,Midfielder,Portugal,1994-08-10,173,64
106,Ryan Bertrand,Defender,England,1989-08-05,179,85
107,Muhamed Besic,Midfielder,Bosnia & Herzegovina,1992-09-10,180,\N
108,Marcus Bettinelli,Goalkeeper,England,1992-05-24,194,82
109,Mads Bidstrup,Midfielder,Denmark,2001-02-25,175,\N
110,Mika Biereth,Forward,Denmark,2003-02-08,\N,\N
111,Nathan Bishop,Goalkeeper,England,1999-10-15,185,\N
112,Yves Bissouma,Midfielder,Mali,1996-08-30,182,80
113,Harvey Blair,Forward,England,2003-09-14,\N,\N
114,Adrian Blake,Midfielder,England,2005-07-15,\N,\N
115,Oscar Bobb,Midfielder,Norway,2003-07-12,\N,\N
116,Lamare Bogarde,Midfielder,Netherlands,2004-01-05,\N,\N
117,Mateusz Bogusz,Midfielder,Poland,2001-08-22,175,\N
118,Bendegúz Bolla,Defender,Hungary,1999-11-22,179,\N
119,Luke Bolton,Midfielder,England,1999-10-07,174,\N
120,Willy Boly,Defender,Cote D’Ivoire,1991-02-03,195,92
121,Jamie Bowden,Midfielder,Ireland,2001-07-09,\N,\N
122,Jarrod Bowen,Forward,England,1996-12-20,175,70
123,Conor Bradley,Defender,Northern Ireland,2003-07-09,180,\N
124,Jarrad Branthwaite,Defender,England,2002-06-27,195,\N
125,Sammy Braybrooke,Midfielder,England,2004-03-12,\N,\N
126,Mungo Bridge,Forward,England,2000-09-12,\N,\N
127,Nathan Broadhead,Forward,Wales,1998-04-05,178,\N
128,Armando Broja,Forward,Albania,2001-09-10,191,\N
129,Josh Brownhill,Midfielder,England,1995-12-19,180,\N
130,Bruno Fernandes,Midfielder,Portugal,1994-09-08,179,69
131,Bruno Guimarães,Midfielder,Brazil,1997-11-16,182,74
132,Bruno Jordão,Midfielder,Portugal,1998-10-12,180,\N
133,Lewis Brunt,Midfielder,England,2000-11-06,\N,\N
134,Emiliano Buendía,Midfielder,Argentina,1996-12-25,172,72
135,Hugo Bueno,Defender,Spain,2002-09-18,180,73
136,Dan Burn,Defender,England,1992-05-09,198,87
137,Finley Burns,Defender,England,2003-06-17,\N,\N
138,Jack Butland,Goalkeeper,England,1993-03-10,196,95
139,Willy Caballero,Goalkeeper,Argentina,1981-09-28,186,81
140,Gary Cahill,Defender,England,1985-12-19,193,\N
141,Moisés Caicedo,Midfielder,Ecuador,2001-11-02,178,73
142,Jake Cain,Midfielder,England,2001-09-02,\N,\N
143,Callum Rowe,Defender,England,1999-09-02,\N,\N
144,Dominic Calvert-Lewin,Forward,England,1997-03-16,187,71
145,Leonardo Campana,Forward,Ecuador,2000-07-24,187,\N
146,Chem Campbell,Midfielder,Wales,2002-12-30,\N,\N
147,Sergi Canós,Forward,Spain,1997-02-02,177,75
148,Todd Cantwell,Midfielder,England,1998-02-27,177,\N
149,Elia Caprile,Goalkeeper,Italy,2001-08-25,191,\N
150,Carlos Vinícius,Forward,Brazil,1995-03-25,190,86
151,Andy Carroll,Forward,England,1989-01-06,193,\N
152,Scott Carson,Goalkeeper,England,1985-09-03,188,85
153,Cameron Carter-Vickers,Defender,United States,1997-12-31,183,\N
154,Oliver Casey,Defender,England,2000-10-14,188,\N
155,Matty Cash,Defender,Poland,1997-08-07,185,\N
156,Timothy Castagne,Defender,Belgium,1995-12-05,185,80
157,Craig Cathcart,Defender,Northern Ireland,1989-02-06,188,\N
158,Edinson Cavani,Forward,Uruguay,1987-02-14,184,\N
159,Dani Ceballos,Midfielder,Spain,1996-08-07,179,\N
160,Cédric Soares,Defender,Portugal,1991-08-31,172,67
161,Kallum Cesay,Defender,Sierra Leone,2002-09-04,\N,\N
162,Trevoh Chalobah,Defender,England,1999-07-05,190,75
163,Calum Chambers,Defender,England,1995-01-20,182,66
164,Shea Charles,Defender,Northern Ireland,2003-11-05,\N,\N
165,Kgaogelo Chauke,Midfielder,England,2003-01-08,\N,\N
166,Daniel Chesters,Midfielder,England,2002-04-04,\N,\N
167,Ben Chilwell,Defender,England,1996-12-21,178,77
168,Chiquinho,Forward,Portugal,2000-02-05,179,73
169,Tahith Chong,Midfielder,Netherlands,1999-12-04,185,\N
170,Hamza Choudhury,Midfielder,England,1997-10-01,178,\N
171,Ben Chrisene,Midfielder,England,2004-01-12,\N,\N
172,Andreas Christensen,Defender,Denmark,1996-04-10,187,\N
173,Christian Marques,Defender,Portugal,2003-01-15,187,\N
174,Carney Chukwuemeka,Midfielder,England,2003-10-20,\N,\N
175,Dennis Cirkin,Defender,England,2002-04-06,181,\N
176,CJ Egan-Riley,Defender,England,2003-01-02,\N,\N
177,Ciaran Clark,Defender,Ireland,1989-09-26,185,\N
178,Harry Clarke,Defender,England,2001-03-02,180,\N
179,Jake Clarke-Salter,Defender,England,1997-09-22,188,\N
180,Leighton Clarkson,Midfielder,England,2001-10-19,175,\N
181,Tom Cleverley,Midfielder,England,1989-08-12,175,\N
182,Nathaniel Clyne,Defender,England,1991-04-05,175,67
183,Conor Coady,Defender,England,1993-02-25,185,73
184,Alex Cochrane,Defender,England,2000-04-21,173,\N
185,Séamus Coleman,Defender,Ireland,1988-10-11,177,67
186,Nathan Collins,Defender,Ireland,2001-04-30,193,\N
187,Aaron Connolly,Forward,Ireland,2000-01-28,\N,\N
188,Kamil Conteh,Midfielder,Sierra Leone,2002-12-26,177,\N
189,Liam Cooper,Defender,Scotland,1991-08-30,180,73
190,Theo Corbeanu,Forward,Canada,2002-05-17,190,\N
191,Jack Cork,Midfielder,England,1989-06-25,183,\N
192,Maxwel Cornet,Forward,Cote D’Ivoire,1996-09-27,179,69
193,Dara Costelloe,Forward,Ireland,2002-12-11,\N,\N
194,Ben Cottrell,Midfielder,England,2001-10-31,\N,\N
195,Vladimír Coufal,Defender,Czech Republic,1992-08-22,179,76
196,Conor Coventry,Midfielder,Ireland,2000-03-25,177,\N
197,Matthew Cox,Goalkeeper,England,2003-05-02,182,64
198,Michael Craig,Midfielder,Scotland,2003-04-16,\N,\N
199,Charlie Cresswell,Defender,England,2002-08-17,\N,\N
200,Kane Crichlow,Midfielder,Bermuda,2000-08-21,\N,\N
201,Cristiano Ronaldo,Forward,Portugal,1985-02-05,187,83
202,Cucho Hernández,Forward,Colombia,1999-04-20,176,\N
203,Marc Cucurella,Defender,Spain,1998-07-22,172,66
204,Tiago Çukur,Forward,Turkey,2002-11-30,196,\N
205,Jamie Cumming,Goalkeeper,England,1999-09-04,186,\N
206,Luke Cundle,Midfielder,England,2002-04-26,\N,\N
207,Patrick Cutrone,Forward,Italy,1998-01-03,183,\N
208,Renat Dadahov,Forward,Azerbaijan,1999-05-17,186,\N
209,Pontus Dahlberg,Goalkeeper,Sweden,1999-01-21,194,\N
210,Patson Daka,Forward,Zambia,1998-10-09,183,71
211,Sam Dalby,Forward,England,1999-12-07,\N,\N
212,Vontae Daley-Campbell,Defender,England,2001-04-02,\N,\N
213,Stuart Dallas,Defender,Northern Ireland,1991-04-19,183,81
214,Henrik Dalsgaard,Defender,Denmark,1989-07-27,192,\N
215,Daniel Podence,Midfielder,Portugal,1995-10-21,165,58
216,Luke Daniels,Goalkeeper,England,1988-01-05,185,\N
217,Scott Dann,Defender,England,1987-02-14,188,\N
218,Karl Darlow,Goalkeeper,England,1990-10-08,190,88
219,Josh Dasilva,Midfielder,England,1998-10-23,184,75
220,David Luiz,Defender,Brazil,1987-04-22,189,\N
221,Tom Davies,Midfielder,England,1998-06-30,180,70
222,Keinan Davis,Forward,England,1998-02-13,191,\N
223,Craig Dawson,Defender,England,1990-05-06,188,82
224,Laurens De Bock,Defender,Belgium,1992-11-07,179,\N
225,Lucas De Bolle,Midfielder,Scotland,2002-10-22,\N,\N
226,Kevin De Bruyne,Midfielder,Belgium,1991-06-28,181,68
227,David de Gea,Goalkeeper,Spain,1990-11-07,192,76
228,Troy Deeney,Forward,England,1988-06-29,183,\N
229,Liam Delap,Forward,England,2003-02-08,\N,\N
230,Fabian Delph,Midfielder,England,1989-11-21,174,\N
231,Lars Dendoncker,Defender,Belgium,2001-04-03,\N,\N
232,Emmanuel Dennis,Forward,Nigeria,1997-11-15,175,67
233,Halil Dervisoglu,Forward,Turkey,1999-12-08,183,\N
234,Alfie Devine,Midfielder,England,2004-08-01,179,\N
235,Kiernan Dewsbury-Hall,Midfielder,England,1998-09-06,\N,\N
236,Amad Diallo,Forward,Cote D’Ivoire,2002-07-11,173,\N
237,Luis Díaz,Forward,Colombia,1997-01-13,178,65
238,Tyler Dibling,Midfielder,England,2006-03-12,\N,\N
239,Thomas Dickson-Peters,Forward,Scotland,2002-09-16,\N,\N
240,Diego Rosa,Midfielder,Brazil,2002-10-12,180,\N
241,Eric Dier,Defender,England,1994-01-15,188,88
242,Lucas Digne,Defender,France,1993-07-20,178,74
243,Diogo Dalot,Defender,Portugal,1999-03-18,183,76
244,Diogo Jota,Forward,Portugal,1996-12-04,178,68
245,Issa Diop,Defender,France,1997-01-09,194,92
246,Elijah Dixon-Bonner,Midfielder,England,2001-01-01,\N,\N
247,Moussa Djenepo,Midfielder,Mali,1998-06-15,177,65
248,Lewis Dobbin,Forward,England,2003-01-03,\N,\N
249,Owen Dodgson,Defender,England,2003-03-19,\N,\N
250,Matt Doherty,Defender,Ireland,1992-01-16,185,80
251,Domingos Quina,Midfielder,Portugal,1999-11-18,179,\N
252,Abdoulaye Doucouré,Midfielder,Mali,1993-01-01,184,75
253,Douglas Luiz,Midfielder,Brazil,1998-05-09,175,66
254,Kieran Dowell,Midfielder,England,1997-10-10,175,\N
255,Tommy Doyle,Midfielder,England,2001-10-17,\N,\N
256,Cody Drameh,Defender,England,2001-12-08,\N,\N
257,Danny Drinkwater,Midfielder,England,1990-03-05,178,\N
258,Anthony Driscoll-Glennon,Defender,England,1999-11-26,181,\N
259,Josip Drmic,Forward,Switzerland,1992-08-08,183,\N
260,Martin Dúbravka,Goalkeeper,Slovakia,1989-01-15,190,83
261,Shane Duffy,Defender,Ireland,1992-01-01,193,76
262,Paul Dummett,Defender,Wales,1991-09-26,183,82
263,Lewis Dunk,Defender,England,1991-11-21,192,88
264,Jimmy Dunne,Defender,Ireland,1997-10-19,183,\N
265,Frankie Ealing,Defender,England,2004-07-14,\N,\N
266,Ederson,Goalkeeper,Brazil,1993-08-17,188,86
267,Odsonne Édouard,Forward,France,1998-01-16,187,83
268,Samuel Edozie,Forward,England,2003-01-28,\N,\N
269,Pierre Ekwah,Midfielder,France,2002-01-15,\N,\N
270,Anwar El Ghazi,Forward,Netherlands,1995-05-03,188,\N
271,Anthony Elanga,Forward,Sweden,2002-04-27,178,\N
272,Robert Elliot,Goalkeeper,Ireland,1986-04-30,190,\N
273,Harvey Elliott,Midfielder,England,2003-04-04,170,\N
274,Mohamed Elyounoussi,Midfielder,Norway,1994-08-04,178,70
275,Emerson,Defender,Italy,1994-08-03,176,63
276,Emerson Royal,Defender,Brazil,1999-01-14,181,79
277,Björn Engels,Defender,Belgium,1994-09-15,193,\N
278,Christian Eriksen,Midfielder,Denmark,1992-02-14,182,76
279,Peter Etebo,Midfielder,Nigeria,1995-11-09,172,\N
280,Jonny Evans,Defender,Northern Ireland,1988-01-03,188,77
281,Oliver Ewing,Midfielder,Wales,2003-01-03,\N,\N
282,Timothy Eyoma,Defender,England,2000-01-29,183,\N
283,Eberechi Eze,Midfielder,England,1998-06-29,\N,\N
284,Lukasz Fabianski,Goalkeeper,Poland,1985-04-18,190,83
285,Fabinho,Midfielder,Brazil,1993-10-23,188,78
286,Fábio Silva,Forward,Portugal,2002-07-19,185,\N
287,Malachi Fagan-Walcott,Defender,England,2002-03-11,\N,\N
288,Akin Famewo,Defender,England,1998-11-09,187,\N
289,Juan Familia-Castillo,Defender,Netherlands,2000-01-13,\N,\N
290,Josh Feeney,Defender,England,2005-05-06,193,\N
291,Felipe Anderson,Midfielder,Brazil,1993-04-15,175,\N
292,Felix Nmecha,Midfielder,Germany,2000-10-10,188,\N
293,Kiko Femenía,Defender,Spain,1991-02-02,176,\N
294,Evan Ferguson,Forward,Ireland,2004-10-19,\N,\N
295,Álvaro Fernández,Defender,Spain,2003-03-23,186,\N
296,Fernandinho,Midfielder,Brazil,1985-05-04,179,\N
297,Will Ferry,Midfielder,Ireland,2000-12-07,176,\N
298,Ryan Finnigan,Midfielder,England,2003-09-23,\N,\N
299,Junior Firpo,Defender,Spain,1996-08-22,184,78
300,William Fish,Defender,England,2003-02-17,185,\N
301,Ethan Fitzhugh,Midfielder,England,2002-11-27,\N,\N
302,Ashley Fletcher,Forward,England,1995-10-02,185,\N
303,Marcelo Flores,Midfielder,Mexico,2003-10-01,\N,\N
304,Shane Flynn,Midfielder,Ireland,2001-10-14,\N,\N
305,Phil Foden,Midfielder,England,2000-05-28,171,70
306,Wesley Fofana,Defender,France,2000-12-17,190,\N
307,Shaqai Forde,Midfielder,England,2004-05-05,\N,\N
308,Pablo Fornals,Midfielder,Spain,1996-02-22,178,67
309,Adam Forshaw,Midfielder,England,1991-10-08,174,71
310,Marcus Forss,Forward,Finland,1999-06-18,182,\N
311,Fraser Forster,Goalkeeper,England,1988-03-17,201,93
312,Ben Foster,Goalkeeper,England,1983-04-03,193,\N
313,Tariqe Fosu-Henry,Midfielder,Ghana,1995-11-05,180,\N
314,Ryan Fraser,Midfielder,Scotland,1994-02-24,163,70
315,Melkamu Frauendorf,Midfielder,Germany,2004-01-12,\N,\N
316,Fred,Midfielder,Brazil,1993-03-05,169,64
317,Freddie Woodman,Goalkeeper,England,1997-03-04,188,\N
318,Ryan Fredericks,Defender,England,1992-10-10,181,74
319,Christian Fuchs,Defender,Austria,1986-04-07,187,\N
320,James Furlong,Defender,Ireland,2002-06-07,\N,\N
321,Gabriel Jesus,Forward,Brazil,1997-04-03,175,73
322,Gabriel Magalhães,Defender,Brazil,1997-12-19,190,78
323,Gabriel Martinelli,Forward,Brazil,2001-06-18,178,75
324,Ethan Galbraith,Midfielder,Northern Ireland,2001-05-11,175,\N
325,Conor Gallagher,Midfielder,England,2000-02-06,182,\N
326,Eric García,Defender,Spain,2001-01-09,182,\N
327,Alejandro Garnacho,Midfielder,Argentina,2004-07-01,180,80
328,James Garner,Midfielder,England,2001-03-13,186,78
329,Dwight Gayle,Forward,England,1989-10-17,174,\N
330,Jean-Philippe Gbamin,Midfielder,Cote D’Ivoire,1995-09-25,186,\N
331,Joe Gelhardt,Forward,England,2002-05-04,175,65
332,Rachid Ghezzal,Midfielder,Algeria,1992-05-09,182,\N
333,Saman Ghoddos,Forward,Iran,1993-09-06,176,75
334,Dimitris Giannoulis,Defender,Greece,1995-10-17,175,\N
335,Liam Gibbs,Midfielder,England,2002-12-16,\N,\N
336,Morgan Gibbs-White,Midfielder,England,2000-01-27,171,\N
337,Lewis Gibson,Defender,England,2000-07-19,185,\N
338,Bryan Gil,Forward,Spain,2001-02-11,175,60
339,Alex Gilbert,Forward,Ireland,2001-12-28,\N,\N
340,Ryan Giles,Midfielder,England,2000-01-26,179,\N
341,Mark Gillespie,Goalkeeper,England,1992-03-27,192,83
342,Billy Gilmour,Midfielder,Scotland,2001-06-11,166,60
343,Olivier Giroud,Forward,France,1986-09-30,192,\N
344,Ben Godfrey,Defender,England,1998-01-15,183,74
345,Pierluigi Gollini,Goalkeeper,Italy,1995-03-18,194,\N
346,Claudio Gomes,Midfielder,France,2000-07-23,164,\N
347,Joe Gomez,Defender,England,1997-05-23,188,77
348,Charlie Goode,Defender,England,1995-08-03,196,89
349,Lewis Gordon,Defender,Scotland,2001-02-12,\N,\N
350,Dan Gosling,Midfielder,England,1990-02-01,183,\N
351,Kamil Grabara,Goalkeeper,Poland,1999-01-08,195,\N
352,Lee Grant,Goalkeeper,England,1983-01-27,193,\N
353,Demarai Gray,Forward,England,1996-06-28,180,74
354,Jack Grealish,Midfielder,England,1995-09-10,175,68
355,Sam Greenwood,Forward,England,2002-01-26,185,\N
356,Jack Grieves,Forward,England,2004-12-05,\N,\N
357,Pascal Groß,Midfielder,Germany,1991-06-15,181,78
358,Marko Grujic,Midfielder,Serbia,1996-04-13,191,\N
359,Vicente Guaita,Goalkeeper,Spain,1987-01-10,190,81
360,Jóhann Gudmundsson,Midfielder,Iceland,1990-10-27,186,\N
361,Marc Guéhi,Defender,England,2000-07-13,182,82
362,Mattéo Guendouzi,Midfielder,France,1999-04-14,185,\N
363,Frédéric Guilbert,Defender,France,1994-12-24,178,70
364,Ilkay Gündogan,Midfielder,Germany,1990-10-24,180,80
365,Angus Gunn,Goalkeeper,England,1996-01-22,196,\N
366,Patrik Gunnarsson,Goalkeeper,Iceland,2000-11-15,190,\N
367,Peter Gwargis,Midfielder,Sweden,2000-09-04,\N,\N
368,Viktor Gyökeres,Forward,Sweden,1998-06-04,187,\N
369,Micah Hamilton,Midfielder,England,2003-11-13,\N,\N
370,Grant Hanley,Defender,Scotland,1991-11-20,187,\N
371,Reece Hannam,Defender,England,2000-09-11,\N,\N
372,Bjorn Hardley,Defender,Netherlands,2002-12-19,\N,\N
373,Jack Harrison,Midfielder,England,1996-11-20,175,70
374,Joe Hart,Goalkeeper,England,1987-04-19,196,\N
375,Taylor Harwood-Bellis,Defender,England,2002-01-30,188,\N
376,Kortney Hause,Defender,England,1995-07-16,191,\N
377,Kai Havertz,Midfielder,Germany,1999-06-11,188,83
378,Kaine Hayden,Defender,England,2002-10-23,\N,\N
379,Maxwell Haygarth,Midfielder,England,2002-01-21,\N,\N
380,Tom Heaton,Goalkeeper,England,1986-04-15,188,85
381,Karl Hein,Goalkeeper,Estonia,2002-04-13,193,\N
382,Philip Heise,Defender,Germany,1991-06-20,184,\N
383,Hélder Costa,Forward,Angola,1994-01-12,178,\N
384,Mark Helm,Midfielder,England,2001-10-21,\N,\N
385,Stephen Henderson,Goalkeeper,Ireland,1988-05-02,193,\N
386,Jeff Hendrick,Midfielder,Ireland,1992-01-31,185,\N
387,Wayne Hennessey,Goalkeeper,Wales,1987-01-24,198,90
388,Rico Henry,Defender,England,1997-07-08,170,67
389,Jack Henry-Francis,Midfielder,Ireland,2003-09-23,\N,\N
390,Onel Hernández,Midfielder,Cuba,1993-02-01,172,\N
391,Thomas Hill,Forward,England,2002-10-13,\N,\N
392,James Hillson,Goalkeeper,England,2001-01-14,\N,\N
393,Leo Hjelde,Defender,Norway,2003-08-26,188,\N
394,Wesley Hoedt,Defender,Netherlands,1994-03-06,188,\N
395,Ki-Jana Hoever,Defender,Netherlands,2002-01-18,180,\N
396,Rob Holding,Defender,England,1995-09-20,189,81
397,Mason Holgate,Defender,England,1996-10-22,184,63
398,Nathan Holland,Midfielder,England,1998-06-19,178,\N
399,Conor Hourihane,Midfielder,Ireland,1991-02-02,180,\N
400,Callum Hudson-Odoi,Midfielder,England,2000-11-07,182,\N
401,Niall Huggins,Defender,Wales,2000-12-18,\N,\N
402,Will Hughes,Midfielder,England,1995-04-17,185,74
403,Joe Hugill,Forward,England,2003-10-19,\N,\N
404,Joseph Hungbo,Midfielder,England,2000-01-15,\N,\N
405,Mackenzie Hunt,Midfielder,England,2001-11-14,\N,\N
406,Omari Hutchinson,Midfielder,Jamaica,2003-10-29,\N,\N
407,Hwang Hee-Chan,Forward,South Korea,1996-01-26,177,77
408,Pierre-Emile Højbjerg,Midfielder,Denmark,1995-08-05,187,84
409,Adam Idah,Forward,Ireland,2001-02-11,190,\N
410,Kelechi Iheanacho,Forward,Nigeria,1996-10-03,185,82
411,Danny Ings,Forward,England,1992-07-23,178,73
412,Tim Iroegbunam,Midfielder,England,2003-06-30,\N,\N
413,Einar Iversen,Midfielder,Norway,2001-06-06,\N,\N
414,Alex Iwobi,Forward,Nigeria,1996-05-03,180,75
415,José Izquierdo,Forward,Colombia,1992-07-07,171,\N
416,Jaroslaw Jach,Defender,Poland,1994-02-17,192,\N
417,Alireza Jahanbakhsh,Forward,Iran,1993-08-11,180,\N
418,Eldin Jakupovic,Goalkeeper,Switzerland,1984-10-02,191,85
419,Reece James,Defender,England,1999-12-08,182,82
420,Vitaly Janelt,Midfielder,Germany,1998-05-10,184,79
421,Alexandre Jankewitz,Midfielder,Switzerland,2001-12-25,179,\N
422,Pontus Jansson,Defender,Sweden,1991-02-13,194,89
423,Vítezslav Jaros,Goalkeeper,Czech Republic,2001-07-23,\N,\N
424,Taylor Jay-Hart,Midfielder,England,2003-12-18,179,\N
425,Julian Jeanvier,Defender,Guinea,1992-03-31,183,\N
426,Jack Jenkins,Midfielder,England,2002-03-23,\N,\N
427,Teddy Jenks,Midfielder,England,2002-03-12,191,\N
428,Mathias Jensen,Midfielder,Denmark,1996-01-01,180,68
429,Jeong Sang-Bin,Forward,South Korea,2002-04-01,173,\N
430,Raúl Jiménez,Forward,Mexico,1991-05-05,190,76
431,João Cancelo,Defender,Portugal,1994-05-27,182,74
432,João Moutinho,Midfielder,Portugal,1986-09-08,170,61
433,João Pedro,Forward,Brazil,2001-09-26,182,\N
434,João Virgínia,Goalkeeper,Portugal,1999-10-10,198,\N
435,Joelinton,Forward,Brazil,1996-08-14,186,81
436,Kyle John,Defender,England,2001-02-13,\N,\N
437,Tyreece John-Jules,Forward,England,2001-02-14,183,\N
438,Ben Johnson,Defender,England,2000-01-24,175,67
439,Curtis Jones,Midfielder,England,2001-01-30,185,75
440,Jonny,Defender,Spain,1994-03-03,175,70
441,Jorginho,Midfielder,Italy,1991-12-20,180,65
442,José Sá,Goalkeeper,Portugal,1993-01-17,192,84
443,James Justin,Defender,England,1998-02-23,183,80
444,Ozan Kabak,Defender,Turkey,2000-03-25,187,\N
445,Christian Kabasele,Defender,Belgium,1991-02-24,187,\N
446,Lovre Kalinic,Goalkeeper,Croatia,1990-04-03,201,\N
447,Samuel Kalu,Forward,Nigeria,1997-08-26,176,\N
448,Abu Kamara,Forward,England,2003-07-21,\N,\N
449,Harry Kane,Forward,England,1993-07-28,188,86
450,N'Golo Kanté,Midfielder,France,1991-03-29,168,68
451,Michal Karbownik,Defender,Poland,2001-03-13,\N,\N
452,Loris Karius,Goalkeeper,Germany,1993-06-22,189,87
453,Hayao Kawabe,Midfielder,Japan,1995-09-08,178,\N
454,Edo Kayembe,Midfielder,DR Congo,1998-06-03,183,\N
455,Kayky,Forward,Brazil,2003-06-11,175,\N
456,Moise Kean,Forward,Italy,2000-02-28,183,\N
457,Michael Keane,Defender,England,1993-01-11,191,82
458,Naby Keïta,Midfielder,Guinea,1995-02-10,172,64
459,Caoimhín Kelleher,Goalkeeper,Ireland,1998-11-23,178,74
460,Martin Kelly,Defender,England,1990-04-27,191,\N
461,Kenedy,Forward,Brazil,1996-02-08,182,\N
462,Nohan Kenneh,Midfielder,England,2003-01-10,\N,\N
463,Jonjoe Kenny,Defender,England,1997-03-15,175,\N
464,Reda Khadra,Midfielder,Germany,2001-07-04,\N,\N
465,Kiko Casilla,Goalkeeper,Spain,1986-10-02,190,\N
466,Maximilian Kilman,Defender,England,1997-05-23,\N,\N
467,Joshua King,Forward,Norway,1992-01-15,180,\N
468,Nya Kirby,Midfielder,England,2000-01-31,174,\N
469,Alex Kirk,Defender,England,2002-10-27,\N,\N
470,Kristoffer Klaesson,Goalkeeper,Norway,2000-11-27,189,76
471,Mateusz Klich,Midfielder,Poland,1990-06-13,183,84
472,Timm Klose,Defender,Switzerland,1988-05-09,193,\N
473,Josh Knight,Defender,England,1997-09-07,185,\N
474,Robin Koch,Defender,Germany,1996-07-17,192,85
475,Sead Kolasinac,Defender,Bosnia & Herzegovina,1993-06-20,183,\N
476,Ibrahima Konaté,Defender,France,1999-05-25,194,95
477,Ezri Konsa,Defender,England,1997-10-23,183,77
478,Billy Koumetio,Defender,France,2002-11-14,195,\N
479,Cheikhou Kouyaté,Midfielder,Senegal,1989-12-21,189,83
480,Mateo Kovacic,Midfielder,Croatia,1994-05-06,178,78
481,Matej Kovár,Goalkeeper,Czech Republic,2000-05-17,184,\N
482,Kacper Kozlowski,Midfielder,Poland,2003-10-16,182,\N
483,Emil Krafth,Defender,Sweden,1994-08-02,184,83
484,Alex Král,Defender,Czech Republic,1998-05-19,185,\N
485,Juraj Kucka,Midfielder,Slovakia,1987-02-26,186,\N
486,Dejan Kulusevski,Midfielder,Sweden,2000-04-25,186,80
487,Alexandre Lacazette,Forward,France,1991-05-28,175,\N
488,Ethan Laird,Defender,England,2001-08-05,177,\N
489,Adam Lallana,Midfielder,England,1988-05-10,172,73
490,Erik Lamela,Midfielder,Argentina,1992-03-04,181,\N
491,Tariq Lamptey,Defender,Ghana,2000-09-30,\N,\N
492,Daniel Langley,Goalkeeper,England,2000-12-28,\N,\N
493,Henri Lansbury,Midfielder,England,1990-10-12,183,\N
494,Manuel Lanzini,Midfielder,Argentina,1993-02-15,167,59
495,Aymeric Laporte,Defender,Spain,1994-05-27,191,86
496,Jamaal Lascelles,Defender,England,1993-11-11,188,89
497,Roméo Lavia,Midfielder,Belgium,2004-01-06,\N,\N
498,Marcel Lavinier,Defender,England,2000-12-16,180,\N
499,Achraf Lazaar,Defender,Morocco,1992-01-22,184,\N
500,Zan-Luk Leban,Goalkeeper,Slovenia,2002-12-15,\N,\N
501,Pierre Lees-Melou,Midfielder,France,1993-05-25,185,\N
502,Florian Lejeune,Defender,France,1991-05-20,189,\N
503,Dexter Lembikisa,Defender,Jamaica,2003-11-04,\N,\N
504,Mario Lemina,Midfielder,Gabon,1993-09-01,184,\N
505,Aaron Lennon,Midfielder,England,1987-04-16,165,\N
506,Bernd Leno,Goalkeeper,Germany,1992-03-04,189,82
507,Marc Leonard,Midfielder,Scotland,2001-12-19,\N,\N
508,Thakgalo Leshabela,Midfielder,South Africa,1999-09-18,175,\N
509,Dylan Levitt,Midfielder,Wales,2000-11-17,180,\N
510,Jamal Lewis,Defender,Northern Ireland,1998-01-25,178,70
511,Lewis Hall,Midfielder,England,2004-09-08,\N,\N
512,Victor Lindelöf,Defender,Sweden,1994-07-17,187,80
513,Hayden Lindley,Midfielder,England,2002-09-02,\N,\N
514,Jesse Lingard,Midfielder,England,1992-12-15,175,62
515,Tino Livramento,Defender,England,2002-11-12,\N,\N
516,Diego Llorente,Defender,Spain,1993-08-16,186,75
517,Hugo Lloris,Goalkeeper,France,1986-12-26,188,82
518,Giovani Lo Celso,Midfielder,Argentina,1996-04-09,177,\N
519,Jürgen Locadia,Forward,Netherlands,1993-11-07,187,\N
520,Ruben Loftus-Cheek,Midfielder,England,1996-01-23,191,88
521,Andy Lonergan,Goalkeeper,England,1983-10-19,192,87
522,Kevin Long,Defender,Ireland,1990-08-18,188,\N
523,Emmanuel Longelo,Defender,England,2000-12-27,\N,\N
524,Nigel Lonwijk,Midfielder,Netherlands,2002-10-27,188,\N
525,Ademola Lookman,Forward,Nigeria,1997-10-20,174,\N
526,Joel Lopez Salguero,Defender,Spain,2002-03-31,\N,\N
527,Jonas Lössl,Goalkeeper,Denmark,1989-02-01,195,\N
528,Imrân Louza,Midfielder,Morocco,1999-05-01,178,\N
529,Matthew Lowton,Defender,England,1989-06-09,180,\N
530,Lucas Moura,Forward,Brazil,1992-08-13,172,72
531,Romelu Lukaku,Forward,Belgium,1993-05-13,190,\N
532,Lyanco,Defender,Brazil,1997-02-01,187,85
533,Brooklyn Lyons-Foster,Defender,England,2000-12-01,\N,\N
534,Isaac Mabaya,Midfielder,England,2004-09-22,\N,\N
535,Alexis Mac Allister,Midfielder,Argentina,1998-12-24,176,72
536,James Maddison,Midfielder,England,1996-11-23,175,73
537,Paris Maghoma,Midfielder,England,2001-05-08,\N,\N
538,Harry Maguire,Defender,England,1993-03-05,194,100
539,Riyad Mahrez,Forward,Algeria,1991-02-21,179,67
540,Ainsley Maitland-Niles,Midfielder,England,1997-08-29,177,71
541,Malachi Boateng,Defender,England,2002-07-05,\N,\N
542,Anthony Mancini,Midfielder,France,2001-04-06,180,\N
543,Sadio Mané,Forward,Senegal,1992-04-10,175,\N
544,Javier Manquillo,Defender,Spain,1994-05-05,178,76
545,Marçal,Defender,Brazil,1989-02-19,178,\N
546,Marcelo Pitaluga,Goalkeeper,Brazil,2002-12-20,192,\N
547,Solly March,Midfielder,England,1994-07-20,180,88
548,Emiliano Marcondes,Midfielder,Denmark,1995-03-09,182,68
549,Pablo Marí,Defender,Spain,1993-08-31,193,\N
550,Dilan Markanday,Forward,England,2001-08-20,\N,\N
551,Filip Marschall,Goalkeeper,England,2003-04-24,195,\N
552,Anthony Martial,Forward,France,1995-12-05,181,76
553,Josh Martin,Forward,England,2001-09-09,\N,\N
554,Emiliano Martínez,Goalkeeper,Argentina,1992-09-02,195,88
555,Adam Masina,Defender,Morocco,1994-01-02,189,\N
556,Arthur Masuaku,Defender,DR Congo,1993-11-07,179,\N
557,Tawanda Maswanhise,Midfielder,England,2002-11-20,\N,\N
558,Juan Mata,Midfielder,Spain,1988-04-28,170,\N
559,Jean-Philippe Mateta,Forward,France,1997-06-28,192,88
560,Nemanja Matic,Midfielder,Serbia,1988-08-01,194,\N
561,Joël Matip,Defender,Cameroon,1991-08-08,195,90
562,Matthew Craig,Midfielder,Scotland,2003-04-16,\N,\N
563,Remi Matthews,Goalkeeper,England,1994-02-10,184,\N
564,Matty Longstaff,Midfielder,England,2000-03-21,\N,\N
565,Neal Maupay,Forward,France,1996-08-14,173,69
566,Konstantinos Mavropanos,Defender,Greece,1997-12-11,194,\N
567,Luke Mbete,Defender,England,2003-09-18,\N,\N
568,Bryan Mbeumo,Midfielder,Cameroon,1999-08-07,171,\N
569,Xavier Mbuyamba,Defender,Netherlands,2001-12-31,\N,\N
570,Reece McAlear,Midfielder,Scotland,2002-02-12,185,\N
571,James McArthur,Midfielder,Scotland,1987-10-07,178,75
572,James McAtee,Midfielder,England,2002-10-18,\N,\N
573,Kasey McAteer,Midfielder,England,2001-11-22,\N,\N
574,Sam McCallum,Defender,England,2000-09-02,\N,\N
575,Alfie McCalmont,Midfielder,Northern Ireland,2000-03-25,\N,\N
576,Liam McCarron,Midfielder,Scotland,2001-03-07,175,\N
577,James McCarthy,Midfielder,Ireland,1990-11-12,180,\N
578,Jon McCracken,Goalkeeper,Scotland,2000-05-24,\N,\N
579,Thomas McGill,Goalkeeper,England,2000-03-25,185,80
580,John McGinn,Midfielder,Scotland,1994-10-18,178,68
581,Joseph McGlynn,Forward,Scotland,2002-09-27,\N,\N
582,Michael McGovern,Goalkeeper,Northern Ireland,1984-07-12,191,\N
583,Stuart McKinstry,Midfielder,Scotland,2002-09-18,\N,\N
584,Kenny McLean,Midfielder,Scotland,1992-01-08,183,\N
585,Dwight McNeil,Midfielder,England,1999-11-22,183,68
586,Scott McTominay,Midfielder,Scotland,1996-12-08,193,88
587,Ben Mee,Defender,England,1989-09-21,180,74
588,Hannibal Mejbri,Midfielder,Tunisia,2003-01-21,177,\N
589,Édouard Mendy,Goalkeeper,Senegal,1992-03-01,197,86
590,Teden Mengi,Defender,England,2002-04-30,183,78
591,Illan Meslier,Goalkeeper,France,2000-03-02,197,74
592,Matt Miazga,Defender,United States,1995-07-19,191,\N
593,Luka Milivojevic,Midfielder,Serbia,1991-04-07,186,80
594,James Milner,Midfielder,England,1986-01-04,175,70
595,Yerry Mina,Defender,Colombia,1994-09-23,195,94
596,Takumi Minamino,Midfielder,Japan,1995-01-16,174,\N
597,Tyrone Mings,Defender,England,1993-03-13,196,77
598,Tyrick Mitchell,Defender,England,1999-09-01,\N,\N
599,Kaoru Mitoma,Midfielder,Japan,1997-05-20,178,72
600,Jan Mlakar,Forward,Slovenia,1998-10-23,183,\N
601,Jakub Moder,Midfielder,Poland,1999-04-07,188,78
602,Mohamed Elneny,Midfielder,Egypt,1992-07-11,179,72
603,Mohamed Salah,Forward,Egypt,1992-06-15,175,71
604,Jayson Molumby,Midfielder,Ireland,1999-08-06,\N,\N
605,Jacob Montes,Midfielder,United States,1998-10-20,\N,\N
606,Kris Moore,Defender,England,2003-11-13,\N,\N
607,Andrew Moran,Midfielder,Ireland,2003-10-15,\N,\N
608,Pablo Moreno,Forward,Spain,2002-05-03,174,\N
609,Wes Morgan,Defender,Jamaica,1984-01-21,186,\N
610,James Morris,Midfielder,England,2001-11-23,\N,\N
611,Tyler Morton,Midfielder,England,2002-10-31,\N,\N
612,Victor Moses,Midfielder,Nigeria,1990-12-12,177,\N
613,Yerson Mosquera,Defender,Colombia,2001-05-02,187,76
614,Louie Moulden,Goalkeeper,England,2002-01-06,\N,\N
615,Mason Mount,Midfielder,England,1999-01-10,178,70
616,Bali Mumba,Defender,England,2001-10-08,176,\N
617,Joel Mumbongo,Forward,Sweden,1999-01-09,188,\N
618,Romaine Mundle,Midfielder,England,2003-04-24,\N,\N
619,Arijanet Muric,Goalkeeper,Kosovo,1998-11-07,198,\N
620,Jacob Murphy,Midfielder,England,1995-02-24,179,74
621,Glenn Murray,Forward,England,1983-09-25,183,\N
622,Charly Musonda,Midfielder,Belgium,1996-10-15,173,\N
623,Yoshinori Muto,Forward,Japan,1992-07-15,179,\N
624,Enock Mwepu,Midfielder,Zambia,1998-01-01,184,76
625,Vitaliy Mykolenko,Defender,Ukraine,1999-05-29,180,71
626,Daniel N'Lundulu,Forward,England,1999-02-05,185,\N
627,Marvelous Nakamba,Midfielder,Zimbabwe,1994-01-19,178,71
628,Richard Nartey,Defender,England,1998-09-06,184,\N
629,Marc Navarro,Defender,Spain,1995-07-02,188,\N
630,Wilfred Ndidi,Midfielder,Nigeria,1996-12-16,183,74
631,Tanguy Ndombélé,Midfielder,France,1996-12-28,181,\N
632,Reiss Nelson,Forward,England,1999-12-10,175,71
633,Nélson Semedo,Defender,Portugal,1993-11-16,177,67
634,Jeremy Ngakia,Defender,England,2000-09-07,\N,\N
635,Saúl Ñíguez,Midfielder,Spain,1994-11-21,184,\N
636,Eddie Nketiah,Forward,England,1999-05-30,175,72
637,Nicolas Nkoulou,Defender,Cameroon,1990-03-27,184,\N
638,Niels Nkounkou,Defender,France,2000-11-01,180,\N
639,Mark Noble,Midfielder,England,1987-05-08,180,\N
640,Mathias Normann,Midfielder,Norway,1996-05-28,179,\N
641,Will Norris,Goalkeeper,England,1993-08-12,195,\N
642,Nuno Tavares,Defender,Portugal,2000-01-26,183,\N
643,Ørjan Nyland,Goalkeeper,Norway,1990-09-10,192,\N
644,Christian Nørgaard,Midfielder,Denmark,1994-03-10,187,76
645,Kane O'Connor,Defender,Scotland,2001-01-17,\N,\N
646,Tommi O'Reilly,Midfielder,England,2003-12-15,\N,\N
647,Michael Obafemi,Forward,Ireland,2000-07-06,169,\N
648,Ademipo Odubeko,Forward,Ireland,2002-10-21,\N,\N
649,Chituru Odunze,Goalkeeper,United States,2002-10-14,200,\N
650,Odeluga Offiah,Defender,England,2002-10-26,\N,\N
651,Angelo Ogbonna,Defender,Italy,1988-05-23,191,86
652,Mazeed Ogungbo,Defender,Ireland,2002-10-20,\N,\N
653,Sheyi Ojo,Forward,England,1997-06-19,177,\N
654,Jakub Ojrzynski,Goalkeeper,Poland,2003-02-19,\N,\N
655,Armstrong Oko-Flex,Forward,Ireland,2002-03-02,\N,\N
656,Arthur Okonkwo,Goalkeeper,England,2001-09-09,198,\N
657,Maduka Okoye,Goalkeeper,Nigeria,1999-08-28,197,\N
658,Jaakko Oksanen,Midfielder,Finland,2000-11-07,\N,\N
659,Kazeem Olaigbe,Forward,Belgium,2003-01-02,\N,\N
660,Michael Olise,Midfielder,France,2001-12-12,176,\N
661,Robin Olsen,Goalkeeper,Sweden,1990-01-08,198,89
662,Josh Oluwayemi,Goalkeeper,Nigeria,2001-03-13,\N,\N
663,Andrew Omobamidele,Defender,Ireland,2002-06-23,188,\N
664,Tobi Omole,Defender,England,1999-12-17,\N,\N
665,Tyrese Omotoye,Forward,Belgium,2002-09-23,\N,\N
666,Akos Onodi,Goalkeeper,Hungary,2001-09-02,\N,\N
667,Tyler Onyango,Midfielder,England,2003-03-04,190,\N
668,Frank Onyeka,Midfielder,Nigeria,1998-01-01,183,\N
669,Divock Origi,Forward,Belgium,1995-04-18,185,\N
670,Leo Östigard,Defender,Norway,1999-11-28,182,\N
671,Owen Otasowie,Midfielder,United States,2001-01-06,191,\N
672,Salah-Eddine Oulad M'hand,Midfielder,Netherlands,2003-08-20,\N,\N
673,Aston Oxborough,Goalkeeper,England,1998-05-09,\N,\N
674,Alex Oxlade-Chamberlain,Midfielder,England,1993-08-15,180,70
675,Daniel Oyegoke,Defender,England,2003-01-03,\N,\N
676,Pablo Hernández,Midfielder,Spain,1985-04-11,173,\N
677,Cole Palmer,Midfielder,England,2002-05-06,182,\N
678,Erik Palmer-Brown,Defender,United States,1997-04-24,187,\N
679,Adam Parkes,Goalkeeper,England,1999-11-30,\N,\N
680,Troy Parrott,Forward,Ireland,2002-02-04,185,\N
681,Thomas Partey,Midfielder,Ghana,1993-06-13,185,77
682,Maksim Paskotsi,Defender,Estonia,2003-01-19,\N,\N
683,Charlie Patino,Midfielder,England,2003-10-17,\N,\N
684,Nathan Patterson,Defender,Scotland,2001-10-16,183,72
685,Bailey Peacock-Farrell,Goalkeeper,Northern Ireland,1996-10-29,193,\N
686,Myles Peart-Harris,Midfielder,England,2002-09-18,\N,\N
687,Pedro Neto,Forward,Portugal,2000-03-09,172,69
688,Facundo Pellistri,Midfielder,Uruguay,2001-12-20,175,69
689,Adalberto Peñaranda,Forward,Venezuela,1997-05-31,185,\N
690,Nicolas Pépé,Forward,Cote D’Ivoire,1995-05-29,183,\N
691,Ayoze Pérez,Forward,Spain,1993-07-29,178,72
692,Stipe Perica,Forward,Croatia,1995-07-07,192,\N
693,Sonny Perkins,Forward,England,2004-02-10,\N,\N
694,Romain Perraud,Defender,France,1997-09-22,173,68
695,Taylor Perry,Midfielder,England,2001-07-15,\N,\N
696,Philippe Coutinho,Midfielder,Brazil,1992-06-12,172,68
697,Kalvin Phillips,Midfielder,England,1995-12-02,178,72
698,Jaden Philogene-Bidace,Midfielder,England,2002-02-08,181,\N
699,Jordan Pickford,Goalkeeper,England,1994-03-07,185,77
700,Erik Pieters,Defender,Netherlands,1988-08-07,183,\N
701,Ethan Pinnock,Defender,Jamaica,1993-05-29,187,79
702,Przemyslaw Placheta,Midfielder,Poland,1998-03-23,177,\N
703,Luke Plange,Forward,England,2002-11-04,178,\N
704,Maurizio Pochettino,Midfielder,Spain,2001-03-30,\N,\N
705,Paul Pogba,Midfielder,France,1993-03-15,191,\N
706,Matthew Pollock,Defender,England,2001-09-28,\N,\N
707,Nick Pope,Goalkeeper,England,1992-04-19,191,76
708,Pedro Porro,Defender,Spain,1999-09-13,173,\N
709,Freddie Potts,Midfielder,England,2003-09-12,\N,\N
710,Ian Poveda-Ocampo,Forward,England,2000-02-09,165,\N
711,Iker Pozo,Midfielder,Spain,2000-08-06,\N,\N
712,Dennis Praet,Midfielder,Belgium,1994-05-14,181,78
713,Aaron Pressley,Forward,Scotland,2001-11-07,189,\N
714,Isaac Price,Midfielder,Northern Ireland,2003-09-26,\N,\N
715,Davy Pröpper,Midfielder,Netherlands,1991-09-02,185,\N
716,Teemu Pukki,Forward,Finland,1990-03-29,180,\N
717,Christian Pulisic,Midfielder,United States,1998-09-18,172,69
718,Ignacio Pussetto,Forward,Argentina,1995-12-21,180,\N
719,Jarell Quansah,Defender,England,2003-01-29,\N,\N
720,Xavi Quintillá,Defender,Spain,1996-08-23,183,\N
721,Luka Racic,Defender,Denmark,1999-05-08,\N,\N
722,Rafa Mir,Forward,Spain,1997-06-18,191,\N
723,Arjan Raikhy,Midfielder,England,2002-10-20,\N,\N
724,Jesurun Rak-Sakyi,Midfielder,England,2002-10-05,\N,\N
725,Kayne Ramsay,Defender,England,2000-10-10,\N,\N
726,Aaron Ramsdale,Goalkeeper,England,1998-05-14,188,77
727,Jacob Ramsey,Midfielder,England,2001-05-28,\N,\N
728,Darren Randolph,Goalkeeper,Ireland,1987-05-12,188,98
729,Raphinha,Forward,Brazil,1996-12-14,176,\N
730,Marcus Rashford,Forward,England,1997-10-31,180,70
731,Milot Rashica,Midfielder,Kosovo,1996-06-28,177,\N
732,David Raya,Goalkeeper,Spain,1995-09-15,183,80
733,Nathan Redmond,Midfielder,England,1994-03-06,173,\N
734,Sergio Reguilón,Defender,Spain,1996-12-16,178,\N
735,Winston Reid,Defender,New Zealand,1988-07-03,190,\N
736,Omar Rekik,Defender,Tunisia,2001-12-20,186,\N
737,Ricardo Pereira,Defender,Portugal,1993-10-06,175,70
738,Declan Rice,Midfielder,England,1999-01-14,185,76
739,Taylor Richards,Midfielder,England,2000-12-04,180,\N
740,Lewis Richardson,Forward,England,2003-02-07,\N,\N
741,Richarlison,Forward,Brazil,1997-05-10,184,83
742,Jairo Riedewald,Defender,Netherlands,1996-09-09,182,79
743,Matt Ritchie,Midfielder,Scotland,1989-09-10,172,76
744,Robbie Brady,Midfielder,Ireland,1992-01-14,176,\N
745,Roberto Firmino,Forward,Brazil,1991-10-02,181,76
746,Haydon Roberts,Defender,England,2002-05-10,175,\N
747,Andrew Robertson,Defender,Scotland,1994-03-11,178,64
748,Joe Rodon,Defender,Wales,1997-10-22,180,\N
749,Rodri,Midfielder,Spain,1996-06-22,191,82
750,Rodrigo,Forward,Spain,1991-03-06,182,77
751,Jay Rodríguez,Forward,England,1989-01-29,185,\N
752,Mads Roerslev,Defender,Denmark,1999-06-24,184,77
753,Morgan Rogers,Midfielder,England,2002-07-26,\N,\N
754,Sergio Romero,Goalkeeper,Argentina,1987-02-22,192,\N
755,Oriol Romeu,Midfielder,Spain,1991-09-24,183,\N
756,Connor Ronan,Midfielder,Ireland,1998-03-06,178,74
757,Salomón Rondón,Forward,Venezuela,1989-09-16,186,98
758,Danny Rose,Defender,England,1990-07-02,173,\N
759,Edward Rowe,Midfielder,England,2003-10-17,\N,\N
760,Rúben Dias,Defender,Portugal,1997-05-14,186,76
761,Rúben Neves,Midfielder,Portugal,1997-03-13,180,80
762,Rúben Vinagre,Defender,Portugal,1999-04-09,174,71
763,John Ruddy,Goalkeeper,England,1986-10-24,193,\N
764,Antonio Rüdiger,Defender,Germany,1993-03-03,190,\N
765,Rui Patrício,Goalkeeper,Portugal,1988-02-15,190,\N
766,Rúnar Rúnarsson,Goalkeeper,Iceland,1995-02-18,186,\N
767,Lukas Rupp,Midfielder,Germany,1991-01-08,178,\N
768,Mathew Ryan,Goalkeeper,Australia,1992-04-08,184,\N
769,Allan Saint-Maximin,Forward,France,1997-03-12,173,67
770,Romain Saïss,Defender,Morocco,1990-03-26,190,\N
771,Henri Saivet,Midfielder,Senegal,1990-10-26,174,\N
772,Bukayo Saka,Midfielder,England,2001-09-05,178,65
773,Mamadou Sakho,Defender,France,1990-02-13,187,\N
774,William Saliba,Defender,France,2001-03-24,192,83
775,Mohammed Salisu,Defender,Ghana,1999-04-17,191,82
776,Sam Byram,Defender,England,1993-09-16,180,\N
777,Mbwana Samatta,Forward,Tanzania,1992-12-23,183,\N
778,Albert Sambi Lokonga,Midfielder,Belgium,1999-10-22,173,67
779,Samir,Defender,Brazil,1994-12-05,189,\N
780,Robert Sánchez,Goalkeeper,Spain,1997-11-18,197,90
781,Jadon Sancho,Forward,England,2000-03-25,180,76
782,Dion Sanderson,Defender,England,1999-12-15,\N,\N
783,Philippe Sandler,Defender,Netherlands,1997-02-10,188,\N
784,Morgan Sanson,Midfielder,France,1994-08-18,180,73
785,Joshua Sargent,Forward,United States,2000-02-20,185,\N
786,Matija Sarkic,Goalkeeper,Montenegro,1997-07-23,195,\N
787,Jeremy Sarmiento,Forward,Ecuador,2002-06-16,\N,\N
788,Malang Sarr,Defender,France,1999-01-23,182,\N
789,Charlie Savage,Midfielder,Wales,2003-05-02,\N,\N
790,Dane Scarlett,Forward,England,2004-03-24,180,\N
791,Fabian Schär,Defender,Switzerland,1991-12-20,188,84
792,Kjell Scherpen,Goalkeeper,Netherlands,2000-01-23,204,98
793,Jeffrey Schlupp,Midfielder,Ghana,1992-12-23,178,72
794,Kasper Schmeichel,Goalkeeper,Denmark,1986-11-05,189,\N
795,Sean Longstaff,Midfielder,England,1997-10-30,180,65
796,Ken Sema,Midfielder,Sweden,1993-09-30,180,\N
797,Ryan Sessegnon,Midfielder,England,2000-05-18,178,70
798,Meritan Shabani,Midfielder,Germany,1999-03-15,185,\N
799,Jamie Shackleton,Midfielder,England,1999-10-08,168,\N
800,Xherdan Shaqiri,Midfielder,Switzerland,1991-10-10,169,\N
801,Teddy Sharman-Lowe,Goalkeeper,England,2003-03-30,189,\N
802,Luke Shaw,Defender,England,1995-07-12,185,75
803,Jonjo Shelvey,Midfielder,England,1992-02-27,184,80
804,Nathan Shepperd,Goalkeeper,Wales,2000-09-10,\N,\N
805,Shola Shoretire,Forward,England,2004-02-02,170,\N
806,Sidnei Tavares,Midfielder,Portugal,2001-09-29,\N,\N
807,Francisco Sierralta,Defender,Chile,1997-05-06,190,\N
808,Gylfi Sigurdsson,Midfielder,Iceland,1989-09-08,186,\N
809,Abdallah Sima,Forward,Senegal,2001-06-17,\N,\N
810,Dynel Simeu,Defender,England,2002-03-13,186,\N
811,Ellis Simms,Forward,England,2001-01-05,191,\N
812,Kamarai Simon-Swyer,Midfielder,England,2002-12-04,\N,\N
813,Xavier Simons,Midfielder,England,2003-02-20,\N,\N
814,Danel Sinani,Midfielder,Luxembourg,1997-04-05,185,\N
815,Viljami Sinisalo,Goalkeeper,Finland,2001-10-11,190,\N
816,Moussa Sissoko,Midfielder,France,1989-08-16,187,\N
817,Melvin Sitti,Midfielder,France,2000-02-14,182,\N
818,Oliver Skipp,Midfielder,England,2000-09-16,175,70
819,Cieran Slicker,Goalkeeper,Scotland,2002-09-15,\N,\N
820,Thierry Small,Defender,England,2004-08-01,\N,\N
821,William Smallbone,Midfielder,Ireland,2000-02-21,\N,\N
822,Tom Smith,Goalkeeper,England,2002-01-30,\N,\N
823,Emile Smith Rowe,Midfielder,England,2000-07-28,182,79
824,Harrison Sohna,Midfielder,England,2002-07-01,\N,\N
825,Son Heung-Min,Forward,South Korea,1992-07-08,183,78
826,Andreas Söndergaard,Goalkeeper,Denmark,2001-01-17,189,\N
827,Jude Soonsup-Bell,Forward,England,2004-01-10,\N,\N
828,Sebastian Soto,Forward,United States,2000-07-28,183,\N
829,Tomás Soucek,Midfielder,Czech Republic,1995-02-27,192,86
830,Boubakary Soumaré,Midfielder,France,1999-02-27,188,70
831,Kamal Sowah,Forward,Ghana,2000-01-09,179,\N
832,Çaglar Söyüncü,Defender,Turkey,1996-05-23,185,82
833,Jason Steele,Goalkeeper,England,1990-08-18,188,79
834,Jed Steer,Goalkeeper,England,1992-09-23,183,80
835,Zack Steffen,Goalkeeper,United States,1995-04-02,191,\N
836,Dale Stephens,Midfielder,England,1989-06-12,169,\N
837,Dujon Sterling,Defender,England,1999-10-24,186,\N
838,Finley Stevens,Defender,Wales,2003-04-10,\N,\N
839,Toby Stevenson,Defender,England,1999-11-22,\N,\N
840,Marco Stiepermann,Forward,Germany,1991-02-09,190,\N
841,Jakub Stolarczyk,Goalkeeper,Poland,2000-12-19,\N,\N
842,John Stones,Defender,England,1994-05-28,188,70
843,James Storer,Goalkeeper,Ireland,\N,\N,\N
844,Robert Street,Forward,England,2001-09-26,\N,\N
845,Pascal Struijk,Defender,Netherlands,1999-08-11,190,\N
846,Isaac Success,Forward,Nigeria,1996-01-07,186,\N
847,Thanawat Suengchitthawon,Midfielder,Thailand,2000-01-08,\N,\N
848,Crysencio Summerville,Midfielder,Netherlands,2001-10-30,174,\N
849,Zak Swanson,Defender,England,2000-09-28,\N,\N
850,Sil Swinkels,Defender,Netherlands,2004-01-06,\N,\N
851,Jacob Sørensen,Midfielder,Denmark,1998-03-03,\N,\N
852,Michael Tait,Forward,England,2001-01-29,\N,\N
853,Japhet Tanganga,Defender,England,1999-03-31,184,76
854,Matt Targett,Defender,England,1995-09-18,183,70
855,James Tarkowski,Defender,England,1992-11-19,185,81
856,Percy Tau,Forward,South Africa,1994-05-13,175,\N
857,Neil Taylor,Defender,Wales,1989-02-07,176,\N
858,Allan Tchaptchet,Defender,France,2001-12-21,193,\N
859,Slobodan Tedic,Forward,Serbia,2000-04-13,190,\N
860,Nathan Tella,Midfielder,England,1999-07-05,\N,\N
861,Thiago,Midfielder,Spain,1991-04-11,174,70
862,Thiago Silva,Defender,Brazil,1984-09-22,183,79
863,Bobby Thomas,Defender,England,2001-01-30,\N,\N
864,Dominic Thompson,Defender,England,2000-07-26,\N,\N
865,Youri Tielemans,Midfielder,Belgium,1997-05-07,176,72
866,Kieran Tierney,Defender,Scotland,1997-06-05,178,70
867,Tim Krul,Goalkeeper,Netherlands,1988-04-03,188,\N
868,Tom Dele-Bashiru,Midfielder,Nigeria,1999-09-17,183,\N
869,Takehiro Tomiyasu,Defender,Japan,1998-11-05,188,70
870,James Tomkins,Defender,England,1989-03-29,192,74
871,Jonathan Tomkinson,Defender,United States,2002-04-11,\N,\N
872,Fikayo Tomori,Defender,England,1997-12-19,185,\N
873,Ivan Toney,Forward,England,1996-03-16,179,70
874,Tony Springett,Midfielder,England,2002-09-22,\N,\N
875,Lucas Torreira,Midfielder,Uruguay,1996-02-11,166,\N
876,Ferran Torres,Forward,Spain,2000-02-29,184,\N
877,Cenk Tosun,Forward,Turkey,1991-06-07,183,\N
878,Toti,Defender,Portugal,1999-01-16,187,72
879,Andros Townsend,Midfielder,England,1991-07-16,181,77
880,James Trafford,Goalkeeper,England,2002-10-10,197,\N
881,Bertrand Traoré,Forward,Burkina Faso,1995-09-06,181,\N
882,Trézéguet,Midfielder,Egypt,1994-10-01,180,\N
883,Trincão,Forward,Portugal,1999-12-29,184,\N
884,Kieran Trippier,Defender,England,1990-09-19,178,71
885,William Troost-Ekong,Defender,Nigeria,1993-09-01,191,\N
886,Leandro Trossard,Forward,Belgium,1994-12-04,171,61
887,Nathan Trott,Goalkeeper,England,1998-11-21,188,\N
888,Auston Trusty,Defender,United States,1998-08-12,191,\N
889,Tom Trybull,Midfielder,Germany,1993-03-09,181,\N
890,Konstantinos Tsimikas,Defender,Greece,1996-05-12,178,77
891,Antef Tsoungui,Defender,England,2002-12-30,\N,\N
892,Axel Tuanzebe,Defender,England,1997-11-14,186,75
893,Ozan Tufan,Midfielder,Turkey,1995-03-23,179,\N
894,Ed Turns,Defender,Wales,2002-10-18,\N,\N
895,Harry Tyrer,Goalkeeper,England,2001-12-06,\N,\N
896,Christos Tzolis,Forward,Greece,2002-01-30,179,\N
897,Iké Ugbo,Forward,Canada,1998-09-21,184,\N
898,Deniz Undav,Forward,Germany,1996-07-19,179,86
899,Cengiz Ünder,Forward,Turkey,1997-07-14,173,\N
900,Harvey Vale,Midfielder,England,2003-09-11,\N,\N
901,Joel Valencia,Forward,Ecuador,1994-11-16,164,\N
902,Yan Valery,Defender,Tunisia,1999-02-22,180,\N
903,Patrick van Aanholt,Defender,Netherlands,1990-08-29,176,\N
904,Donny van de Beek,Midfielder,Netherlands,1997-04-18,184,76
905,Sepp van den Berg,Defender,Netherlands,2001-12-20,189,\N
906,Virgil van Dijk,Defender,Netherlands,1991-07-08,193,92
907,Jan Paul van Hecke,Defender,Netherlands,2000-06-08,\N,\N
908,Mikki van Sas,Goalkeeper,Netherlands,2004-02-29,\N,\N
909,Raphaël Varane,Defender,France,1993-04-25,191,81
910,Jamie Vardy,Forward,England,1987-01-11,179,74
911,Indiana Vassilev,Midfielder,United States,2001-02-16,173,\N
912,Joël Veltman,Defender,Netherlands,1992-01-15,184,75
913,Jannik Vestergaard,Defender,Denmark,1992-08-03,199,98
914,Vitinha,Midfielder,Portugal,2000-02-13,172,\N
915,Nikola Vlasic,Midfielder,Croatia,1997-10-04,178,\N
916,Jake Vokins,Defender,England,2000-03-17,180,\N
917,Mario Vrancic,Midfielder,Bosnia & Herzegovina,1989-05-23,187,\N
918,Matej Vydra,Midfielder,Czech Republic,1992-05-01,180,\N
919,Theo Walcott,Forward,England,1989-03-16,176,68
920,Jake Walker,Defender,England,2000-11-03,\N,\N
921,Kyle Walker-Peters,Defender,England,1997-04-13,173,62
922,Sam Waller,Goalkeeper,England,2003-09-09,\N,\N
923,Christian Walton,Goalkeeper,England,1995-11-09,182,\N
924,Aaron Wan-Bissaka,Defender,England,1997-11-26,183,72
925,Wanya Marçal-Madivadua,Midfielder,Portugal,2002-10-19,\N,\N
926,Joel Ward,Defender,England,1989-10-29,188,83
927,James Ward-Prowse,Midfielder,England,1994-11-01,173,66
928,Ollie Watkins,Forward,England,1995-12-30,180,70
929,Caleb Watts,Midfielder,Australia,2002-01-16,171,\N
930,Adam Webster,Defender,England,1995-01-04,191,75
931,Wout Weghorst,Forward,Netherlands,1992-08-07,197,\N
932,Jensen Weir,Midfielder,England,2002-01-31,184,\N
933,Danny Welbeck,Forward,England,1990-11-26,185,73
934,Reece Welch,Defender,England,2003-09-19,\N,\N
935,Jack Wells-Morrison,Midfielder,England,2004-02-18,\N,\N
936,Timo Werner,Forward,Germany,1996-03-06,180,\N
937,Wesley,Forward,Brazil,1996-11-26,191,\N
938,Ashley Westwood,Midfielder,England,1990-04-01,175,\N
939,Charlie Whitaker,Midfielder,England,2003-09-16,\N,\N
940,Ben White,Defender,England,1997-10-08,186,78
941,Alfie Whiteman,Goalkeeper,England,1998-10-02,189,\N
942,Connor Wickham,Forward,England,1993-03-31,191,\N
943,Georginio Wijnaldum,Midfielder,Netherlands,1990-11-11,175,\N
944,Dylan Williams,Defender,England,2003-09-13,\N,\N
945,Willian,Forward,Brazil,1988-08-09,174,76
946,Willian José,Forward,Brazil,1991-11-23,189,\N
947,Joe Willock,Midfielder,England,1999-08-20,179,71
948,Ben Wilmot,Defender,England,1999-11-04,188,\N
949,Harry Wilson,Midfielder,Wales,1997-03-22,173,70
950,Josh Wilson-Esbrand,Defender,England,2002-12-26,\N,\N
951,Harry Winks,Midfielder,England,1996-02-02,178,\N
952,Yoane Wissa,Midfielder,DR Congo,1996-09-03,176,74
953,Max Woltman,Forward,England,2003-08-20,\N,\N
954,Chris Wood,Forward,New Zealand,1991-12-07,191,81
955,Sam Woods,Defender,England,1998-09-11,\N,\N
956,Callum Wright,Midfielder,England,2000-05-02,\N,\N
957,Xande Silva,Forward,Portugal,1997-03-16,177,\N
958,Granit Xhaka,Midfielder,Switzerland,1992-09-27,186,80
959,Yan Couto,Defender,Brazil,2002-06-03,168,\N
960,Romaric Yapi,Defender,France,2000-07-13,178,\N
961,Andrii Yarmolenko,Forward,Ukraine,1989-10-23,189,\N
962,Brad Young,Midfielder,England,2003-01-06,\N,\N
963,Nathan Young-Coombes,Forward,England,2003-01-15,\N,\N
964,Wilfried Zaha,Forward,Cote D’Ivoire,1992-11-10,180,66
965,Jan Zamburek,Midfielder,Czech Republic,2001-02-13,182,\N
966,Zanka,Defender,Denmark,1990-04-23,191,79
967,Davide Zappacosta,Defender,Italy,1992-06-11,185,\N
968,Andi Zeqiri,Forward,Switzerland,1999-06-22,181,\N
969,Zidane Iqbal,Midfielder,Iraq,2003-04-27,\N,\N
970,Karlo Ziger,Goalkeeper,Croatia,2001-05-11,\N,\N
971,Christoph Zimmermann,Defender,Germany,1993-01-12,194,\N
972,Oleksandr Zinchenko,Midfielder,Ukraine,1996-12-15,175,64
973,Philip Zinckernagel,Forward,Denmark,1994-12-16,175,\N
974,Hakim Ziyech,Midfielder,Morocco,1993-03-19,180,65
975,Kurt Zouma,Defender,France,1994-10-27,190,96
976,Oliwier Zych,Goalkeeper,Poland,2004-06-28,\N,\N
977,Martin Ødegaard,Midfielder,Norway,1998-12-17,178,68
978,Adam Lewis,Defender,England,1999-11-08,175,\N
979,Tosin Adarabioyo,Defender,England,1997-09-24,196,80
980,Dennis Adeniran,Midfielder,England,1999-01-02,180,\N
981,Adrien Silva,Midfielder,Portugal,1989-03-15,171,\N
982,Oladapo Afolayan,Forward,England,1997-09-11,180,\N
983,Ahmed Hegazy,Defender,Egypt,1991-01-25,193,\N
984,Semi Ajayi,Defender,Nigeria,1993-11-09,193,\N
985,Albian Ajeti,Forward,Switzerland,1997-02-26,183,\N
986,Ali Koiki,Defender,England,1999-08-22,\N,\N
987,Frederik Alves,Defender,Denmark,1999-11-08,195,\N
988,Joseph Anang,Goalkeeper,England,2000-06-08,\N,\N
989,Elliot Anderson,Midfielder,Scotland,2002-11-06,179,\N
990,Harry Arter,Midfielder,Ireland,1989-12-28,176,70
991,Finn Azaz,Midfielder,Ireland,2000-09-07,185,\N
992,Leighton Baines,Defender,England,1984-12-11,170,\N
993,George Baldock,Defender,Greece,1993-03-09,178,\N
994,Dan Ballard,Defender,Northern Ireland,1999-09-22,187,\N
995,Jamal Baptiste,Defender,England,2003-11-11,\N,\N
996,Daniel Barlaser,Midfielder,England,1997-01-18,184,\N
997,Kyle Bartley,Defender,England,1991-05-22,185,\N
998,Chris Basham,Defender,England,1988-07-20,190,\N
999,Jack Bearne,Midfielder,England,2001-09-15,\N,\N
1000,Ryan Bennett,Defender,England,1990-03-06,188,\N
1001,Nabil Bentaleb,Midfielder,Algeria,1994-11-24,187,\N
1002,Sander Berge,Midfielder,Norway,1998-02-14,195,\N
1003,Bernardo Rosa,Defender,Brazil,2000-09-20,\N,\N
1004,Jayden Bogle,Defender,England,2000-07-27,178,\N
1005,Tolaji Bola,Defender,England,1999-01-04,188,\N
1006,Yannick Bolasie,Forward,DR Congo,1989-05-24,188,\N
1007,Jonathan Bond,Goalkeeper,England,1993-05-19,196,\N
1008,Sofiane Boufal,Midfielder,Morocco,1993-09-17,170,\N
1009,Morgan Boyes,Defender,Wales,2001-04-22,177,\N
1010,Claudio Bravo,Goalkeeper,Chile,1983-04-13,184,\N
1011,Rhian Brewster,Forward,England,2000-04-01,180,\N
1012,George Broadbent,Midfielder,England,2000-09-30,188,\N
1013,Zak Brunt,Midfielder,England,2001-11-17,\N,\N
1014,Joe Bryan,Defender,England,1993-09-17,173,\N
1015,Hugo Bueno,Defender,Spain,2002-09-18,180,\N
1016,Oliver Burke,Forward,Scotland,1997-04-07,188,\N
1017,Robbie Burton,Midfielder,Wales,1999-12-26,176,\N
1018,David Button,Goalkeeper,England,1989-02-27,191,\N
1019,Oskar Buur,Defender,Denmark,1998-03-31,180,\N
1020,Tom Cairney,Midfielder,Scotland,1991-01-20,186,84
1021,Guido Carrillo,Forward,Argentina,1991-05-25,191,\N
1022,Lewis Cass,Defender,England,2000-02-27,\N,\N
1023,Cyrus Christie,Defender,Ireland,1992-09-30,188,\N
1024,Leon Clarke,Forward,England,1985-02-10,188,\N
1025,Thomas Clayton,Defender,Scotland,2000-12-27,\N,\N
1026,Ismaila Coulibaly,Midfielder,Mali,2000-12-25,183,\N
1027,Josh Cullen,Midfielder,Ireland,1996-04-07,175,\N
1028,Kevin Danso,Defender,Austria,1998-09-19,190,\N
1029,Bobby De Cordova-Reid,Forward,Jamaica,1993-02-02,170,68
1030,Luca de la Torre,Midfielder,United States,1998-05-23,177,\N
1031,Fousseni Diabaté,Midfielder,Mali,1995-10-18,175,\N
1032,Cheikh Diaby,Forward,France,2000-03-07,\N,\N
1033,Mbaye Diagne,Forward,Senegal,1991-10-28,191,\N
1034,Mamadou Dialla Sylla,Midfielder,Spain,2003-01-26,179,\N
1035,Grady Diangana,Midfielder,England,1998-04-19,180,\N
1036,Alpha Richard Dionkou,Defender,Senegal,2001-10-10,183,\N
1037,Mikkel Diskerud,Midfielder,United States,1990-10-02,184,\N
1038,Barry Douglas,Defender,Scotland,1989-09-04,176,\N
1039,Jake Eastwood,Goalkeeper,England,1996-10-03,193,\N
1040,Ryan Edmondson,Forward,England,2001-05-20,188,\N
1041,Kyle Edwards,Midfielder,England,1998-02-17,172,\N
1042,John Egan,Defender,Ireland,1992-10-20,185,\N
1043,Elias Sørensen,Forward,Denmark,1999-09-18,\N,\N
1044,Ulrick Eneme-Ella,Forward,Gabon,2001-05-22,184,\N
1045,Fábio Carvalho,Midfielder,Portugal,2002-08-30,\N,\N
1046,Fabri,Goalkeeper,Spain,1987-12-31,184,\N
1047,Josh Felix-Eppiah,Forward,Belgium,1998-10-11,179,\N
1048,Nathan Ferguson,Defender,England,2000-10-06,178,74
1049,Federico Fernández,Defender,Argentina,1989-02-21,190,\N
1050,Sam Field,Midfielder,England,1998-05-08,191,\N
1051,John Fleck,Midfielder,Scotland,1991-08-24,170,\N
1052,Wes Foderingham,Goalkeeper,England,1991-01-14,185,\N
1053,Timothy Fosu-Mensah,Defender,Netherlands,1998-01-02,185,\N
1054,Juan Foyth,Defender,Argentina,1998-01-12,179,\N
1055,Tyrese Francois,Midfielder,Australia,2000-07-16,166,\N
1056,Luke Freeman,Midfielder,England,1992-03-22,181,\N
1057,Darnell Furlong,Defender,England,1995-10-31,183,\N
1058,Tony Gallacher,Defender,Scotland,1999-07-23,173,\N
1059,Taylor Gardner-Hickman,Defender,England,2001-12-30,\N,\N
1060,Paulo Gazzaniga,Goalkeeper,Argentina,1992-01-02,196,\N
1061,Gedson Fernandes,Midfielder,Portugal,1999-01-09,183,\N
1062,Kieran Gibbs,Defender,England,1989-09-26,181,\N
1063,Gonçalo Cardoso,Defender,Portugal,2000-10-21,189,\N
1064,Mace Goodridge,Midfielder,England,1999-09-13,180,\N
1065,John-Kymani Gordon,Forward,England,2003-02-13,\N,\N
1066,Robbie Gotts,Midfielder,England,1999-11-09,177,\N
1067,Sam Graham,Defender,England,2000-08-13,\N,\N
1068,Kamil Grosicki,Midfielder,Poland,1988-06-08,180,\N
1069,Jay-Roy Grot,Forward,Netherlands,1998-03-13,193,\N
1070,Antwoine Hackford,Forward,England,2004-03-20,\N,\N
1071,Sébastien Haller,Forward,Cote D’Ivoire,1994-06-22,190,\N
1072,Joseph Hardy,Forward,England,1998-09-26,170,\N
1073,George Harmon,Defender,England,2000-12-08,\N,\N
1074,Rekeem Harper,Midfielder,England,2000-03-08,188,\N
1075,Jayden Harris,Midfielder,England,1999-09-04,\N,\N
1076,Kaine Hayden,Midfielder,England,2003-05-25,\N,\N
1077,Michael Hector,Defender,Jamaica,1992-07-19,193,\N
1078,George Hirst,Forward,England,1999-02-15,191,\N
1079,Bryce Hosannah,Defender,England,1999-04-08,\N,\N
1080,Liam Hughes,Goalkeeper,Northern Ireland,2001-08-19,\N,\N
1081,Odion Ighalo,Forward,Nigeria,1989-06-16,181,\N
1082,Ryan Inniss,Defender,England,1995-06-05,196,\N
1083,Ivan Cavaleiro,Forward,Portugal,1993-10-18,175,\N
1084,Branislav Ivanovic,Defender,Serbia,1984-02-22,185,\N
1085,Phil Jagielka,Defender,England,1982-08-17,180,\N
1086,Sylvester Jasper,Forward,Bulgaria,2001-09-13,\N,\N
1087,Daniel Jebbison,Forward,England,2003-07-11,190,\N
1088,Lukas Jensen,Goalkeeper,Denmark,1999-03-18,198,\N
1089,Roberto Jiménez,Goalkeeper,Spain,1986-02-10,192,\N
1090,Stefan Johansen,Midfielder,Norway,1991-01-08,182,\N
1091,Darnell Johnson,Defender,England,1998-09-03,\N,\N
1092,Sam Johnstone,Goalkeeper,England,1993-03-25,193,85
1093,Jota,Midfielder,Spain,1991-06-16,180,\N
1094,Aboubakar Kamara,Forward,Mauritania,1995-03-07,177,\N
1095,Beram Kayal,Midfielder,Israel,1988-05-02,178,\N
1096,Neeskens Kebano,Midfielder,DR Congo,1992-03-10,170,65
1097,Cédric Kipré,Defender,Cote D’Ivoire,1996-12-09,193,\N
1098,Anthony Knockaert,Midfielder,France,1991-11-20,172,69
1099,Terence Kongolo,Defender,Netherlands,1994-02-14,188,\N
1100,Filip Krovinovic,Midfielder,Croatia,1995-08-29,175,\N
1101,Yasser Larouci,Defender,France,2001-01-01,176,\N
1102,Henry Lawrence,Defender,England,2001-09-21,\N,\N
1103,Valentino Lazaro,Defender,Austria,1996-03-24,180,\N
1104,Maxime Le Marchand,Defender,France,1989-10-11,185,\N
1105,Jonathan Leko,Forward,England,1999-04-24,182,\N
1106,George Lewis,Forward,Rwanda,2000-06-16,\N,\N
1107,Jake Livermore,Midfielder,England,1989-11-14,181,\N
1108,Ryan Longman,Forward,England,2000-11-06,180,\N
1109,Luis Longstaff,Midfielder,England,2001-02-24,168,\N
1110,Dejan Lovren,Defender,Croatia,1989-07-05,188,\N
1111,Max Lowe,Defender,England,1997-05-11,175,\N
1112,Luca Ashby-Hammond,Goalkeeper,England,2001-03-25,\N,\N
1113,John Lundstram,Midfielder,England,1994-02-18,181,\N
1114,Ian Maatsen,Defender,Netherlands,2002-03-10,167,\N
1115,Matt Macey,Goalkeeper,England,1994-09-09,205,\N
1116,Wanya Madavidua,Midfielder,England,\N,\N,\N
1117,Jacob Maddox,Midfielder,England,1998-11-03,179,\N
1118,Josh Maja,Forward,Nigeria,1998-12-27,180,\N
1119,George Marsh,Midfielder,England,1998-11-05,178,\N
1120,David Martin,Goalkeeper,England,1986-01-22,185,\N
1121,Matheus Pereira,Midfielder,Brazil,1996-05-05,175,\N
1122,Alfie Mawson,Defender,England,1994-01-19,189,\N
1123,Oliver McBurnie,Forward,Scotland,1996-06-04,188,\N
1124,Luke McCormick,Midfielder,England,1999-01-21,\N,\N
1125,Kevin McDonald,Midfielder,Scotland,1988-11-04,192,\N
1126,George McEachran,Midfielder,England,2000-08-30,172,\N
1127,David McGoldrick,Forward,Ireland,1987-11-29,183,\N
1128,Mark McGuinness,Defender,Ireland,2001-01-05,194,\N
1129,Zech Medley,Defender,England,2000-07-09,195,\N
1130,D'Mani Mellor,Forward,England,2000-09-20,180,\N
1131,Max Meyer,Midfielder,Germany,1995-09-18,173,\N
1132,Kamil Miazek,Goalkeeper,Poland,1996-08-15,192,\N
1133,Liam Millar,Forward,Canada,1999-09-27,176,\N
1134,Aleksandar Mitrovic,Forward,Serbia,1994-09-16,189,90
1135,Henrikh Mkhitaryan,Midfielder,Armenia,1989-01-21,177,\N
1136,Martín Montoya,Defender,Spain,1991-04-14,175,\N
1137,Simon Moore,Goalkeeper,England,1990-05-19,191,\N
1138,Aaron Mooy,Midfielder,Australia,1990-09-15,175,\N
1139,Lys Mousset,Forward,France,1996-02-08,184,\N
1140,Admiral Muskwe,Forward,Zimbabwe,1998-08-21,183,\N
1141,Shkodran Mustafi,Defender,Germany,1992-04-17,184,\N
1142,Iliman Ndiaye,Midfielder,Senegal,2000-03-06,180,\N
1143,Magnus Norman,Goalkeeper,England,1997-01-19,192,\N
1144,Rhys Norrington-Davies,Defender,Wales,1999-04-22,181,\N
1145,Oliver Norwood,Midfielder,Northern Ireland,1991-04-12,180,\N
1146,Jack O'Connell,Defender,England,1994-03-29,190,\N
1147,Warren O'Hora,Defender,Ireland,1999-04-19,\N,\N
1148,Matt O'Riley,Midfielder,Denmark,2000-11-21,\N,\N
1149,Dara O'Shea,Defender,Ireland,1999-03-04,188,\N
1150,Denis Odoi,Defender,Ghana,1988-05-27,178,\N
1151,Jubril Okedina,Defender,England,2000-10-26,\N,\N
1152,Ola Aina,Defender,Nigeria,1996-10-08,184,\N
1153,James Olayinka,Midfielder,England,2000-10-05,\N,\N
1154,Josh Onomah,Midfielder,England,1997-04-27,185,70
1155,Jerome Opoku,Defender,England,1998-10-14,194,\N
1156,Ben Osborn,Midfielder,England,1994-08-05,176,\N
1157,William Osula,Forward,Denmark,2003-08-04,\N,\N
1158,Nicolás Otamendi,Defender,Argentina,1988-02-12,183,\N
1159,Mesut Özil,Midfielder,Germany,1988-10-15,180,\N
1160,Sokratis Papastathopoulos,Defender,Greece,1988-06-09,186,\N
1161,Mario Pasalic,Midfielder,Croatia,1995-02-09,188,\N
1162,Pedro,Forward,Spain,1987-07-28,169,\N
1163,Lee Peltier,Defender,England,1986-12-11,178,\N
1164,Pepe Reina,Goalkeeper,Spain,1982-08-31,188,\N
1165,Brandon Pierrick,Forward,England,2001-12-10,182,\N
1166,Arnau Puigmal,Midfielder,Spain,2001-01-10,173,\N
1167,Sandro Ramírez,Forward,Spain,1995-07-09,175,\N
1168,Tim Ream,Defender,United States,1987-10-05,186,80
1169,Harrison Reed,Midfielder,England,1995-01-27,181,72
1170,Dominic Revan,Defender,England,2000-09-19,\N,\N
1171,Antonee Robinson,Defender,United States,1997-08-08,183,70
1172,Hal Robson-Kanu,Forward,Wales,1989-05-21,183,\N
1173,Marek Rodák,Goalkeeper,Slovakia,1996-12-13,194,81
1174,Jack Rodwell,Midfielder,England,1991-03-11,188,\N
1175,Marcos Rojo,Defender,Argentina,1990-03-20,186,\N
1176,Austin Samuels,Forward,England,2000-11-20,\N,\N
1177,Max Sanders,Midfielder,England,1999-01-04,175,\N
1178,Leroy Sané,Forward,Germany,1996-01-11,183,\N
1179,Romaine Sawyers,Midfielder,St. Kitts & Nevis,1991-11-02,175,\N
1180,Ezequiel Schelotto,Defender,Argentina,1989-05-23,187,\N
1181,Jean Michaël Seri,Midfielder,Cote D’Ivoire,1991-07-19,168,\N
1182,Femi Seriki,Defender,England,2002-04-28,183,\N
1183,Steven Sessegnon,Defender,England,2000-05-18,175,\N
1184,Billy Sharp,Forward,England,1986-02-05,175,\N
1185,Conor Shaughnessy,Midfielder,Ireland,1996-06-30,191,\N
1186,Saul Shotton,Defender,England,2000-11-10,184,\N
1187,Djibril Sidibé,Defender,France,1992-07-29,182,\N
1188,David Silva,Midfielder,Spain,1986-01-08,170,\N
1189,Regan Slater,Midfielder,England,1999-09-11,173,\N
1190,Islam Slimani,Forward,Algeria,1988-06-18,188,\N
1191,Chris Smalling,Defender,England,1989-11-22,194,\N
1192,Matt Smith,Midfielder,England,2000-10-05,176,\N
1193,Robert Snodgrass,Midfielder,Scotland,1987-09-07,182,\N
1194,Jamie Soule,Forward,England,2000-11-26,\N,\N
1195,Jack Spong,Midfielder,England,2002-02-04,\N,\N
1196,Jay Stansfield,Forward,England,2002-11-24,\N,\N
1197,Maarten Stekelenburg,Goalkeeper,Netherlands,1982-09-22,197,\N
1198,Raheem Sterling,Forward,England,1994-12-08,170,69
1199,Jordan Stevens,Midfielder,England,2000-03-25,178,\N
1200,Layton Stewart,Forward,England,2002-09-03,\N,\N
1201,Nikola Tavares,Defender,Croatia,1999-01-17,\N,\N
1202,Martell Taylor-Crossdale,Forward,England,1999-12-26,\N,\N
1203,Kenny Tete,Defender,Netherlands,1995-10-09,180,71
1204,Max Thompson,Forward,England,2002-02-09,\N,\N
1205,Rayhaan Tulloch,Forward,England,2001-01-20,178,\N
1206,Marco van Ginkel,Midfielder,Netherlands,1992-12-01,180,\N
1207,Michael Verrips,Goalkeeper,Netherlands,1996-12-03,195,\N
1208,Jan Vertonghen,Defender,Belgium,1987-04-24,189,\N
1209,Michel Vorm,Goalkeeper,Netherlands,1983-10-20,183,\N
1210,Neco Williams,Defender,Wales,2001-04-13,183,72
1211,Jack Wilshere,Midfielder,England,1992-01-01,172,\N
1212,Ben Winterbottom,Goalkeeper,England,2001-07-16,\N,\N
1213,DeAndre Yedlin,Defender,United States,1993-07-09,172,\N
1214,Okay Yokuslu,Midfielder,Turkey,1994-03-09,190,\N
1215,Maya Yoshida,Defender,Japan,1988-08-24,189,\N
1216,André-Frank Zambo Anguissa,Midfielder,Cameroon,1995-11-16,184,\N
1217,Richairo Zivkovic,Forward,Netherlands,1996-09-05,187,\N
1218,Kenneth Zohore,Forward,Denmark,1994-01-31,189,\N
1219,Albert Adomah,Midfielder,Ghana,1987-12-13,185,\N
1220,Daniel Adshead,Midfielder,England,2001-09-02,167,\N
1221,Benik Afobe,Forward,DR Congo,1993-02-12,183,\N
1222,Daniel Agyei,Forward,England,1997-06-01,183,\N
1223,Soufyan Ahannach,Midfielder,Netherlands,1995-09-09,179,\N
1224,Allan,Midfielder,Brazil,1997-03-03,175,\N
1225,Ibrahim Amadou,Midfielder,France,1993-04-06,183,\N
1226,Luke Amos,Midfielder,England,1997-02-23,179,\N
1227,Marko Arnautovic,Forward,Austria,1989-04-19,192,\N
1228,Daniel Arzani,Forward,Australia,1999-01-04,171,\N
1229,Benny Ashley-Seal,Forward,England,1998-11-21,\N,\N
1230,Daniel Atherton,Goalkeeper,England,1999-12-18,\N,\N
1231,Charlie Austin,Forward,England,1989-07-05,188,\N
1232,Owen Bailey,Defender,England,1999-01-22,\N,\N
1233,Ben Barclay,Defender,England,1996-10-07,187,\N
1234,Antonio Barreca,Defender,Italy,1995-03-18,183,\N
1235,Calvin Bassey,Defender,Nigeria,1999-12-31,185,\N
1236,Danny Batth,Defender,England,1990-09-21,191,\N
1237,Gavin Bazunu,Goalkeeper,Ireland,2002-02-20,189,79
1238,Yohan Benalouane,Defender,Tunisia,1987-03-28,185,\N
1239,Jayden Bennetts,Midfielder,England,2001-06-26,\N,\N
1240,Philip Billing,Midfielder,Denmark,1996-06-11,193,83
1241,Birkir Bjarnason,Midfielder,Iceland,1988-05-27,183,\N
1242,Joshua Bohui,Forward,England,1999-03-03,180,\N
1243,Gaëtan Bong,Defender,Cameroon,1988-04-25,187,\N
1244,Borja Bastón,Forward,Spain,1992-08-25,186,\N
1245,Artur Boruc,Goalkeeper,Poland,1980-02-20,193,\N
1246,James Bree,Defender,England,1997-12-11,172,\N
1247,Miguel Britos,Defender,Uruguay,1985-07-17,188,\N
1248,David Brooks,Midfielder,Wales,1997-07-08,173,62
1249,Isaiah Brown,Midfielder,England,1997-01-07,182,\N
1250,Bruno,Defender,Spain,1980-10-01,181,\N
1251,Kean Bryan,Defender,England,1996-11-01,185,\N
1252,Marcin Bulka,Goalkeeper,Poland,1999-10-04,199,\N
1253,Mark Bunn,Goalkeeper,England,1984-11-16,183,\N
1254,Rocky Bushiri,Defender,Belgium,1999-11-30,186,\N
1255,Matt Butcher,Midfielder,England,1997-05-14,188,\N
1256,Jack Bycroft,Goalkeeper,England,2001-09-21,\N,\N
1257,Víctor Camarasa,Midfielder,Spain,1994-05-28,183,\N
1258,Brennan Camp,Defender,Scotland,2000-10-12,\N,\N
1259,Etienne Capoue,Midfielder,France,1988-07-11,189,\N
1260,Tom Carroll,Midfielder,England,1992-05-28,177,\N
1261,Samir Carruthers,Midfielder,Ireland,1993-04-04,173,\N
1262,Petr Cech,Goalkeeper,Czech Republic,1982-05-20,196,\N
1263,James Chester,Defender,Wales,1989-01-23,180,\N
1264,Chicharito,Forward,Mexico,1988-06-01,175,\N
1265,Pedro Chirivella,Midfielder,Spain,1997-05-23,178,\N
1266,Isaac Christie-Davies,Midfielder,Wales,1997-10-18,188,\N
1267,Mitchell Clark,Defender,Wales,1999-03-13,\N,\N
1268,Matt Clarke,Defender,England,1996-09-22,185,83
1269,Jordy Clasie,Midfielder,Netherlands,1991-06-27,169,\N
1270,Jack Colback,Midfielder,England,1989-10-24,177,77
1271,Will Collar,Midfielder,England,1997-02-03,181,\N
1272,Steve Cook,Defender,England,1991-04-19,185,82
1273,Paul Coutts,Midfielder,Scotland,1988-07-22,183,\N
1274,Martin Cranie,Defender,England,1986-09-26,183,\N
1275,Aaron Cresswell,Defender,England,1989-12-15,170,66
1276,Andrew Crofts,Midfielder,Wales,1984-05-29,175,\N
1277,Peter Crouch,Forward,England,1981-01-30,201,\N
1278,Cuco Martina,Defender,Curacao,1989-09-25,185,\N
1279,James Daly,Forward,England,2000-01-12,\N,\N
1280,Charlie Daniels,Defender,England,1986-09-07,178,\N
1281,Danilo,Defender,Brazil,1991-07-15,184,\N
1282,Arnaut Danjuma,Forward,Netherlands,1997-01-31,178,\N
1283,Matteo Darmian,Defender,Italy,1989-12-02,182,\N
1284,Archie Davies,Defender,England,1998-10-07,\N,\N
1285,Jonathan De Bie,Goalkeeper,Belgium,2000-05-28,\N,\N
1286,Jermain Defoe,Forward,England,1982-10-07,171,\N
1287,Steven Defour,Midfielder,Belgium,1988-04-15,173,\N
1288,Mousa Dembélé,Midfielder,Belgium,1987-07-16,185,\N
1289,Jason Denayer,Defender,Belgium,1995-06-28,184,\N
1290,Leander Dendoncker,Midfielder,Belgium,1995-04-15,188,83
1291,Will Dennis,Goalkeeper,England,2000-07-10,\N,\N
1292,Gerard Deulofeu,Forward,Spain,1994-03-13,177,\N
1293,Mohamed Diamé,Midfielder,Senegal,1987-06-14,184,\N
1294,Brahim Díaz,Midfielder,Spain,1999-08-03,171,\N
1295,Mihai-Alexandru Dobre,Midfielder,Romania,1998-08-30,185,\N
1296,Jake Doyle-Hayes,Midfielder,Ireland,1998-12-30,\N,\N
1297,Luke Dreher,Midfielder,England,1998-11-27,184,\N
1298,Ondrej Duda,Midfielder,Slovakia,1994-12-05,181,\N
1299,Bobby Duncan,Forward,England,2001-06-26,\N,\N
1300,Ovie Ejaria,Midfielder,England,1997-11-18,183,\N
1301,Callum Elder,Defender,Australia,1995-01-27,180,\N
1302,Tommy Elphick,Defender,England,1987-09-07,180,\N
1303,Niall Ennis,Forward,England,1999-05-20,180,\N
1304,Bright Enobakhare,Forward,Nigeria,1998-02-08,178,\N
1305,Cesc Fàbregas,Midfielder,Spain,1987-05-04,180,\N
1306,Ralf Fährmann,Goalkeeper,Germany,1988-09-27,197,\N
1307,Marouane Fellaini,Midfielder,Belgium,1987-11-22,194,\N
1308,Edimilson Fernandes,Midfielder,Switzerland,1996-04-15,187,\N
1309,Jake Flannigan,Midfielder,England,1996-02-02,180,\N
1310,Flávio Cristóvão,Defender,Portugal,1997-05-23,185,\N
1311,Dimitri Foulquier,Defender,Guadeloupe,1993-03-23,183,\N
1312,Simon Francis,Defender,England,1985-02-16,183,\N
1313,Marcel Franke,Defender,Germany,1993-04-05,193,\N
1314,Kieron Freeman,Defender,Wales,1992-03-21,178,\N
1315,Manolo Gabbiadini,Forward,Italy,1991-11-26,181,\N
1316,Luke Garbutt,Defender,England,1993-05-21,179,\N
1317,Brooklyn Genesini,Defender,England,2001-12-12,\N,\N
1318,Anthony Georgiou,Midfielder,Cyprus,1997-02-24,179,\N
1319,Paul Gladon,Forward,Netherlands,1992-03-18,188,\N
1320,Paul Glatzel,Forward,England,2001-02-20,\N,\N
1321,Andre Green,Forward,England,1998-07-26,180,\N
1322,Mason Greenwood,Forward,England,2001-10-01,181,\N
1323,Daniel Grimshaw,Goalkeeper,England,1998-01-16,185,\N
1324,Idrissa Gueye,Midfielder,Senegal,1989-09-26,174,66
1325,Sead Haksabanovic,Midfielder,Montenegro,1999-05-04,173,\N
1326,Ethan Hamilton,Midfielder,Scotland,1998-10-18,187,\N
1327,Nathan Harker,Goalkeeper,England,1998-11-05,\N,\N
1328,Tomer Hemed,Forward,Israel,1987-05-02,186,\N
1329,Ben Heneghan,Defender,England,1993-09-19,191,\N
1330,Rushian Hepburn-Murphy,Forward,England,1998-08-28,173,\N
1331,Ander Herrera,Midfielder,Spain,1989-08-14,182,\N
1332,Jake Hesketh,Midfielder,England,1996-03-27,168,\N
1333,Heurelho Gomes,Goalkeeper,Brazil,1981-02-15,191,\N
1334,Mateusz Hewelt,Goalkeeper,Poland,1996-09-23,186,\N
1335,Gonzalo Higuaín,Forward,Argentina,1987-12-10,186,\N
1336,Kaylen Hinds,Forward,England,1998-01-28,179,\N
1337,Scott Hogan,Forward,Ireland,1992-04-13,180,\N
1338,José Holebas,Defender,Greece,1984-06-27,184,\N
1339,Ricky Holmes,Midfielder,England,1987-06-19,173,\N
1340,Nathaniel Shio Hong Wan,Midfielder,England,\N,\N,\N
1341,Jordan Hugill,Forward,England,1992-06-04,183,\N
1342,Cameron Humphreys,Defender,England,1998-08-22,185,\N
1343,James Husband,Defender,England,1994-01-03,179,\N
1344,Alan Hutton,Defender,Scotland,1984-11-30,185,\N
1345,Jordon Ibe,Midfielder,England,1995-12-08,176,\N
1346,Vicente Iborra,Midfielder,Spain,1988-01-16,190,\N
1347,Daniel Iversen,Goalkeeper,Denmark,1997-07-19,193,80
1348,Ivo Pinto,Defender,Portugal,1990-01-07,182,\N
1349,Andi Janjeva,Defender,Kosovo,2002-10-11,\N,\N
1350,Daryl Janmaat,Defender,Netherlands,1989-07-22,185,\N
1351,Vincent Janssen,Forward,Netherlands,1994-06-15,184,\N
1352,Mile Jedinak,Midfielder,Australia,1984-08-03,189,\N
1353,Carl Jenkinson,Defender,England,1992-02-08,185,\N
1354,Jiang Guangtai,Defender,China,1994-05-27,181,\N
1355,Joel Pereira,Goalkeeper,Portugal,1996-06-28,188,\N
1356,Viktor Johansson,Goalkeeper,Sweden,1998-09-14,186,\N
1357,George Johnston,Defender,Scotland,1998-09-01,181,\N
1358,Corey Jordan,Defender,England,1999-03-04,185,\N
1359,Joselu,Forward,Spain,1990-03-27,192,\N
1360,Younes Kaboul,Defender,France,1986-01-04,193,\N
1361,Sullay Kaikai,Forward,Sierra Leone,1995-08-26,182,\N
1362,Tomás Kalas,Defender,Czech Republic,1993-05-15,183,\N
1363,Herbie Kane,Midfielder,England,1998-11-23,177,\N
1364,Bartosz Kapustka,Midfielder,Poland,1996-12-23,179,\N
1365,Peter Keen,Goalkeeper,England,1976-11-16,183,\N
1366,Lloyd Kelly,Defender,England,1998-10-06,178,70
1367,Daniel Kemp,Midfielder,England,1999-01-11,\N,\N
1368,Ryan Kent,Forward,England,1996-11-11,172,\N
1369,Ki Sung-Yeung,Midfielder,South Korea,1989-01-24,189,\N
1370,Gavin Kilkenny,Midfielder,Ireland,2000-02-01,170,\N
1371,Christoph Klarer,Midfielder,Austria,2000-06-14,191,\N
1372,Ragnar Klavan,Defender,Estonia,1985-10-30,187,\N
1373,Jonathan Kodjia,Forward,Cote D’Ivoire,1989-10-22,191,\N
1374,Vincent Kompany,Defender,Belgium,1986-04-10,193,\N
1375,Laurent Koscielny,Defender,France,1985-09-10,186,\N
1376,Daniel Lafferty,Defender,Northern Ireland,1989-05-18,180,\N
1377,Caolan Lavery,Forward,Northern Ireland,1992-10-22,180,\N
1378,Adam Leathers,Midfielder,England,2001-11-14,189,\N
1379,Adam Legzdins,Goalkeeper,England,1986-11-28,190,\N
1380,Moritz Leitner,Midfielder,Germany,1992-12-08,174,\N
1381,Léo Bonatini,Forward,Brazil,1994-03-28,185,80
1382,Jefferson Lerma,Midfielder,Colombia,1994-10-25,179,70
1383,Stephan Lichtsteiner,Defender,Switzerland,1984-01-16,182,\N
1384,Anders Lindegaard,Goalkeeper,Denmark,1984-04-13,193,\N
1385,Fernando Llorente,Forward,Spain,1985-02-26,193,\N
1386,Lucas Perri,Goalkeeper,Brazil,1997-12-10,194,\N
1387,Lucas Piazón,Midfielder,Brazil,1994-01-20,182,\N
1388,Dodi Lukébakio,Forward,Belgium,1997-09-24,187,\N
1389,Gary Madine,Forward,England,1990-08-24,193,\N
1390,Connor Mahoney,Midfielder,England,1997-02-12,175,\N
1391,Archie Mair,Goalkeeper,Scotland,2001-02-10,198,\N
1392,Eliaquim Mangala,Defender,France,1991-02-13,188,\N
1393,Adrian Mariappa,Defender,Jamaica,1986-10-03,180,\N
1394,Lazar Markovic,Midfielder,Serbia,1994-03-02,175,\N
1395,Ben Marshall,Midfielder,England,1991-03-29,183,\N
1396,Joe Mason,Forward,England,1991-05-13,178,\N
1397,Mason Bloomfield,Forward,England,1996-11-04,191,\N
1398,Ntumba Massanka,Midfielder,England,1996-11-30,191,\N
1399,Luke Matheson,Defender,England,2002-10-03,\N,\N
1400,Ross McCormack,Forward,Scotland,1986-08-18,175,\N
1401,Giovanni McGregor,Midfielder,England,1999-01-09,\N,\N
1402,Harry McKirdy,Forward,England,1997-03-29,175,\N
1403,Sam McQueen,Defender,England,1995-02-06,180,\N
1404,Nampalys Mendy,Midfielder,Senegal,1992-06-23,167,73
1405,Chris Mepham,Defender,Wales,1997-11-05,191,84
1406,Simon Mignolet,Goalkeeper,Belgium,1988-03-06,193,\N
1407,Kevin Mirallas,Forward,Belgium,1987-10-05,182,\N
1408,Elliott Moore,Defender,England,1997-03-16,\N,\N
1409,Álvaro Morata,Forward,Spain,1992-10-23,190,\N
1410,Alberto Moreno,Defender,Spain,1992-07-05,171,\N
1411,Ravel Morrison,Midfielder,Jamaica,1993-02-02,175,\N
1412,Jordon Mutch,Midfielder,England,1991-12-02,188,\N
1413,Nacho Monreal,Defender,Spain,1986-02-26,179,\N
1414,Samir Nasri,Midfielder,France,1987-06-26,175,\N
1415,Layton Ndukwu,Forward,England,1998-09-07,177,\N
1416,Nélson Oliveira,Forward,Portugal,1991-08-08,186,\N
1417,Oumar Niasse,Forward,Senegal,1990-04-18,182,\N
1418,Georges-Kévin Nkoudou,Midfielder,Cameroon,1995-02-13,172,\N
1419,Lukas Nmecha,Forward,Germany,1998-12-14,185,\N
1420,Kornelius Normann Hansen,Midfielder,Norway,2001-05-06,175,\N
1421,James Norris,Defender,England,2003-04-04,\N,\N
1422,Thomas O'Connor,Midfielder,Ireland,1999-04-21,\N,\N
1423,Aaron O'Driscoll,Defender,Ireland,1999-04-04,188,\N
1424,Kieran O'Hara,Goalkeeper,Ireland,1996-04-22,191,\N
1425,Callum O'Hare,Midfielder,England,1998-05-01,175,\N
1426,Aiden O'Neill,Midfielder,Australia,1998-07-04,178,\N
1427,Pedro Obiang,Midfielder,Equatorial Guinea,1992-03-27,185,\N
1428,Nnamdi Ofoborh,Midfielder,Nigeria,1999-11-07,175,\N
1429,Stefano Okaka,Forward,Italy,1989-08-09,186,\N
1430,Shinji Okazaki,Forward,Japan,1986-04-16,174,\N
1431,Oludare Olufunwa,Defender,England,2001-07-29,\N,\N
1432,Henry Onyekuru,Forward,Nigeria,1997-06-05,175,\N
1433,David Ospina,Goalkeeper,Colombia,1988-08-31,183,\N
1434,Reece Oxford,Defender,England,1998-12-16,193,\N
1435,Kasey Palmer,Midfielder,Jamaica,1996-11-09,175,\N
1436,David Parkhouse,Forward,Northern Ireland,1999-10-24,185,\N
1437,Felix Passlack,Midfielder,Germany,1998-05-29,170,\N
1438,Alfie Payne,Midfielder,England,1999-10-07,\N,\N
1439,Terell Pennant,Midfielder,England,2002-09-14,\N,\N
1440,Matthew Pennington,Defender,England,1994-10-06,185,\N
1441,Roberto Pereyra,Midfielder,Argentina,1991-01-07,182,\N
1442,Nathaniel Phillips,Defender,England,1997-03-21,190,\N
1443,Julio Pleguezuelo,Defender,Spain,1997-01-26,180,\N
1444,Pote,Midfielder,Portugal,1998-06-28,173,\N
1445,Joe Powell,Midfielder,England,1998-10-30,178,\N
1446,Sebastian Prödl,Defender,Austria,1987-06-21,194,\N
1447,Marc Pugh,Midfielder,England,1987-04-02,180,\N
1448,Jason David Ian Puncheon,Midfielder,England,1986-06-18,173,\N
1449,Bojan Radulovic,Forward,Serbia,1999-12-29,191,\N
1450,Rafael Camacho,Midfielder,Portugal,2000-05-22,175,\N
1451,Sean Raggett,Defender,England,1993-04-17,181,\N
1452,Largie Ramazani,Forward,Belgium,2001-02-27,167,\N
1453,Aaron Ramsey,Midfielder,Wales,1990-12-26,178,\N
1454,Panagiotis Retsos,Defender,Greece,1998-08-09,186,\N
1455,Jordan Rhodes,Forward,Scotland,1990-02-05,185,\N
1456,Diego Rico,Defender,Spain,1993-02-23,180,\N
1457,Callum Robinson,Forward,Ireland,1995-02-02,178,\N
1458,Roderick Miranda,Defender,Portugal,1991-03-30,191,\N
1459,Jack Roles,Midfielder,Cyprus,1999-02-26,\N,\N
1460,Will Russ,Forward,Wales,2002-11-08,\N,\N
1461,Bakary Sako,Midfielder,Mali,1988-04-26,183,\N
1462,Ismaïla Sarr,Forward,Senegal,1998-02-25,185,\N
1463,Christian Saydee,Forward,England,2002-05-10,184,\N
1464,Morgan Schneiderlin,Midfielder,France,1989-11-08,181,\N
1465,Joel Senior,Defender,England,1999-06-24,181,\N
1466,Sam Sherring,Defender,England,2000-05-08,\N,\N
1467,Jack Simpson,Defender,England,1996-12-18,178,\N
1468,Josh Sims,Midfielder,England,1997-03-28,174,\N
1469,Jerome Sinclair,Forward,England,1996-09-20,173,\N
1470,Callum Slattery,Midfielder,England,1999-02-08,175,\N
1471,Dominic Solanke,Forward,England,1997-09-14,187,80
1472,Pape Souaré,Defender,Senegal,1990-06-06,178,\N
1473,Bayli Spencer-Adams,Defender,Guyana,2001-06-26,\N,\N
1474,Julian Speroni,Goalkeeper,Argentina,1979-05-18,186,\N
1475,Dennis Srbeny,Forward,Germany,1994-05-05,189,\N
1476,Jack Stacey,Defender,England,1996-04-06,180,62
1477,Junior Stanislas,Midfielder,England,1989-11-26,183,76
1478,Richard Stearman,Defender,England,1987-08-19,191,\N
1479,Michael Stensgaard,Goalkeeper,Denmark,1974-09-01,188,\N
1480,Jamie Sterry,Defender,England,1995-11-21,180,\N
1481,Enda Stevens,Defender,Ireland,1990-07-09,183,\N
1482,Daniel Sturridge,Forward,England,1989-09-01,188,\N
1483,Denis Suárez,Midfielder,Spain,1994-01-06,176,\N
1484,Andrew Surman,Midfielder,England,1986-08-20,178,\N
1485,Sam Surridge,Forward,England,1998-07-28,191,77
1486,Markus Suttner,Defender,Austria,1987-04-16,179,\N
1487,Alexander Sørloth,Forward,Norway,1995-12-05,195,\N
1488,Shani Tarashaj,Forward,Switzerland,1995-02-07,176,\N
1489,Alexander Tettey,Midfielder,Norway,1986-04-04,180,\N
1490,Timi Odusina,Defender,England,1999-10-28,\N,\N
1491,Toni Martínez,Forward,Spain,1997-06-30,180,\N
1492,Adama Traoré,Forward,Spain,1996-01-25,178,86
1493,Mark Travers,Goalkeeper,Ireland,1999-05-18,191,82
1494,Aaron Tshibola,Midfielder,DR Congo,1995-01-02,190,\N
1495,Joe Tupper,Goalkeeper,England,1997-11-15,\N,\N
1496,Leonardo Ulloa,Forward,Argentina,1986-07-26,188,\N
1497,Antonio Valencia,Defender,Ecuador,1985-08-04,180,\N
1498,Jesús Vallejo,Defender,Spain,1997-01-05,184,\N
1499,Sam Vokes,Forward,Wales,1989-10-21,186,\N
1500,Kyle Walker,Defender,England,1990-05-28,178,70
1501,Jonathan Walters,Forward,Ireland,1983-09-20,183,\N
1502,Victor Wanyama,Midfielder,Kenya,1991-06-25,188,\N
1503,Stephen Ward,Defender,Ireland,1985-08-20,184,\N
1504,Conor Washington,Forward,Northern Ireland,1992-05-18,178,\N
1505,Elliot Watt,Midfielder,Scotland,2000-03-11,175,\N
1506,Kelland Watts,Defender,England,1999-11-03,192,\N
1507,Nahki Wells,Forward,Bermuda,1990-06-01,170,\N
1508,Glenn Whelan,Midfielder,Ireland,1984-01-13,180,\N
1509,Yanic-Sonny Wildschut,Forward,Suriname,1991-11-01,187,\N
1510,Jetro Willems,Defender,Netherlands,1994-03-30,169,\N
1511,Jonathan Williams,Midfielder,Wales,1993-10-09,168,\N
1512,Callum Wilson,Forward,England,1992-02-27,180,66
1513,Henry Wise,Midfielder,England,2000-01-01,174,\N
1514,Ashley Young,Defender,England,1985-07-09,175,65
1515,Pablo Zabaleta,Defender,Argentina,1985-01-16,176,\N
1516,Marvin Zeegelaar,Defender,Netherlands,1990-08-12,186,\N
1517,Jordan Zemura,Defender,Zimbabwe,1999-11-14,173,\N
1518,Nabili Zoubdi Touaizi,Forward,Morocco,2001-02-01,183,\N
1519,Chuba Akpom,Forward,England,1995-10-09,183,\N
1520,Alfie Jones,Defender,England,1997-10-07,191,\N
1521,Paulo Alves,Midfielder,Portugal,1997-12-25,176,\N
1522,Floyd Ayité,Midfielder,Togo,1988-12-15,175,\N
1523,Ryan Babel,Forward,Netherlands,1986-12-19,185,\N
1524,Leandro Bacuna,Midfielder,Curacao,1991-08-21,187,\N
1525,Sam Baldock,Forward,England,1989-03-15,170,\N
1526,Leon Balogun,Defender,Nigeria,1988-06-28,190,\N
1527,Sol Bamba,Defender,Cote D’Ivoire,1985-01-13,190,\N
1528,Connor Barrett,Defender,England,2002-03-01,\N,\N
1529,Joe Bennett,Defender,England,1990-03-28,183,\N
1530,Daley Blind,Defender,Netherlands,1990-03-09,180,\N
1531,Jack Bodenham,Defender,Wales,1999-09-29,\N,\N
1532,Jérémie Boga,Forward,Cote D’Ivoire,1997-01-03,172,\N
1533,Ádám Bogdán,Goalkeeper,Hungary,1987-09-27,193,\N
1534,Omar Bogle,Forward,England,1992-07-26,187,\N
1535,Brad Smith,Defender,Australia,1994-04-09,178,\N
1536,Brian Murphy,Goalkeeper,Ireland,1983-05-07,183,\N
1537,Ciaron Brown,Defender,Northern Ireland,1998-01-14,185,\N
1538,Craig Bryson,Midfielder,Scotland,1986-11-06,170,\N
1539,Harry Burgoyne,Goalkeeper,England,1996-12-28,195,\N
1540,Reece Burke,Defender,England,1996-09-02,189,\N
1541,Yohan Cabaye,Midfielder,France,1986-01-14,174,\N
1542,Lee Camp,Goalkeeper,Northern Ireland,1984-08-22,183,\N
1543,Emre Can,Midfielder,Germany,1994-01-12,186,\N
1544,Baily Cargill,Defender,England,1995-07-05,189,\N
1545,Michael Carrick,Midfielder,England,1981-07-28,188,\N
1546,Chris Löwe,Defender,Germany,1989-04-16,175,\N
1547,Ibrahima Cissé,Midfielder,Guinea,1994-02-28,184,\N
1548,Bradley Collins,Goalkeeper,England,1997-02-18,184,\N
1549,Thibaut Courtois,Goalkeeper,Belgium,1992-05-11,200,\N
1550,Cameron Coxe,Defender,Wales,1998-12-18,185,\N
1551,Cristián Cuevas,Defender,Chile,1995-04-02,173,\N
1552,Loïc Damour,Midfielder,France,1991-01-08,180,\N
1553,Steven Davis,Midfielder,Northern Ireland,1985-01-01,173,\N
1554,Damien Delaney,Defender,Ireland,1981-07-20,191,\N
1555,Alex Denny,Midfielder,England,2000-04-12,186,\N
1556,Laurent Depoitre,Forward,Belgium,1988-12-07,191,\N
1557,Sylvain Deslandes,Defender,France,1997-04-25,178,\N
1558,Adama Diakhaby,Forward,France,1996-07-05,184,\N
1559,Diego Cavalieri,Goalkeeper,Brazil,1982-12-01,189,\N
1560,Brice Dja Djédjé,Defender,Cote D’Ivoire,1990-12-23,170,\N
1561,Vlad Dragomir,Midfielder,Romania,1999-04-24,178,\N
1562,Aleksandar Dragovic,Defender,Austria,1991-03-06,186,\N
1563,Demeaco Duhaney,Defender,England,1998-10-13,180,\N
1564,Stephen Duke-McKenna,Midfielder,Guyana,2000-08-17,\N,\N
1565,Erik Durm,Defender,Germany,1992-05-12,182,\N
1566,Ethan Ebanks-Landell,Defender,England,1992-12-16,188,\N
1567,Bruno Ecuele Manga,Defender,Gabon,1988-07-16,186,\N
1568,Rarmani Edmonds-Green,Defender,England,1999-01-14,\N,\N
1569,Eduardo,Goalkeeper,Portugal,1982-09-19,187,\N
1570,Tayo Edun,Midfielder,England,1998-05-14,170,\N
1571,Neil Etheridge,Goalkeeper,Philippines,1990-02-07,188,\N
1572,Patrice Evra,Defender,France,1981-05-15,174,\N
1573,Adam Federici,Goalkeeper,Australia,1985-01-31,188,\N
1574,Liam Feeney,Midfielder,England,1986-04-28,183,\N
1575,Jon Flanagan,Defender,England,1993-01-01,181,\N
1576,Michael Folivi,Forward,England,1998-02-25,180,\N
1577,Marlon Fossey,Defender,United States,1998-09-09,180,\N
1578,Sam Gallagher,Forward,England,1995-09-15,194,\N
1579,Aleix García,Midfielder,Spain,1997-06-28,173,\N
1580,Benjamín Garré,Midfielder,Argentina,2000-07-11,172,\N
1581,Charlie Gilmour,Midfielder,Scotland,1999-02-11,171,\N
1582,Connor Goldson,Defender,England,1992-12-18,191,\N
1583,Anthony Gordon,Forward,England,2001-02-24,\N,\N
1584,Jon Gorenc Stankovic,Defender,Slovenia,1996-01-14,190,\N
1585,Frédéric Gounongbe,Forward,Benin,1988-05-01,191,\N
1586,Lewis Grabban,Forward,England,1988-01-12,183,\N
1587,Jordan Graham,Midfielder,England,1995-03-05,182,\N
1588,Karlan Grant,Forward,England,1997-09-18,180,\N
1589,Robert Green,Goalkeeper,England,1980-01-18,187,\N
1590,Greg Cunningham,Defender,Ireland,1991-01-31,183,\N
1591,Aron Gunnarsson,Midfielder,Iceland,1989-04-22,178,\N
1592,Florent Hadergjonaj,Defender,Kosovo,1994-07-31,182,\N
1593,Massadio Haïdara,Defender,Mali,1992-12-02,179,\N
1594,Gregory Halford,Defender,England,1984-12-08,193,\N
1595,Ben Hamer,Goalkeeper,England,1987-11-20,192,\N
1596,Kadeem Harris,Midfielder,England,1993-06-08,175,\N
1597,Isaac Hayden,Midfielder,England,1995-03-22,185,\N
1598,Eden Hazard,Forward,Belgium,1991-01-07,175,\N
1599,Rhys Healey,Forward,England,1994-12-06,180,\N
1600,Michael Hefele,Defender,Germany,1990-09-01,192,\N
1601,Jordan Henderson,Midfielder,England,1990-06-17,182,67
1602,Dion Henry,Goalkeeper,England,1997-09-12,180,\N
1603,Jordy Hiwula-Mayifuila,Forward,England,1994-09-21,178,\N
1604,Shaun Hobson,Defender,England,1998-06-29,\N,\N
1605,Jonathan Hogg,Midfielder,England,1988-12-06,170,\N
1606,Junior Hoilett,Midfielder,Canada,1990-06-05,173,\N
1607,Tareiq Holmes-Dennis,Defender,England,1995-10-31,175,\N
1608,Fraser Hornby,Forward,Scotland,1999-09-13,195,\N
1609,Sam Hughes,Defender,England,1997-04-15,\N,\N
1610,Lloyd Humphries,Midfielder,Wales,1997-10-03,\N,\N
1611,Uwe Hünemeier,Defender,Germany,1986-01-09,189,\N
1612,Des Hutchinson,Midfielder,Ireland,1996-12-05,\N,\N
1613,Robert Huth,Defender,Germany,1984-08-18,191,\N
1614,Emerson Hyndman,Midfielder,United States,1996-04-09,170,\N
1615,Carl Ikeme,Goalkeeper,Nigeria,1986-06-08,188,\N
1616,Dejan Iliev,Goalkeeper,North Macedonia,1995-02-25,195,\N
1617,Rohan Ince,Midfielder,England,1992-11-08,191,\N
1618,Ben Jackson,Defender,England,2001-02-22,\N,\N
1619,Matty James,Midfielder,England,1991-07-22,181,\N
1620,Moritz Jenz,Defender,Germany,1999-04-30,190,\N
1621,Jesús Gámez,Defender,Spain,1985-04-10,177,\N
1622,João Mário,Midfielder,Portugal,1993-01-19,179,\N
1623,Declan John,Defender,Wales,1995-06-30,178,\N
1624,Jonathan Dinzeyi,Defender,England,1999-10-13,\N,\N
1625,Juninho Bacuna,Midfielder,Curacao,1997-08-07,178,\N
1626,Elias Kachunga,Forward,DR Congo,1992-04-22,178,\N
1627,Mattias Käit,Midfielder,Estonia,1998-06-29,186,\N
1628,Orestis Karnezis,Goalkeeper,Greece,1985-07-11,189,\N
1629,Olarenwaju Kayode,Forward,Nigeria,1993-05-08,176,\N
1630,Matthew Kennedy,Defender,Northern Ireland,1994-11-01,175,\N
1631,Davy Klaassen,Midfielder,Netherlands,1993-02-21,179,\N
1632,Shayne Lavery,Forward,Northern Ireland,1998-12-08,\N,\N
1633,Lee Chung-Yong,Midfielder,South Korea,1988-07-02,180,\N
1634,Harry Lewis,Goalkeeper,England,1997-12-20,191,\N
1635,Jason Lokilo,Midfielder,DR Congo,1998-09-17,175,\N
1636,Levi Lumeka,Forward,England,1998-09-05,170,\N
1637,Niki Mäenpää,Goalkeeper,Finland,1985-01-23,190,\N
1638,Pablo Maffeo,Defender,Spain,1997-07-12,172,\N
1639,Moses Makasi,Midfielder,England,1995-09-22,\N,\N
1640,Scott Malone,Defender,England,1991-03-25,189,\N
1641,Marcelo Djaló,Defender,Guinea-Bissau,1993-10-08,193,\N
1642,Dean Marney,Midfielder,England,1984-01-31,183,\N
1643,Brandon Mason,Defender,England,1997-09-30,173,\N
1644,Conor Masterson,Defender,Ireland,1998-09-08,\N,\N
1645,Rabbi Matondo,Forward,Wales,2000-09-09,175,\N
1646,Chancel Mbemba,Defender,DR Congo,1994-08-08,182,\N
1647,Isaac Mbenza,Forward,Belgium,1996-03-08,187,\N
1648,Allan McGregor,Goalkeeper,Scotland,1982-01-31,183,\N
1649,Ibrahim Meite,Forward,England,1996-07-29,188,\N
1650,Nathaniel Mendez-Laing,Midfielder,England,1992-04-15,180,\N
1651,Mikel Merino,Midfielder,Spain,1996-06-22,188,\N
1652,Per Mertesacker,Defender,Germany,1984-09-29,198,\N
1653,Demetri Mitchell,Defender,England,1997-01-11,181,\N
1654,Ramiro Mori,Defender,Argentina,1991-03-05,186,\N
1655,Sean Morrison,Defender,England,1991-01-08,193,\N
1656,Steve Mounié,Forward,Benin,1994-09-29,190,\N
1657,Joy Mukena,Defender,England,1999-07-03,\N,\N
1658,Josh Murphy,Midfielder,England,1995-02-24,173,\N
1659,Ahmed Musa,Forward,Nigeria,1992-10-14,171,\N
1660,Alfred N'Diaye,Midfielder,Senegal,1990-03-06,193,\N
1661,Mikael Ndjoli,Forward,England,1998-12-16,183,\N
1662,Didier Ndong,Midfielder,Gabon,1994-06-17,179,\N
1663,Vashon Neufville,Defender,England,1999-07-18,173,\N
1664,Håvard Nordtveit,Defender,Norway,1990-06-21,188,\N
1665,Lewis O'Brien,Midfielder,England,1998-10-14,173,63
1666,Stuart O'Keefe,Midfielder,England,1991-03-04,173,\N
1667,Tashan Oakley-Boothe,Midfielder,England,2000-02-14,182,\N
1668,Phil Ofosu-Ayeh,Defender,Ghana,1991-09-15,181,\N
1669,Nathanael Ogbeta,Defender,England,2001-04-28,\N,\N
1670,Prince Alban Oniangué,Midfielder,Congo,1988-11-04,190,\N
1671,Jordi Osei-Tutu,Defender,England,1998-10-02,176,\N
1672,Costel Pantilimon,Goalkeeper,Romania,1987-02-01,203,\N
1673,Josh Pask,Defender,England,1997-11-01,187,\N
1674,Callum Paterson,Forward,Scotland,1994-10-13,183,\N
1675,Jack Payne,Midfielder,England,1994-10-25,165,\N
1676,Pedro Pereira,Midfielder,Portugal,1998-06-28,173,\N
1677,Lucas Pérez,Forward,Spain,1988-09-10,180,\N
1678,Jérémy Pied,Defender,France,1989-02-23,174,\N
1679,Anthony Pilkington,Midfielder,Ireland,1988-06-06,180,\N
1680,Alex Pritchard,Midfielder,England,1993-05-03,171,\N
1681,Collin Quaner,Forward,Germany,1991-06-18,191,\N
1682,Erdal Rakip,Midfielder,North Macedonia,1996-02-13,180,\N
1683,Joe Ralls,Midfielder,England,1993-10-12,183,\N
1684,Ramadan Sobhi,Midfielder,Egypt,1997-01-23,189,\N
1685,Jeff Reine-Adélaïde,Midfielder,France,1998-01-17,183,\N
1686,Jazz Richards,Defender,Wales,1991-04-12,185,\N
1687,Patrick Roberts,Midfielder,England,1997-02-05,168,\N
1688,Joel Robles,Goalkeeper,Spain,1990-06-17,195,78
1689,Liam Rosenior,Defender,England,1984-07-09,178,\N
1690,Aaron Rowe,Midfielder,England,2000-09-07,\N,\N
1691,Rui Fonte,Forward,Portugal,1990-04-23,179,\N
1692,Abdelhamid Sabiri,Midfielder,Morocco,1996-11-28,186,\N
1693,Emiliano Sala,Forward,Argentina,1990-10-31,187,\N
1694,Martin Samuelsen,Midfielder,Norway,1997-04-17,189,\N
1695,Santi Cazorla,Midfielder,Spain,1984-12-13,168,\N
1696,Sean Scannell,Midfielder,Ireland,1990-09-17,176,\N
1697,Christopher Schindler,Defender,Germany,1990-04-29,188,\N
1698,Ryan Schofield,Goalkeeper,England,1999-12-11,190,\N
1699,André Schürrle,Midfielder,Germany,1990-11-06,184,\N
1700,Kyle Scott,Midfielder,United States,1997-12-22,172,\N
1701,Matz Sels,Goalkeeper,Belgium,1992-02-26,188,\N
1702,Samuel Sharrock-Peplow,Midfielder,England,2002-07-14,\N,\N
1703,Steve Sidwell,Midfielder,England,1982-12-14,178,\N
1704,Jiri Skalak,Midfielder,Czech Republic,1992-03-12,177,\N
1705,Adam Smith,Defender,England,1991-04-29,180,78
1706,Alex Smithies,Goalkeeper,England,1990-03-05,185,84
1707,Ben Stevenson,Midfielder,England,1997-03-23,183,\N
1708,Stuart Taylor,Goalkeeper,England,1980-11-28,198,\N
1709,Dusan Tadic,Forward,Serbia,1988-11-20,181,\N
1710,Taye Ashby-Hammond,Goalkeeper,England,1999-03-21,186,\N
1711,Kyle Taylor,Midfielder,England,1999-05-26,167,\N
1712,George Thomas,Midfielder,Wales,1997-03-24,173,\N
1713,Jared Thompson,Goalkeeper,Northern Ireland,1999-02-23,\N,\N
1714,Jón Thorsteinsson,Forward,Iceland,1998-11-26,177,\N
1715,Lee Tomlin,Forward,England,1989-01-12,180,\N
1716,Yaya Touré,Midfielder,Cote D’Ivoire,1983-05-13,188,\N
1717,Richard Towell,Midfielder,Ireland,1991-07-17,173,\N
1718,Shilow Tracey,Midfielder,England,1998-04-29,179,\N
1719,Armand Traore,Defender,Senegal,1989-10-08,185,\N
1720,Rajiv van La Parra,Midfielder,Netherlands,1991-06-04,181,\N
1721,Luciano Vietto,Forward,Argentina,1993-12-05,174,\N
1722,Anton Walkes,Defender,England,1997-02-08,187,\N
1723,Dean Whitehead,Midfielder,England,1982-01-12,180,\N
1724,Ben Whitfield,Midfielder,England,1996-02-28,165,\N
1725,Rhoys Wiggins,Defender,Wales,1987-11-04,173,\N
1726,Cauley Woodrow,Forward,England,1994-12-02,184,\N
1727,Mauro Zárate,Forward,Argentina,1987-03-18,176,\N
1728,Michal Zyro,Forward,Poland,1992-09-20,187,\N
