player_id,player_name,player_position,player_age,player_avg_yellow_cards,player_avg_red_cards,player_avg_fouls
1,"Max Aarons",Defender,22,7.5,0,28
2,"Tammy Abraham",Forward,25,1,0,19.5
3,"Adam Armstrong",Forward,25,1,0,13
4,"Che Adams",Forward,26,0.333333,0,25.3333
6,Adrián,Goalkeeper,35,0.5,0,0
7,"Sergio Agüero",Forward,34,1.33333,0,10.6667
9,"Ahmed El Mohamady",Defender,35,1.5,0,9.5
10,"Rayan Aït-Nouri",Defender,21,2.5,0,14.5
11,"Kristoffer Ajer",Defender,24,5,0,12
12,"Nathan Aké",Defender,27,2.25,0,13.5
13,"Marc Albrighton",Midfielder,32,2.5,0,8
14,"Toby Alderweireld",Defender,33,4,0,15
17,"Alex Telles",Defender,29,0.5,0,13.5
18,"Trent Alexander-Arnold",Defender,24,3,0,17.25
19,"Ezgjan Alioski",Defender,30,7,0,39
20,Alisson,Goalkeeper,30,0.5,0.25,0.5
21,Allan,Midfielder,31,6.5,0.5,33.5
22,"Dele Alli",Midfielder,26,2.5,0,16.5
23,"Miguel Almirón",Midfielder,28,2.5,0,17.75
24,"Marcos Alonso",Defender,31,5,0,20.5
27,"Álvaro Fernández",Goalkeeper,24,0,0,0
29,"Steven Alzate",Midfielder,24,1,0,14.3333
30,"Daniel Amartey",Defender,27,3,0,7.66667
31,"Ethan Ampadu",Defender,22,3,0,25
32,"Joachim Andersen",Defender,26,5.5,0.5,29
34,"Florin Andone",Forward,29,2.5,0.5,15
35,"André Gomes",Midfielder,29,4.75,0,36.5
36,"Andreas Pereira",Midfielder,26,4,0,19.5
38,Angeliño,Defender,25,1,0,2
39,"Faustino Anjorin",Midfielder,20,0,0,0
40,"Michail Antonio",Forward,32,3.75,0.25,38.5
43,"Cameron Archer",Forward,20,0,0,3
44,"Alphonse Areola",Goalkeeper,29,1,0,0
45,"Stuart Armstrong",Midfielder,30,2.5,0,22.5
46,"Kepa Arrizabalaga",Goalkeeper,28,0.75,0,0
47,"Harrison Ashby",Defender,20,0,0,0
50,"Christian Atsu",Midfielder,30,2,0,12
51,"Pierre-Emerick Aubameyang",Forward,33,2,0.25,13.75
52,"Sèrge Aurier",Defender,29,1,0.333333,27
56,"Jordan Ayew",Forward,31,3.75,0,43.25
57,"Luke Ayling",Defender,31,5.5,0.5,25.5
59,"César Azpilicueta",Defender,33,3.25,0.25,34
62,"Daniel Bachmann",Goalkeeper,28,0,0,1
63,"Leon Bailey",Forward,25,3,0,12
64,"Eric Bailly",Defender,28,1,0.25,4.75
68,"Fabián Balbuena",Defender,31,1.66667,0.333333,12.3333
70,"Gareth Bale",Forward,33,1,0,9
71,"Folarin Balogun",Forward,21,0,0,0
73,"Patrick Bamford",Forward,29,2.5,0,20.5
76,"Shandon Baptiste",Midfielder,24,0,1,6
78,"Phil Bardsley",Defender,37,5.66667,0,21.6667
79,"Ross Barkley",Midfielder,28,0.25,0,9.75
80,"Ashley Barnes",Forward,32,5,0,39
83,"Lewis Bate",Midfielder,19,0,0,3
84,"Michy Batshuayi",Forward,29,0,0,7.66667
86,"Mads Bech Sørensen",Defender,23,3,0,8
88,"Jan Bednarek",Defender,26,6.5,0.25,28.75
89,"Asmir Begovic",Goalkeeper,35,0,0,0
90,"Héctor Bellerín",Defender,27,4.33333,0,17.3333
91,"Ben Gibson",Defender,29,2,0.5,7
95,"Saïd Benrahma",Forward,27,0,0,11.5
96,"Josh Benson",Midfielder,22,0,0,4
97,"Rodrigo Bentancur",Midfielder,25,5,0,22
98,"Christian Benteke",Forward,31,2.25,0.5,23.5
99,"Gaetano Berardi",Defender,34,0,0,1
101,"Steven Bergwijn",Forward,25,2,0,12
103,Bernard,Forward,30,3,0,14
104,Bernardo,Defender,27,1.66667,0,7
105,"Bernardo Silva",Midfielder,28,4.75,0,25.25
106,"Ryan Bertrand",Defender,33,4.25,0.25,21.25
107,"Muhamed Besic",Midfielder,30,2,0,6
108,"Marcus Bettinelli",Goalkeeper,30,1,0,0
109,"Mads Bidstrup",Midfielder,21,0,0,1
112,"Yves Bissouma",Midfielder,26,6.75,0.25,39
120,"Willy Boly",Defender,31,1.5,0.5,18.75
122,"Jarrod Bowen",Forward,25,2,0,14.6667
124,"Jarrad Branthwaite",Defender,20,0,0.5,3.5
127,"Nathan Broadhead",Forward,24,0,0,0
128,"Armando Broja",Forward,21,1,0,14.5
129,"Josh Brownhill",Midfielder,26,4.66667,0,27
130,"Bruno Fernandes",Midfielder,28,6,0,28.3333
131,"Bruno Guimarães",Midfielder,24,4,0,13
132,"Bruno Jordão",Midfielder,23,0,0,0
133,"Lewis Brunt",Midfielder,21,0,0,0
134,"Emiliano Buendía",Midfielder,25,3.5,0.5,26.5
136,"Dan Burn",Defender,30,6,0,31
138,"Jack Butland",Goalkeeper,29,0,0,0
139,"Willy Caballero",Goalkeeper,41,0.25,0,0
140,"Gary Cahill",Defender,36,1.33333,0,8.66667
141,"Moisés Caicedo",Midfielder,20,2,0,7
144,"Dominic Calvert-Lewin",Forward,25,4.25,0,36.25
146,"Chem Campbell",Midfielder,19,0,0,0
147,"Sergi Canós",Forward,25,6,1,28
148,"Todd Cantwell",Midfielder,24,4,0,18.5
150,"Carlos Vinícius",Forward,27,2,0,11
151,"Andy Carroll",Forward,33,1.33333,0,13.3333
152,"Scott Carson",Goalkeeper,37,0,0,0
155,"Matty Cash",Defender,25,7,0.5,36.5
156,"Timothy Castagne",Defender,26,1,0,17.5
157,"Craig Cathcart",Defender,33,4,0,14
158,"Edinson Cavani",Forward,35,2,0,14
159,"Dani Ceballos",Midfielder,26,2.5,0,21
160,"Cédric Soares",Defender,31,2.25,0,11.5
162,"Trevoh Chalobah",Defender,23,2,0,19
163,"Calum Chambers",Defender,27,3.75,0,18.25
166,"Daniel Chesters",Midfielder,20,0,0,0
167,"Ben Chilwell",Defender,25,2.5,0,23.5
168,Chiquinho,Forward,22,0,0,9
169,"Tahith Chong",Midfielder,22,0,0,1
170,"Hamza Choudhury",Midfielder,25,1,0.25,7.25
172,"Andreas Christensen",Defender,26,2.5,0.25,11.25
174,"Carney Chukwuemeka",Midfielder,18,0,0,2.5
176,"CJ Egan-Riley",Defender,19,0,0,0
177,"Ciaran Clark",Defender,33,2.25,0.25,9.25
181,"Tom Cleverley",Midfielder,33,2,0,17.3333
182,"Nathaniel Clyne",Defender,31,1.66667,0,5.33333
183,"Conor Coady",Defender,29,5,0,17.25
185,"Séamus Coleman",Defender,33,2,0.25,16.75
186,"Nathan Collins",Defender,21,2,1,20
187,"Aaron Connolly",Forward,22,0,0,7.33333
189,"Liam Cooper",Defender,31,4.5,0.5,21
190,"Theo Corbeanu",Forward,20,0,0,0
191,"Jack Cork",Midfielder,33,3.25,0,28.75
192,"Maxwel Cornet",Forward,26,2,0,20
195,"Vladimír Coufal",Defender,30,3,0.5,29
199,"Charlie Cresswell",Defender,20,1,0,3
201,"Cristiano Ronaldo",Forward,37,8,0,16
202,"Cucho Hernández",Forward,23,3,0,13
203,"Marc Cucurella",Defender,24,6,0,28
206,"Luke Cundle",Midfielder,20,0,0,3
207,"Patrick Cutrone",Forward,24,0,0,2.5
210,"Patson Daka",Forward,24,2,0,17
213,"Stuart Dallas",Defender,31,6,0,36.5
215,"Daniel Podence",Midfielder,26,1.66667,0,9
217,"Scott Dann",Defender,35,0.666667,0,5
218,"Karl Darlow",Goalkeeper,32,2,0,0.5
219,"Josh Dasilva",Midfielder,23,0,1,4
220,"David Luiz",Defender,35,3,1,26.3333
221,"Tom Davies",Midfielder,24,3.75,0,20.25
222,"Keinan Davis",Forward,24,0,0,5.33333
223,"Craig Dawson",Defender,32,4.33333,0.666667,28
226,"Kevin De Bruyne",Midfielder,31,2,0,21
227,"David de Gea",Goalkeeper,31,0.75,0,0.25
228,"Troy Deeney",Forward,34,2.33333,0.333333,26.3333
229,"Liam Delap",Forward,19,0,0,1
230,"Fabian Delph",Midfielder,32,1.75,0.5,8.75
232,"Emmanuel Dennis",Forward,24,7,1,59
235,"Kiernan Dewsbury-Hall",Midfielder,24,4,0,20
236,"Amad Diallo",Forward,20,0,0,2
237,"Luis Díaz",Forward,25,0,0,14
241,"Eric Dier",Defender,28,3,0,15.6667
242,"Lucas Digne",Defender,29,4.33333,0.666667,38.3333
243,"Diogo Dalot",Defender,23,2.33333,0,10.3333
244,"Diogo Jota",Forward,25,5,0,37.5
245,"Issa Diop",Defender,25,3.75,0,15.5
247,"Moussa Djenepo",Midfielder,24,4,0.333333,20.3333
248,"Lewis Dobbin",Forward,19,1,0,1
250,"Matt Doherty",Defender,30,2,0.25,22.25
251,"Domingos Quina",Midfielder,22,0,0,4
252,"Abdoulaye Doucouré",Midfielder,29,7,0,37.25
253,"Douglas Luiz",Midfielder,24,7.66667,0.333333,49
254,"Kieran Dowell",Midfielder,25,0,0,19
255,"Tommy Doyle",Midfielder,20,0,0,0
256,"Cody Drameh",Defender,20,1,0,2
257,"Danny Drinkwater",Midfielder,32,1,0,8
259,"Josip Drmic",Forward,30,0,1,6
260,"Martin Dúbravka",Goalkeeper,33,0.5,0,0
261,"Shane Duffy",Defender,30,4.33333,0.333333,17
262,"Paul Dummett",Defender,31,1.75,0,6.75
263,"Lewis Dunk",Defender,30,5.25,1,18
264,"Jimmy Dunne",Defender,24,1,0,2
266,Ederson,Goalkeeper,29,2.75,0.25,1.5
267,"Odsonne Édouard",Forward,24,4,0,25
270,"Anwar El Ghazi",Forward,27,2.33333,0,15.3333
271,"Anthony Elanga",Forward,20,0,0,5
273,"Harvey Elliott",Midfielder,19,0,0,0.666667
274,"Mohamed Elyounoussi",Midfielder,28,2,0,19
275,Emerson,Defender,28,0.75,0,3.75
276,"Emerson Royal",Defender,23,5,0,28
277,"Björn Engels",Defender,28,1,0,5
278,"Christian Eriksen",Midfielder,30,3,0,10.3333
279,"Peter Etebo",Midfielder,26,3,0,8
280,"Jonny Evans",Defender,34,5,0.25,22.25
283,"Eberechi Eze",Midfielder,24,2,0,11.5
284,"Lukasz Fabianski",Goalkeeper,37,1.25,0,0.75
285,Fabinho,Midfielder,28,6.25,0,32.5
286,"Fábio Silva",Forward,20,1,0,16.5
288,"Akin Famewo",Defender,23,0,0,0
291,"Felipe Anderson",Midfielder,29,1.33333,0,14.6667
293,"Kiko Femenía",Defender,31,2.66667,0,16.6667
294,"Evan Ferguson",Forward,17,0,0,0
296,Fernandinho,Midfielder,37,4.75,0.5,25.5
299,"Junior Firpo",Defender,26,11,0,39
300,"William Fish",Defender,19,0,0,0
302,"Ashley Fletcher",Forward,27,0,0,1
305,"Phil Foden",Midfielder,22,0.25,0,10.75
306,"Wesley Fofana",Defender,21,4.5,0,22
308,"Pablo Fornals",Midfielder,26,3.33333,0,22.6667
309,"Adam Forshaw",Midfielder,31,5,0,26
310,"Marcus Forss",Forward,23,0,0,3
311,"Fraser Forster",Goalkeeper,34,0.333333,0,0.333333
312,"Ben Foster",Goalkeeper,39,0.666667,0,1.66667
313,"Tariqe Fosu-Henry",Midfielder,26,0,0,0
314,"Ryan Fraser",Midfielder,28,1.75,0.25,7.75
316,Fred,Midfielder,29,5,0,35.75
317,"Freddie Woodman",Goalkeeper,25,0,0,0
318,"Ryan Fredericks",Defender,30,3.75,0,12
319,"Christian Fuchs",Defender,36,1.33333,0,6.33333
321,"Gabriel Jesus",Forward,25,1.75,0,23.25
322,"Gabriel Magalhães",Defender,24,4,1,23
323,"Gabriel Martinelli",Forward,21,0.666667,0.333333,14
325,"Conor Gallagher",Midfielder,22,10.5,0,54
326,"Eric García",Defender,21,0.5,0,6.5
327,"Alejandro Garnacho",Midfielder,18,0,0,1
328,"James Garner",Midfielder,21,0,0,0
329,"Dwight Gayle",Forward,32,1,0,4.66667
330,"Jean-Philippe Gbamin",Midfielder,27,0,0,0.666667
332,"Rachid Ghezzal",Midfielder,30,3,0,13
333,"Saman Ghoddos",Forward,29,2,0,12
334,"Dimitris Giannoulis",Defender,26,2,0,16
336,"Morgan Gibbs-White",Midfielder,22,0.75,0,4.25
338,"Bryan Gil",Forward,21,0,0,1
342,"Billy Gilmour",Midfielder,21,0.666667,0,11
343,"Olivier Giroud",Forward,36,1,0,14.6667
344,"Ben Godfrey",Defender,24,4.5,0.5,16
347,"Joe Gomez",Defender,25,2.75,0,11
348,"Charlie Goode",Defender,27,3,0,5
350,"Dan Gosling",Midfielder,32,5.5,0,25
353,"Demarai Gray",Forward,26,1.66667,0,8.66667
354,"Jack Grealish",Midfielder,27,5.66667,0,30.3333
355,"Sam Greenwood",Forward,20,0,0,7
357,"Pascal Groß",Midfielder,31,2.25,0,17
359,"Vicente Guaita",Goalkeeper,35,1.75,0,0.5
360,"Jóhann Gudmundsson",Midfielder,31,0,0,9
361,"Marc Guéhi",Defender,22,4,0,14
362,"Mattéo Guendouzi",Midfielder,23,7.5,0,20.5
363,"Frédéric Guilbert",Defender,27,7,0,36
364,"Ilkay Gündogan",Midfielder,31,3,0,12.5
365,"Angus Gunn",Goalkeeper,26,0,0,0
370,"Grant Hanley",Defender,30,3,0,17
373,"Jack Harrison",Midfielder,25,2.5,0,28.5
374,"Joe Hart",Goalkeeper,35,0,0,0
376,"Kortney Hause",Defender,27,1.66667,0,11.6667
377,"Kai Havertz",Midfielder,23,2.5,0,33.5
380,"Tom Heaton",Goalkeeper,36,1.5,0,1
383,"Hélder Costa",Forward,28,1,0,13.6667
386,"Jeff Hendrick",Midfielder,30,4.33333,0.333333,16.3333
387,"Wayne Hennessey",Goalkeeper,35,0,0,0
388,"Rico Henry",Defender,25,2,0,20
390,"Onel Hernández",Midfielder,29,0,0,14
393,"Leo Hjelde",Defender,19,0,0,1
394,"Wesley Hoedt",Defender,28,2,0,15
395,"Ki-Jana Hoever",Defender,20,1,0,4
396,"Rob Holding",Defender,27,1.5,0.25,11
397,"Mason Holgate",Defender,25,4.33333,0.333333,15
398,"Nathan Holland",Midfielder,24,0,0,0
399,"Conor Hourihane",Midfielder,31,2,0,7.5
400,"Callum Hudson-Odoi",Midfielder,21,0.5,0,8.25
402,"Will Hughes",Midfielder,27,6.66667,0,41.6667
407,"Hwang Hee-Chan",Forward,26,2,0,29
408,"Pierre-Emile Højbjerg",Midfielder,27,6,0.5,47.5
409,"Adam Idah",Forward,21,0,0,4.5
410,"Kelechi Iheanacho",Forward,26,1.33333,0,18.3333
411,"Danny Ings",Forward,30,2.25,0,21.75
412,"Tim Iroegbunam",Midfielder,19,1,0,2
414,"Alex Iwobi",Forward,26,0.25,0,12.25
415,"José Izquierdo",Forward,30,1,0,6
417,"Alireza Jahanbakhsh",Forward,29,1,0,10.5
419,"Reece James",Defender,22,2.66667,0.333333,24.3333
420,"Vitaly Janelt",Midfielder,24,3,0,26
421,"Alexandre Jankewitz",Midfielder,20,0,1,1
422,"Pontus Jansson",Defender,31,7,0,15
430,"Raúl Jiménez",Forward,31,2,0,25.5
431,"João Cancelo",Defender,28,5,1,36
432,"João Moutinho",Midfielder,36,4.5,0.25,43.25
433,"João Pedro",Forward,21,0.5,0,7
434,"João Virgínia",Goalkeeper,23,0,0,0
435,Joelinton,Forward,26,6,0,40
438,"Ben Johnson",Defender,22,0.333333,0,4.66667
439,"Curtis Jones",Midfielder,21,0.666667,0,10.6667
440,Jonny,Defender,28,2.33333,0,13.3333
441,Jorginho,Midfielder,30,9,0,30
442,"José Sá",Goalkeeper,29,3,0,3
443,"James Justin",Defender,24,2.5,0,12
444,"Ozan Kabak",Defender,22,2.5,0,11
445,"Christian Kabasele",Defender,31,0.5,1,13.5
447,"Samuel Kalu",Forward,25,0,0,0
449,"Harry Kane",Forward,29,3.75,0,34
450,"N'Golo Kanté",Midfielder,31,4,0,34.5
454,"Edo Kayembe",Midfielder,24,0,0,4
455,Kayky,Forward,19,0,0,1
456,"Moise Kean",Forward,22,0.333333,0,9.33333
457,"Michael Keane",Defender,29,2.75,0.25,18.25
458,"Naby Keïta",Midfielder,27,1.5,0,23
459,"Caoimhín Kelleher",Goalkeeper,23,0,0,0
460,"Martin Kelly",Defender,32,0.666667,0,4.66667
461,Kenedy,Forward,26,0.5,0,9.5
463,"Jonjoe Kenny",Defender,25,0.666667,0.333333,6.33333
464,"Reda Khadra",Midfielder,21,0,0,0
465,"Kiko Casilla",Goalkeeper,36,0,0,0
466,"Maximilian Kilman",Defender,25,1.5,0,8.5
467,"Joshua King",Forward,30,1,0,31.3333
470,"Kristoffer Klaesson",Goalkeeper,21,0,0,0
471,"Mateusz Klich",Midfielder,32,5.5,0,43
472,"Timm Klose",Defender,34,0,0,8
474,"Robin Koch",Defender,26,2,0,19.5
475,"Sead Kolasinac",Defender,29,2,0,8
476,"Ibrahima Konaté",Defender,23,2,0,10
477,"Ezri Konsa",Defender,24,3.33333,0.666667,18
479,"Cheikhou Kouyaté",Midfielder,32,3.5,0,33
480,"Mateo Kovacic",Midfielder,28,4.75,0,19.75
483,"Emil Krafth",Defender,28,2,0,8
485,"Juraj Kucka",Midfielder,35,3,1,46
486,"Dejan Kulusevski",Midfielder,22,3,0,20
487,"Alexandre Lacazette",Forward,31,3.25,0,41
489,"Adam Lallana",Midfielder,34,1.5,0,10
490,"Erik Lamela",Midfielder,30,3,0.333333,25.6667
491,"Tariq Lamptey",Defender,22,2.66667,0.333333,20.3333
493,"Henri Lansbury",Midfielder,31,0,0,4
494,"Manuel Lanzini",Midfielder,29,1.5,0,7.25
495,"Aymeric Laporte",Defender,28,2.5,0.25,13.25
496,"Jamaal Lascelles",Defender,28,4.5,0,18
501,"Pierre Lees-Melou",Midfielder,29,5,0,35
502,"Florian Lejeune",Defender,31,0,0,8.5
504,"Mario Lemina",Midfielder,29,5,0,31.5
505,"Aaron Lennon",Midfielder,35,2.33333,0,13.6667
506,"Bernd Leno",Goalkeeper,30,0.5,0.25,0.5
508,"Thakgalo Leshabela",Midfielder,23,0,0,0
510,"Jamal Lewis",Defender,24,3,0,11.6667
512,"Victor Lindelöf",Defender,28,2.75,0,21
514,"Jesse Lingard",Midfielder,29,2.33333,0,18
515,"Tino Livramento",Defender,19,2,0,12
516,"Diego Llorente",Defender,29,4,0,19
517,"Hugo Lloris",Goalkeeper,35,0.5,0,0
518,"Giovani Lo Celso",Midfielder,26,3.66667,0,16.3333
519,"Jürgen Locadia",Forward,28,0.333333,0,7.66667
520,"Ruben Loftus-Cheek",Midfielder,26,1,0,14.75
522,"Kevin Long",Defender,32,0.75,0,5.75
525,"Ademola Lookman",Forward,24,2.33333,0,27
527,"Jonas Lössl",Goalkeeper,33,0.5,0,0
528,"Imrân Louza",Midfielder,23,6,0,24
529,"Matthew Lowton",Defender,33,4.25,0.25,17
530,"Lucas Moura",Forward,30,2.75,0,24.5
531,"Romelu Lukaku",Forward,29,2.5,0,13
532,Lyanco,Defender,25,2,0,13
535,"Alexis Mac Allister",Midfielder,23,1.66667,0,17.6667
536,"James Maddison",Midfielder,25,3.5,0.25,25.5
538,"Harry Maguire",Defender,29,7.5,0.5,28.5
539,"Riyad Mahrez",Forward,31,0,0,11.5
540,"Ainsley Maitland-Niles",Midfielder,25,1.75,0.5,10.75
543,"Sadio Mané",Forward,30,3.25,0,45.75
544,"Javier Manquillo",Defender,28,3.25,0,11.75
545,Marçal,Defender,33,2.5,0,20.5
547,"Solly March",Midfielder,28,1,0,24
549,"Pablo Marí",Defender,29,1,0,3.66667
552,"Anthony Martial",Forward,26,0.75,0.25,14.25
553,"Josh Martin",Forward,21,0,0,1
554,"Emiliano Martínez",Goalkeeper,30,2.33333,0,0.333333
555,"Adam Masina",Defender,28,2.66667,0,19
556,"Arthur Masuaku",Defender,28,2.25,0.25,11
558,"Juan Mata",Midfielder,34,1,0,5
559,"Jean-Philippe Mateta",Forward,25,1,0,9.5
560,"Nemanja Matic",Midfielder,34,3.5,0.25,23.5
561,"Joël Matip",Defender,31,1.75,0,10.5
564,"Matty Longstaff",Midfielder,22,0.5,0,4.5
565,"Neal Maupay",Forward,26,3.66667,0.333333,32.6667
566,"Konstantinos Mavropanos",Defender,24,1,0,2
568,"Bryan Mbeumo",Midfielder,23,4,0,20
571,"James McArthur",Midfielder,35,5,0,43.5
572,"James McAtee",Midfielder,19,0,0,1
573,"Kasey McAteer",Midfielder,20,0,0,0
576,"Liam McCarron",Midfielder,21,0,0,0
577,"James McCarthy",Midfielder,31,3.33333,0,12.3333
580,"John McGinn",Midfielder,27,7.66667,0,45.6667
582,"Michael McGovern",Goalkeeper,38,0,0,0
583,"Stuart McKinstry",Midfielder,20,0,0,0
584,"Kenny McLean",Midfielder,30,4,0,20
585,"Dwight McNeil",Midfielder,22,2.25,0,17.75
586,"Scott McTominay",Midfielder,25,3.75,0,37.25
587,"Ben Mee",Defender,33,5.5,0,19
588,"Hannibal Mejbri",Midfielder,19,1,0,1.5
589,"Édouard Mendy",Goalkeeper,30,2.5,0,1
591,"Illan Meslier",Goalkeeper,22,1,0,0.5
593,"Luka Milivojevic",Midfielder,31,7.75,0.25,40.75
594,"James Milner",Midfielder,36,3.5,0.25,18.75
595,"Yerry Mina",Defender,28,2.75,0,15
596,"Takumi Minamino",Midfielder,27,0.666667,0,7.33333
597,"Tyrone Mings",Defender,29,5.5,0.25,17
598,"Tyrick Mitchell",Defender,23,1,0,8.33333
601,"Jakub Moder",Midfielder,23,1,0,15.5
602,"Mohamed Elneny",Midfielder,30,1.33333,0,5.33333
603,"Mohamed Salah",Forward,30,0.75,0,19
604,"Jayson Molumby",Midfielder,23,0,0,0
609,"Wes Morgan",Defender,38,0.333333,0.666667,7.33333
611,"Tyler Morton",Midfielder,19,1,0,1
612,"Victor Moses",Midfielder,31,0,0,1
615,"Mason Mount",Midfielder,23,3,0,39
616,"Bali Mumba",Defender,21,0,0,0
617,"Joel Mumbongo",Forward,23,1,0,1
620,"Jacob Murphy",Midfielder,27,2.33333,0,14.3333
621,"Glenn Murray",Forward,39,2.5,0,47.5
623,"Yoshinori Muto",Forward,30,0.5,0,7.5
624,"Enock Mwepu",Midfielder,24,2,0,18
625,"Vitaliy Mykolenko",Defender,23,0,0,13
626,"Daniel N'Lundulu",Forward,23,0,0,6
627,"Marvelous Nakamba",Midfielder,28,4.33333,0,16.6667
629,"Marc Navarro",Defender,27,0,0,1
630,"Wilfred Ndidi",Midfielder,25,6,0,46.5
631,"Tanguy Ndombélé",Midfielder,25,2.33333,0,14.3333
632,"Reiss Nelson",Forward,22,0.333333,0,3.33333
633,"Nélson Semedo",Defender,28,3,0,32
634,"Jeremy Ngakia",Defender,22,0,0,7
635,"Saúl Ñíguez",Midfielder,27,1,0,9
636,"Eddie Nketiah",Forward,23,0.75,0.25,11
637,"Nicolas Nkoulou",Defender,32,0,0,1
638,"Niels Nkounkou",Defender,21,1,0,1
639,"Mark Noble",Midfielder,35,3,0.25,15.75
640,"Mathias Normann",Midfielder,26,6,0,37
641,"Will Norris",Goalkeeper,29,0,0,0
642,"Nuno Tavares",Defender,22,2,0,23
643,"Ørjan Nyland",Goalkeeper,32,0,0,0
644,"Christian Nørgaard",Midfielder,28,8,0,56
647,"Michael Obafemi",Forward,22,0.666667,0,4.66667
651,"Angelo Ogbonna",Defender,34,3,0,17.5
660,"Michael Olise",Midfielder,20,4,0,16
661,"Robin Olsen",Goalkeeper,32,0.5,0,0
663,"Andrew Omobamidele",Defender,20,1,0,3
667,"Tyler Onyango",Midfielder,19,0,0,0
668,"Frank Onyeka",Midfielder,24,4,0,33
669,"Divock Origi",Forward,27,0.25,0,4
671,"Owen Otasowie",Midfielder,21,1,0,3
674,"Alex Oxlade-Chamberlain",Midfielder,29,0.25,0,7.5
676,"Pablo Hernández",Midfielder,37,1,0,1
677,"Cole Palmer",Midfielder,20,0,0,1
680,"Troy Parrott",Forward,20,0,0,0
681,"Thomas Partey",Midfielder,29,5,0,25.5
685,"Bailey Peacock-Farrell",Goalkeeper,25,0,0,0
687,"Pedro Neto",Forward,22,3.33333,0,13.3333
690,"Nicolas Pépé",Forward,27,1.66667,0.333333,11
691,"Ayoze Pérez",Forward,29,1,0.25,28.25
693,"Sonny Perkins",Forward,18,0,0,0
694,"Romain Perraud",Defender,25,3,0,31
696,"Philippe Coutinho",Midfielder,30,0,0,8
697,"Kalvin Phillips",Midfielder,26,7,0,39.5
698,"Jaden Philogene-Bidace",Midfielder,20,0,0,0
699,"Jordan Pickford",Goalkeeper,28,1.5,0,0.75
700,"Erik Pieters",Defender,34,1.33333,0,20.3333
701,"Ethan Pinnock",Defender,29,1,0,9
702,"Przemyslaw Placheta",Midfielder,24,1,0,1
705,"Paul Pogba",Midfielder,29,4.25,0.25,40
707,"Nick Pope",Goalkeeper,30,1,0,0.666667
710,"Ian Poveda-Ocampo",Forward,22,0,0,5
712,"Dennis Praet",Midfielder,28,1,0,15
714,"Isaac Price",Midfielder,19,0,0,0
715,"Davy Pröpper",Midfielder,31,2,0,21.6667
716,"Teemu Pukki",Forward,32,3.5,0,27
717,"Christian Pulisic",Midfielder,24,1.33333,0,14
718,"Ignacio Pussetto",Forward,26,1,0,3
725,"Kayne Ramsay",Defender,22,0.5,0,0.5
726,"Aaron Ramsdale",Goalkeeper,24,0.666667,0,0.333333
727,"Jacob Ramsey",Midfielder,21,3,0,22.5
728,"Darren Randolph",Goalkeeper,35,0,0,0
729,Raphinha,Forward,25,5,0,26.5
730,"Marcus Rashford",Forward,24,3,0.25,21.25
731,"Milot Rashica",Midfielder,26,0,0,23
732,"David Raya",Goalkeeper,27,1,0,1
733,"Nathan Redmond",Midfielder,28,1.5,0,24.75
734,"Sergio Reguilón",Defender,25,4.5,0,24
737,"Ricardo Pereira",Defender,29,3.5,0,27.5
738,"Declan Rice",Midfielder,23,5,0,26.75
739,"Taylor Richards",Midfielder,21,0,0,1
740,"Lewis Richardson",Forward,19,0,0,0
741,Richarlison,Forward,25,6.5,0.5,36
742,"Jairo Riedewald",Defender,26,1.33333,0,8.33333
743,"Matt Ritchie",Midfielder,33,5,0,26.5
744,"Robbie Brady",Midfielder,30,2.33333,0.333333,13.6667
745,"Roberto Firmino",Forward,31,1.25,0,24
747,"Andrew Robertson",Defender,28,3.25,0.25,19.5
748,"Joe Rodon",Defender,24,0,0,1
749,Rodri,Midfielder,26,6.33333,0,43.3333
750,Rodrigo,Forward,31,6,0,20
751,"Jay Rodríguez",Forward,33,2.33333,0,29.3333
752,"Mads Roerslev",Defender,23,1,0,18
755,"Oriol Romeu",Midfielder,31,7.75,0,40.25
757,"Salomón Rondón",Forward,33,2,0.5,17
758,"Danny Rose",Defender,32,5.33333,0,20.3333
760,"Rúben Dias",Defender,25,4.5,0,24
761,"Rúben Neves",Midfielder,25,8.5,0,34.25
762,"Rúben Vinagre",Defender,23,0.666667,0,7
763,"John Ruddy",Goalkeeper,35,0,0,0
764,"Antonio Rüdiger",Defender,29,4.75,0,24.5
765,"Rui Patrício",Goalkeeper,34,0.333333,0,0
766,"Rúnar Rúnarsson",Goalkeeper,27,0,0,0
767,"Lukas Rupp",Midfielder,31,0.5,0,8.5
768,"Mathew Ryan",Goalkeeper,30,1,0,0.666667
769,"Allan Saint-Maximin",Forward,25,2,0,16.6667
770,"Romain Saïss",Defender,32,6.25,0.25,32.25
772,"Bukayo Saka",Midfielder,21,3.25,0,22.25
773,"Mamadou Sakho",Defender,32,1,0.333333,3.33333
775,"Mohammed Salisu",Defender,23,4.5,0.5,24
776,"Sam Byram",Defender,29,3.5,0,14
777,"Mbwana Samatta",Forward,29,1,0,9
778,"Albert Sambi Lokonga",Midfielder,22,5,0,12
779,Samir,Defender,27,4,0,17
780,"Robert Sánchez",Goalkeeper,24,3,0.5,1.5
781,"Jadon Sancho",Forward,22,0,0,4
784,"Morgan Sanson",Midfielder,28,1.5,0,4.5
785,"Joshua Sargent",Forward,22,1,0,9
787,"Jeremy Sarmiento",Forward,20,0,0,0
788,"Malang Sarr",Defender,23,2,0,8
790,"Dane Scarlett",Forward,18,0,0,0
791,"Fabian Schär",Defender,30,6.25,0.25,25.75
793,"Jeffrey Schlupp",Midfielder,29,1.75,0,23.25
794,"Kasper Schmeichel",Goalkeeper,35,1.75,0,0
795,"Sean Longstaff",Midfielder,24,1.75,0.25,15
796,"Ken Sema",Midfielder,29,1,0,14
797,"Ryan Sessegnon",Midfielder,22,0.666667,0,14.3333
799,"Jamie Shackleton",Midfielder,23,2,0,8
800,"Xherdan Shaqiri",Midfielder,31,1.33333,0,7
802,"Luke Shaw",Defender,27,8.5,0,34.75
803,"Jonjo Shelvey",Midfielder,30,4,0.25,21
805,"Shola Shoretire",Forward,18,0,0,0
806,"Sidnei Tavares",Midfielder,21,0,0,1
807,"Francisco Sierralta",Defender,25,0,0,4
808,"Gylfi Sigurdsson",Midfielder,33,2.66667,0,29.6667
811,"Ellis Simms",Forward,21,0,0,0
816,"Moussa Sissoko",Midfielder,33,4.5,0,31.25
818,"Oliver Skipp",Midfielder,22,2,0,7
821,"William Smallbone",Midfielder,22,0,0,2.33333
823,"Emile Smith Rowe",Midfielder,22,0.333333,0,3.33333
825,"Son Heung-Min",Forward,30,1,0.5,14.25
829,"Tomás Soucek",Midfielder,27,3.33333,0.333333,39.6667
830,"Boubakary Soumaré",Midfielder,23,0,0,16
832,"Çaglar Söyüncü",Defender,26,3,0.25,20.25
833,"Jason Steele",Goalkeeper,32,0,0,0
834,"Jed Steer",Goalkeeper,30,0,0,0
835,"Zack Steffen",Goalkeeper,27,0,0,0.5
836,"Dale Stephens",Midfielder,33,4,0.25,24.75
838,"Finley Stevens",Defender,19,0,0,0
840,"Marco Stiepermann",Forward,31,6,0,22
842,"John Stones",Defender,28,0.25,0.25,5.25
845,"Pascal Struijk",Defender,23,4.5,0.5,25.5
846,"Isaac Success",Forward,26,2.5,0,13
848,"Crysencio Summerville",Midfielder,20,0,0,1
851,"Jacob Sørensen",Midfielder,24,0,0,7
853,"Japhet Tanganga",Defender,23,1.66667,0.333333,12.6667
854,"Matt Targett",Defender,27,4,0,21.25
855,"James Tarkowski",Defender,29,8.75,0,35.25
856,"Percy Tau",Forward,28,0,0,0
857,"Neil Taylor",Defender,33,1.5,0,4.5
858,"Allan Tchaptchet",Defender,20,0,0,0
860,"Nathan Tella",Midfielder,23,1.33333,0,11
861,Thiago,Midfielder,31,3,0,33.5
862,"Thiago Silva",Defender,38,2.5,0.5,12.5
864,"Dominic Thompson",Defender,22,0,0,1
865,"Youri Tielemans",Midfielder,25,3.25,0,27.75
866,"Kieran Tierney",Defender,25,2,0,9
867,"Tim Krul",Goalkeeper,34,2.5,0,0.5
869,"Takehiro Tomiyasu",Defender,23,2,0,16
870,"James Tomkins",Defender,33,3.5,0,10
872,"Fikayo Tomori",Defender,24,1.5,0,4
873,"Ivan Toney",Forward,26,8,0,50
874,"Tony Springett",Midfielder,20,1,0,1
875,"Lucas Torreira",Midfielder,26,7,0.5,31
876,"Ferran Torres",Forward,22,0.5,0,8.5
877,"Cenk Tosun",Forward,31,1,0,6.5
878,Toti,Defender,23,1,0,2
879,"Andros Townsend",Midfielder,31,1,0,14.25
881,"Bertrand Traoré",Forward,27,0.5,0,15.5
882,Trézéguet,Midfielder,28,0.666667,0.333333,24.6667
883,Trincão,Forward,22,0,0,13
884,"Kieran Trippier",Defender,32,1,0,11.5
885,"William Troost-Ekong",Defender,29,3,0,13
886,"Leandro Trossard",Forward,27,1.33333,0,21.6667
889,"Tom Trybull",Midfielder,29,2,0,26
890,"Konstantinos Tsimikas",Defender,26,1.5,0,10.5
892,"Axel Tuanzebe",Defender,24,1,0,4
893,"Ozan Tufan",Midfielder,27,0,0,9
896,"Christos Tzolis",Forward,20,0,0,2
899,"Cengiz Ünder",Forward,25,0,0,1
902,"Yan Valery",Defender,23,1,0.25,9.5
903,"Patrick van Aanholt",Defender,32,1.66667,0,10.6667
904,"Donny van de Beek",Midfielder,25,1,0,7
906,"Virgil van Dijk",Defender,31,1.5,0,10.25
909,"Raphaël Varane",Defender,29,0,0,5
910,"Jamie Vardy",Forward,35,2,0.25,19.5
911,"Indiana Vassilev",Midfielder,21,0,0,0
912,"Joël Veltman",Defender,30,4.5,0,36.5
913,"Jannik Vestergaard",Defender,30,2.5,0.25,12.25
914,Vitinha,Midfielder,22,0,0,8
915,"Nikola Vlasic",Midfielder,25,0,0,8
916,"Jake Vokins",Defender,22,0,0,1
917,"Mario Vrancic",Midfielder,33,3,0,13
918,"Matej Vydra",Midfielder,30,0.5,0,5.75
919,"Theo Walcott",Forward,33,0.5,0,8.25
921,"Kyle Walker-Peters",Defender,25,2.75,0,17.75
924,"Aaron Wan-Bissaka",Defender,24,4.25,0.25,22.5
926,"Joel Ward",Defender,32,4.5,0,21.5
927,"James Ward-Prowse",Midfielder,27,5.25,0.25,36.5
928,"Ollie Watkins",Forward,26,4.5,0.5,40
929,"Caleb Watts",Midfielder,20,1,0,0
930,"Adam Webster",Defender,27,4.33333,0,17.6667
931,"Wout Weghorst",Forward,30,3,0,30
933,"Danny Welbeck",Forward,31,0,0,12
936,"Timo Werner",Forward,26,1.5,0,19.5
937,Wesley,Forward,25,1,0,14.6667
938,"Ashley Westwood",Midfielder,32,7,0,31.75
940,"Ben White",Defender,25,3,0.5,24.5
942,"Connor Wickham",Forward,29,0,0,3.5
943,"Georginio Wijnaldum",Midfielder,31,1.33333,0,16
945,Willian,Forward,34,2,0,11.3333
946,"Willian José",Forward,30,0,0,8
947,"Joe Willock",Midfielder,23,0.75,0,14.75
948,"Ben Wilmot",Defender,22,0,0,0
949,"Harry Wilson",Midfielder,25,2,0,12
951,"Harry Winks",Midfielder,26,5,0,15.5
952,"Yoane Wissa",Midfielder,26,0,0,8
954,"Chris Wood",Forward,30,1,0,32.75
957,"Xande Silva",Forward,25,0,0,0
958,"Granit Xhaka",Midfielder,30,9.25,0.5,42.25
961,"Andrii Yarmolenko",Forward,32,2,0,8.25
963,"Nathan Young-Coombes",Forward,19,0,0,1
964,"Wilfried Zaha",Forward,29,5.75,0.5,40.25
966,Zanka,Defender,32,4,0,21.5
967,"Davide Zappacosta",Defender,30,0,0,2
968,"Andi Zeqiri",Forward,23,0,0,2
971,"Christoph Zimmermann",Defender,29,1.5,0,5
972,"Oleksandr Zinchenko",Midfielder,25,0.25,0.25,12
974,"Hakim Ziyech",Midfielder,29,3,0,21.5
975,"Kurt Zouma",Defender,27,3.25,0.25,19.5
977,"Martin Ødegaard",Midfielder,23,2,0,14
979,"Tosin Adarabioyo",Defender,25,1,0,16
981,"Adrien Silva",Midfielder,33,0,0,0
983,"Ahmed Hegazy",Defender,31,0,0,0
984,"Semi Ajayi",Defender,28,3,1,28
985,"Albian Ajeti",Forward,25,0,0,6
989,"Elliot Anderson",Midfielder,19,0,0,0
990,"Harry Arter",Midfielder,32,10,0,25
992,"Leighton Baines",Defender,37,0,0,1.5
993,"George Baldock",Defender,29,7,0,46.5
997,"Kyle Bartley",Defender,31,4,0,30
998,"Chris Basham",Defender,34,4.5,0,25.5
1000,"Ryan Bennett",Defender,32,7,0,22
1001,"Nabil Bentaleb",Midfielder,27,2,0,19
1002,"Sander Berge",Midfielder,24,2,0,16
1004,"Jayden Bogle",Defender,22,2,0,15
1008,"Sofiane Boufal",Midfielder,29,2,0,25
1010,"Claudio Bravo",Goalkeeper,39,0,0,0
1011,"Rhian Brewster",Forward,22,1,0,18
1014,"Joe Bryan",Defender,29,3.5,0,17.5
1016,"Oliver Burke",Forward,25,2,0,23
1018,"David Button",Goalkeeper,33,0,0,0
1019,"Oskar Buur",Defender,24,0,0,0
1020,"Tom Cairney",Midfielder,31,1,0,6.5
1023,"Cyrus Christie",Defender,30,7,0,29
1024,"Leon Clarke",Forward,37,0,0,0
1028,"Kevin Danso",Defender,24,0,1,4
1029,"Bobby De Cordova-Reid",Forward,29,3.5,0,21.5
1031,"Fousseni Diabaté",Midfielder,26,0,0,0
1033,"Mbaye Diagne",Forward,30,2,0,17
1035,"Grady Diangana",Midfielder,24,0,0,7.5
1041,"Kyle Edwards",Midfielder,24,0,0,1
1042,"John Egan",Defender,29,5,1,31.5
1045,"Fábio Carvalho",Midfielder,20,0,0,4
1046,Fabri,Goalkeeper,34,0,0,0
1048,"Nathan Ferguson",Defender,22,0,0,0
1049,"Federico Fernández",Defender,33,3.5,0,11.25
1050,"Sam Field",Midfielder,24,0,0,2
1051,"John Fleck",Midfielder,31,6,0,29
1053,"Timothy Fosu-Mensah",Defender,24,1.66667,0,4.33333
1054,"Juan Foyth",Defender,24,2,0.5,9
1055,"Tyrese Francois",Midfielder,22,0,0,0
1056,"Luke Freeman",Midfielder,30,2,0,6
1057,"Darnell Furlong",Defender,26,5,0,34
1060,"Paulo Gazzaniga",Goalkeeper,30,0.5,0,0.5
1061,"Gedson Fernandes",Midfielder,23,0,0,0
1062,"Kieran Gibbs",Defender,33,1,1,6
1068,"Kamil Grosicki",Midfielder,34,0,0,1
1070,"Antwoine Hackford",Forward,18,0,0,0
1071,"Sébastien Haller",Forward,28,0.5,0,35
1074,"Rekeem Harper",Midfielder,22,0,0,1
1077,"Michael Hector",Defender,30,2,0,5
1078,"George Hirst",Forward,23,0,0,0
1081,"Odion Ighalo",Forward,33,0,0,0.5
1083,"Ivan Cavaleiro",Forward,28,1.5,0,21.5
1084,"Branislav Ivanovic",Defender,38,2,0,11
1085,"Phil Jagielka",Defender,40,0.333333,0.666667,3.66667
1087,"Daniel Jebbison",Forward,19,0,0,6
1089,"Roberto Jiménez",Goalkeeper,36,0,0,0
1090,"Stefan Johansen",Midfielder,31,4,0,6
1092,"Sam Johnstone",Goalkeeper,29,1,0,1
1093,Jota,Midfielder,31,0,0,6
1094,"Aboubakar Kamara",Forward,27,1.5,0.5,16.5
1095,"Beram Kayal",Midfielder,34,4,0,18
1096,"Neeskens Kebano",Midfielder,30,0,0,1.5
1098,"Anthony Knockaert",Midfielder,30,4,1,22
1099,"Terence Kongolo",Defender,28,2,0,10.5
1100,"Filip Krovinovic",Midfielder,27,0,0,5
1103,"Valentino Lazaro",Defender,26,0,1,3
1104,"Maxime Le Marchand",Defender,32,3.5,0,15.5
1107,"Jake Livermore",Midfielder,32,2,1,30
1110,"Dejan Lovren",Defender,33,1,0,3.5
1111,"Max Lowe",Defender,25,1,0,10
1113,"John Lundstram",Midfielder,28,6.5,0.5,25.5
1118,"Josh Maja",Forward,23,0,0,8
1120,"David Martin",Goalkeeper,36,1,0,0
1121,"Matheus Pereira",Midfielder,26,2,1,34
1122,"Alfie Mawson",Defender,28,2,0,6
1123,"Oliver McBurnie",Forward,26,3,0,26
1125,"Kevin McDonald",Midfielder,33,4,1,12
1127,"David McGoldrick",Forward,34,4.5,0,37.5
1131,"Max Meyer",Midfielder,27,2,0,8
1134,"Aleksandar Mitrovic",Forward,28,5,0,41.5
1135,"Henrikh Mkhitaryan",Midfielder,33,1,0,14.5
1136,"Martín Montoya",Defender,31,4.5,0,28
1137,"Simon Moore",Goalkeeper,32,0,0,0
1138,"Aaron Mooy",Midfielder,32,2.5,0.5,19.5
1139,"Lys Mousset",Forward,26,0.666667,0,12.6667
1141,"Shkodran Mustafi",Defender,30,3.66667,0,19
1142,"Iliman Ndiaye",Midfielder,22,0,0,0
1145,"Oliver Norwood",Midfielder,31,7,0,29
1146,"Jack O'Connell",Defender,28,2,0,11
1149,"Dara O'Shea",Defender,23,3,0,13
1150,"Denis Odoi",Defender,34,2.5,0,22
1152,"Ola Aina",Defender,26,3,0,32
1154,"Josh Onomah",Midfielder,25,1,0,12
1156,"Ben Osborn",Midfielder,28,0.5,0,9.5
1158,"Nicolás Otamendi",Defender,34,2,0,14.5
1159,"Mesut Özil",Midfielder,33,1.5,0,12
1160,"Sokratis Papastathopoulos",Defender,34,9,0,28
1162,Pedro,Forward,35,1.5,0,12.5
1163,"Lee Peltier",Defender,35,2.5,0,9.5
1164,"Pepe Reina",Goalkeeper,40,1,0,1
1165,"Brandon Pierrick",Forward,20,0,0,0
1168,"Tim Ream",Defender,35,0.5,0,7.5
1169,"Harrison Reed",Midfielder,27,5,0,40
1171,"Antonee Robinson",Defender,25,4,1,20
1172,"Hal Robson-Kanu",Forward,33,2,0,15
1173,"Marek Rodák",Goalkeeper,25,0,0,0
1174,"Jack Rodwell",Midfielder,31,0,0,0
1175,"Marcos Rojo",Defender,32,1.5,0,2.5
1178,"Leroy Sané",Forward,26,0.5,0,4.5
1179,"Romaine Sawyers",Midfielder,30,2,0,18
1180,"Ezequiel Schelotto",Defender,33,2,0,7
1181,"Jean Michaël Seri",Midfielder,31,6,0,32
1182,"Femi Seriki",Defender,20,0,0,0
1184,"Billy Sharp",Forward,36,1,0.5,17
1187,"Djibril Sidibé",Defender,30,3,0,24
1188,"David Silva",Midfielder,36,1.5,0,23
1190,"Islam Slimani",Forward,34,0,0,0
1191,"Chris Smalling",Defender,32,1,0,22
1193,"Robert Snodgrass",Midfielder,35,5.33333,0,21.3333
1198,"Raheem Sterling",Forward,27,3.25,0,31.25
1203,"Kenny Tete",Defender,27,3,0,28
1204,"Max Thompson",Forward,20,0,0,0
1208,"Jan Vertonghen",Defender,35,2.5,0.5,8.5
1209,"Michel Vorm",Goalkeeper,38,0,0,0
1210,"Neco Williams",Defender,21,0.666667,0,2.66667
1211,"Jack Wilshere",Midfielder,30,1,0,4
1213,"DeAndre Yedlin",Defender,29,3,0.333333,17.6667
1214,"Okay Yokuslu",Midfielder,28,4,0,25
1215,"Maya Yoshida",Defender,34,0.5,0,3.5
1216,"André-Frank Zambo Anguissa",Midfielder,26,3.5,0.5,33.5
1217,"Richairo Zivkovic",Forward,26,0,0,1
1218,"Kenneth Zohore",Forward,28,1,0,13
1225,"Ibrahim Amadou",Midfielder,29,1,0,8
1226,"Luke Amos",Midfielder,25,0,0,0
1227,"Marko Arnautovic",Forward,33,3,0,30
1231,"Charlie Austin",Forward,33,0.5,0,7
1234,"Antonio Barreca",Defender,27,0,0,0
1240,"Philip Billing",Midfielder,26,7.5,0,37.5
1243,"Gaëtan Bong",Defender,34,0,0,5.5
1244,"Borja Bastón",Forward,30,0,0,0
1245,"Artur Boruc",Goalkeeper,42,2,0,0
1247,"Miguel Britos",Defender,37,0,0,3
1248,"David Brooks",Midfielder,25,2,0,9.5
1250,Bruno,Defender,42,2,0,4
1251,"Kean Bryan",Defender,25,1,0,13
1257,"Víctor Camarasa",Midfielder,28,3,0,11.5
1259,"Etienne Capoue",Midfielder,34,11,0.5,52
1262,"Petr Cech",Goalkeeper,40,0,0,0
1264,Chicharito,Forward,34,1,0,4.5
1272,"Steve Cook",Defender,31,4.5,0.5,17
1275,"Aaron Cresswell",Defender,32,3.5,0,11.25
1277,"Peter Crouch",Forward,41,1,0,3
1280,"Charlie Daniels",Defender,36,2,0,3.5
1281,Danilo,Defender,31,1,0,10
1282,"Arnaut Danjuma",Forward,25,0,0,0
1283,"Matteo Darmian",Defender,32,0,0,3
1286,"Jermain Defoe",Forward,40,0,0,0
1287,"Steven Defour",Midfielder,34,0,0,1
1288,"Mousa Dembélé",Midfielder,35,1,0,12
1290,"Leander Dendoncker",Midfielder,27,3.5,0,21.5
1292,"Gerard Deulofeu",Forward,28,3,0,20.5
1293,"Mohamed Diamé",Midfielder,35,3,0,36
1297,"Luke Dreher",Midfielder,23,0,0,0
1298,"Ondrej Duda",Midfielder,27,0,0,9
1305,"Cesc Fàbregas",Midfielder,35,1,0,1
1306,"Ralf Fährmann",Goalkeeper,34,0,0,0
1307,"Marouane Fellaini",Midfielder,34,1,0,15
1311,"Dimitri Foulquier",Defender,29,0,0,0
1312,"Simon Francis",Defender,37,2,0.5,9
1314,"Kieron Freeman",Defender,30,0,0,1
1315,"Manolo Gabbiadini",Forward,30,0,0,9
1322,"Mason Greenwood",Forward,21,0.75,0,11
1324,"Idrissa Gueye",Midfielder,33,6,0,54
1331,"Ander Herrera",Midfielder,33,4,0,21
1335,"Gonzalo Higuaín",Forward,34,0,0,6
1338,"José Holebas",Defender,38,8.5,0.5,26
1345,"Jordon Ibe",Midfielder,26,0.5,0,4
1346,"Vicente Iborra",Midfielder,34,0,0,6
1350,"Daryl Janmaat",Defender,33,2,0,10.5
1351,"Vincent Janssen",Forward,28,0,0,2
1353,"Carl Jenkinson",Defender,30,0,0,1
1359,Joselu,Forward,32,1,0,5
1366,"Lloyd Kelly",Defender,24,2,0,7
1369,"Ki Sung-Yeung",Midfielder,33,1,0,6
1373,"Jonathan Kodjia",Forward,32,1,0,1
1374,"Vincent Kompany",Defender,36,6,0,17
1375,"Laurent Koscielny",Defender,37,1,0,9
1380,"Moritz Leitner",Midfielder,29,1,0,8
1381,"Léo Bonatini",Forward,28,0,0,0
1382,"Jefferson Lerma",Midfielder,27,11.5,0.5,42.5
1383,"Stephan Lichtsteiner",Defender,38,3,0,11
1385,"Fernando Llorente",Forward,37,2,0,12
1389,"Gary Madine",Forward,32,0,0,2
1393,"Adrian Mariappa",Defender,36,3.5,0.5,19.5
1394,"Lazar Markovic",Midfielder,28,0,0,1
1404,"Nampalys Mendy",Midfielder,30,3.25,0,16
1405,"Chris Mepham",Defender,24,1,0,9
1409,"Álvaro Morata",Forward,29,3,0,19
1410,"Alberto Moreno",Defender,30,0,0,1
1411,"Ravel Morrison",Midfielder,29,0,0,1
1413,"Nacho Monreal",Defender,36,2.5,0,9
1414,"Samir Nasri",Midfielder,35,0,0,3
1417,"Oumar Niasse",Forward,32,0,0,6.5
1418,"Georges-Kévin Nkoudou",Midfielder,27,0,0,0
1427,"Pedro Obiang",Midfielder,30,0,0,13
1429,"Stefano Okaka",Forward,33,1,0,1
1430,"Shinji Okazaki",Forward,36,0,0,6
1441,"Roberto Pereyra",Midfielder,31,3.5,0,24
1442,"Nathaniel Phillips",Defender,25,2,0,20
1446,"Sebastian Prödl",Defender,35,0,0,1
1448,"Jason David Ian Puncheon",Midfielder,36,1,0,12
1450,"Rafael Camacho",Midfielder,22,0,0,0
1453,"Aaron Ramsey",Midfielder,31,0,0,21
1456,"Diego Rico",Defender,29,3.5,0,14
1457,"Callum Robinson",Forward,27,0.5,0,7
1461,"Bakary Sako",Midfielder,34,0,0,1
1462,"Ismaïla Sarr",Forward,24,1.5,0,19.5
1464,"Morgan Schneiderlin",Midfielder,32,3,0.5,19.5
1467,"Jack Simpson",Defender,25,0,0,2
1468,"Josh Sims",Midfielder,25,0,0,1
1470,"Callum Slattery",Midfielder,23,0,0,4
1471,"Dominic Solanke",Forward,25,0.5,0,8.5
1472,"Pape Souaré",Defender,32,0,0,0
1474,"Julian Speroni",Goalkeeper,43,0,0,0
1475,"Dennis Srbeny",Forward,28,0,0,1
1476,"Jack Stacey",Defender,26,2,0,10
1477,"Junior Stanislas",Midfielder,32,1,0,5.5
1481,"Enda Stevens",Defender,32,6.5,0,36
1482,"Daniel Sturridge",Forward,33,1,0,5
1483,"Denis Suárez",Midfielder,28,0,0,0
1484,"Andrew Surman",Midfielder,36,1.5,0,4
1485,"Sam Surridge",Forward,24,0,0,1
1487,"Alexander Sørloth",Forward,26,0,0,4
1489,"Alexander Tettey",Midfielder,36,5,0,21
1492,"Adama Traoré",Forward,26,1.5,0,27.75
1493,"Mark Travers",Goalkeeper,23,0,0,0
1497,"Antonio Valencia",Defender,37,2,0,7
1498,"Jesús Vallejo",Defender,25,1,0,2
1499,"Sam Vokes",Forward,32,0,0,14
1500,"Kyle Walker",Defender,32,2.5,0,18.5
1502,"Victor Wanyama",Midfielder,31,1.5,0,5.5
1503,"Stephen Ward",Defender,37,1,0,2
1506,"Kelland Watts",Defender,22,0,0,0
1510,"Jetro Willems",Defender,28,0,0,10
1512,"Callum Wilson",Forward,30,4.75,0,40.75
1514,"Ashley Young",Defender,37,5,0.333333,22.3333
1515,"Pablo Zabaleta",Defender,37,3,0,12
1522,"Floyd Ayité",Midfielder,33,0,0,6
1523,"Ryan Babel",Forward,35,3,0,14
1524,"Leandro Bacuna",Midfielder,31,2,0,13
1526,"Leon Balogun",Defender,34,2,0,5
1527,"Sol Bamba",Defender,37,7,0,35
1529,"Joe Bennett",Defender,32,5,0,20
1546,"Chris Löwe",Defender,33,2,0,14
1547,"Ibrahima Cissé",Midfielder,28,0,0,1
1552,"Loïc Damour",Midfielder,31,0,0,1
1553,"Steven Davis",Midfielder,37,0,0,2
1556,"Laurent Depoitre",Forward,33,1,0,19
1558,"Adama Diakhaby",Forward,26,1,0,7
1563,"Demeaco Duhaney",Defender,23,0,0,0
1565,"Erik Durm",Defender,30,0,0,13
1567,"Bruno Ecuele Manga",Defender,34,0,0,15
1571,"Neil Etheridge",Goalkeeper,32,2,0,0
1578,"Sam Gallagher",Forward,27,0,0,4
1583,"Anthony Gordon",Forward,21,1.33333,0,11.6667
1584,"Jon Gorenc Stankovic",Defender,26,2,0,9
1588,"Karlan Grant",Forward,25,0.5,0,8.5
1590,"Greg Cunningham",Defender,31,3,0,8
1591,"Aron Gunnarsson",Midfielder,33,5,0,26
1592,"Florent Hadergjonaj",Defender,28,1,0,11
1595,"Ben Hamer",Goalkeeper,34,0,0,0
1596,"Kadeem Harris",Midfielder,29,1,0,4
1597,"Isaac Hayden",Midfielder,27,5,0.5,27.25
1598,"Eden Hazard",Forward,31,2,0,12
1599,"Rhys Healey",Forward,27,0,0,1
1601,"Jordan Henderson",Midfielder,32,1.5,0.25,22
1605,"Jonathan Hogg",Midfielder,33,8,1,58
1606,"Junior Hoilett",Midfielder,32,4,0,35
1614,"Emerson Hyndman",Midfielder,26,0,0,0
1619,"Matty James",Midfielder,31,0,0,0
1625,"Juninho Bacuna",Midfielder,25,4,0,33
1626,"Elias Kachunga",Forward,30,2,0,24
1647,"Isaac Mbenza",Forward,26,1,0,8
1650,"Nathaniel Mendez-Laing",Midfielder,30,0,0,7
1655,"Sean Morrison",Defender,31,6,0,32
1656,"Steve Mounié",Forward,28,1,1,32
1658,"Josh Murphy",Midfielder,27,2,0,14
1664,"Håvard Nordtveit",Defender,32,0,0,5
1674,"Callum Paterson",Forward,27,4,0,41
1677,"Lucas Pérez",Forward,34,0,0,5
1680,"Alex Pritchard",Midfielder,29,2,0,13
1681,"Collin Quaner",Forward,31,0,0,2
1683,"Joe Ralls",Midfielder,28,4,1,29
1684,"Ramadan Sobhi",Midfielder,25,0,0,0
1686,"Jazz Richards",Defender,31,0,0,0
1687,"Patrick Roberts",Midfielder,25,0,0,1
1690,"Aaron Rowe",Midfielder,22,0,0,2
1692,"Abdelhamid Sabiri",Midfielder,25,0,0,0
1697,"Christopher Schindler",Defender,32,4,1,26
1699,"André Schürrle",Midfielder,31,2,0,17
1705,"Adam Smith",Defender,31,6,0.5,21.5
1720,"Rajiv van La Parra",Midfielder,31,0,0,4
1721,"Luciano Vietto",Forward,28,1,0,13
